sample_index,source_stem,image_path,fold,target,raw_prediction,raw_prob_0,raw_prob_1,raw_prob_2,raw_prob_3,raw_prob_4,control_prediction,control_prob_0,control_prob_1,control_prob_2,control_prob_3,control_prob_4,candidate_prediction,candidate_prob_0,candidate_prob_1,candidate_prob_2,candidate_prob_3,candidate_prob_4
0,image_1,D:\DataAI\AIEx\newdataset\yolo_f\images\train\Image_1.jpg,0,4,4,0.15728330612182617,0.1868157833814621,0.19208766520023346,0.1500716507434845,0.313741534948349,4,0.08557809144258499,0.07488731294870377,0.09326165914535522,0.09563600271940231,0.6506369113922119,4,0.08989349007606506,0.07619816064834595,0.10067114233970642,0.10028643161058426,0.6329508423805237
6,image_10003,D:\DataAI\AIEx\newdataset\yolo_f\images\train\Image_10003.jpg,0,2,2,0.18617242574691772,0.18838375806808472,0.273922860622406,0.18941296637058258,0.16210800409317017,2,0.12029055505990982,0.09017109125852585,0.439297080039978,0.2264711856842041,0.12377014011144638,2,0.11859102547168732,0.08994010835886002,0.4424004554748535,0.22073601186275482,0.12833239138126373
13,image_10010,D:\DataAI\AIEx\newdataset\yolo_f\images\train\Image_10010.jpg,0,2,2,0.1975138783454895,0.1169697716832161,0.31314992904663086,0.1980547159910202,0.17431174218654633,2,0.11375349014997482,0.05832419544458389,0.4587676227092743,0.25449076294898987,0.11466392129659653,2,0.11285880953073502,0.05825720727443695,0.4623619616031647,0.24869588017463684,0.1178261786699295
21,image_10019,D:\DataAI\AIEx\newdataset\yolo_f\images\train\Image_10019.jpg,0,2,2,0.1895197033882141,0.1257524937391281,0.31739458441734314,0.18533535301685333,0.1819978952407837,2,0.12409883737564087,0.05413859337568283,0.5108743906021118,0.19903233647346497,0.11185580492019653,2,0.12422073632478714,0.05356168374419212,0.5098463296890259,0.19648675620555878,0.11588449776172638
22,image_10020,D:\DataAI\AIEx\newdataset\yolo_f\images\train\Image_10020.jpg,0,2,2,0.18944916129112244,0.13973592221736908,0.3123365044593811,0.18211503326892853,0.17636333405971527,2,0.11112608760595322,0.05739057809114456,0.5581534504890442,0.1685347855091095,0.10479506105184555,2,0.1130574569106102,0.05688513442873955,0.5543743968009949,0.16645462810993195,0.10922849178314209
26,image_10026,D:\DataAI\AIEx\newdataset\yolo_f\images\train\Image_10026.jpg,0,2,2,0.2161645144224167,0.12543989717960358,0.31673189997673035,0.1653081178665161,0.17635557055473328,2,0.12157005071640015,0.05626378953456879,0.5695958137512207,0.1450425535440445,0.10752782225608826,2,0.12532466650009155,0.05562756583094597,0.5640795230865479,0.1441430002450943,0.11082521826028824
31,image_10031,D:\DataAI\AIEx\newdataset\yolo_f\images\train\Image_10031.jpg,0,2,2,0.16847412288188934,0.12188704311847687,0.35605043172836304,0.1727578490972519,0.18083052337169647,2,0.08554962277412415,0.04988052695989609,0.5608528852462769,0.1824323832988739,0.12128455936908722,2,0.08779147267341614,0.04955339804291725,0.5636538863182068,0.1757320612668991,0.12326920032501221
35,image_10035,D:\DataAI\AIEx\newdataset\yolo_f\images\train\Image_10035.jpg,0,2,2,0.16318978369235992,0.10889215022325516,0.36164677143096924,0.1796151101589203,0.18665622174739838,2,0.08092314004898071,0.040362000465393066,0.595554769039154,0.17313717305660248,0.11002299189567566,2,0.08270459622144699,0.04114997014403343,0.5929290056228638,0.1697322577238083,0.11348413676023483
39,image_10039,D:\DataAI\AIEx\newdataset\yolo_f\images\train\Image_10039.jpg,0,2,2,0.15780524909496307,0.11115000396966934,0.3687800168991089,0.1695534586906433,0.19271130859851837,2,0.07596571743488312,0.04187903553247452,0.5989627242088318,0.15892821550369263,0.12426423281431198,2,0.07733578234910965,0.041785940527915955,0.5991933941841125,0.15554367005825043,0.12614117562770844
46,image_10047,D:\DataAI\AIEx\newdataset\yolo_f\images\train\Image_10047.jpg,0,3,2,0.1740076243877411,0.12750472128391266,0.30340421199798584,0.2129240185022354,0.1821593940258026,2,0.08978238701820374,0.04999488219618797,0.4675930440425873,0.2773546576499939,0.11527502536773682,2,0.09212438762187958,0.054152924567461014,0.462348997592926,0.27374133467674255,0.11763235926628113
51,image_10053,D:\DataAI\AIEx\newdataset\yolo_f\images\train\Image_10053.jpg,0,2,2,0.1792101114988327,0.1489638090133667,0.3279505968093872,0.1727723628282547,0.17110316455364227,2,0.0981987863779068,0.05702587589621544,0.5893866419792175,0.1515875607728958,0.1038011685013771,2,0.09850936383008957,0.05775725096464157,0.5840495824813843,0.1524263322353363,0.10725753754377365
56,image_10058,D:\DataAI\AIEx\newdataset\yolo_f\images\train\Image_10058.jpg,0,3,2,0.18639497458934784,0.16319042444229126,0.2837248742580414,0.1846964955329895,0.18199323117733002,2,0.1077544242143631,0.06144442409276962,0.5396871566772461,0.18533483147621155,0.10577923059463501,2,0.10856162756681442,0.06417181342840195,0.5337692499160767,0.183857724070549,0.10963957011699677
60,image_10060,D:\DataAI\AIEx\newdataset\yolo_f\images\train\Image_10060.jpg,0,2,2,0.1813124716281891,0.1604822874069214,0.3042025864124298,0.18055400252342224,0.1734486073255539,2,0.09723122417926788,0.05884130671620369,0.5674203634262085,0.18362373113632202,0.09288337081670761,2,0.09871388226747513,0.05975958704948425,0.5628284811973572,0.18185140192508698,0.09684661775827408
66,image_10066,D:\DataAI\AIEx\newdataset\yolo_f\images\train\Image_10066.jpg,0,2,2,0.16543668508529663,0.11658072471618652,0.34269005060195923,0.19091156125068665,0.18438103795051575,2,0.08228064328432083,0.04638740420341492,0.5450854897499084,0.21083778142929077,0.11540870368480682,2,0.08406615257263184,0.046363361179828644,0.5472626090049744,0.20559772849082947,0.11671009659767151
72,image_10072,D:\DataAI\AIEx\newdataset\yolo_f\images\train\Image_10072.jpg,0,2,2,0.16924862563610077,0.10489886999130249,0.3248375654220581,0.20356199145317078,0.19745290279388428,2,0.07766155153512955,0.043269358575344086,0.5468707084655762,0.22426818311214447,0.10793017596006393,2,0.07900149375200272,0.04440391808748245,0.5442046523094177,0.22054477035999298,0.11184515804052353
76,image_10079,D:\DataAI\AIEx\newdataset\yolo_f\images\train\Image_10079.jpg,0,2,2,0.1655711531639099,0.13221777975559235,0.3346751928329468,0.18625973165035248,0.18127618730068207,2,0.08010147511959076,0.05301517993211746,0.5502550601959229,0.2058066725730896,0.11082156747579575,2,0.0796804279088974,0.05461239814758301,0.5510080456733704,0.19901733100414276,0.11568178236484528
81,image_10085,D:\DataAI\AIEx\newdataset\yolo_f\images\train\Image_10085.jpg,0,2,2,0.16617922484874725,0.10481534153223038,0.3613857924938202,0.1838485151529312,0.18377111852169037,2,0.07849724590778351,0.04206373542547226,0.5557364225387573,0.21030545234680176,0.11339716613292694,2,0.08047488331794739,0.043000925332307816,0.5539631247520447,0.20542804896831512,0.11713297665119171
90,image_10100,D:\DataAI\AIEx\newdataset\yolo_f\images\train\Image_10100.jpg,0,2,2,0.16209983825683594,0.14647045731544495,0.3254951238632202,0.18613284826278687,0.179801806807518,2,0.08306879550218582,0.060721419751644135,0.5597925782203674,0.18445523083209991,0.1119619607925415,2,0.08428199589252472,0.06137733906507492,0.5557334423065186,0.18290948867797852,0.1156977191567421
93,image_10103,D:\DataAI\AIEx\newdataset\yolo_f\images\train\Image_10103.jpg,0,2,2,0.16492846608161926,0.1258547306060791,0.3407447338104248,0.18490351736545563,0.18356850743293762,2,0.08332683891057968,0.05310419574379921,0.5538391470909119,0.1972718983888626,0.11245787888765335,2,0.08376321196556091,0.05455564334988594,0.5505122542381287,0.19362115859985352,0.11754775047302246
95,image_10105,D:\DataAI\AIEx\newdataset\yolo_f\images\train\Image_10105.jpg,0,2,2,0.16144971549510956,0.13208217918872833,0.34606948494911194,0.17288190126419067,0.18751664459705353,2,0.07553327083587646,0.05135728791356087,0.5937824249267578,0.16851326823234558,0.11081374436616898,2,0.0770735889673233,0.05301015451550484,0.5871104001998901,0.16660508513450623,0.11620078235864639
96,image_10106,D:\DataAI\AIEx\newdataset\yolo_f\images\train\Image_10106.jpg,0,2,2,0.1609971970319748,0.1271965354681015,0.34520962834358215,0.17781320214271545,0.18878348171710968,2,0.07615117728710175,0.05042409896850586,0.5749839544296265,0.18418756127357483,0.11425311863422394,2,0.07718297839164734,0.05166690796613693,0.5703768134117126,0.18122060596942902,0.11955273151397705
104,image_10120,D:\DataAI\AIEx\newdataset\yolo_f\images\train\Image_10120.jpg,0,3,3,0.17302054166793823,0.16275502741336823,0.20583437383174896,0.2821778655052185,0.17621219158172607,3,0.08859023451805115,0.06913983821868896,0.16781117022037506,0.5570163726806641,0.11744238436222076,3,0.09089791774749756,0.07133644819259644,0.1758311539888382,0.5371056795120239,0.12482883036136627
110,image_1013,D:\DataAI\AIEx\newdataset\yolo_f\images\train\Image_1013.jpg,0,2,2,0.19240257143974304,0.2039201557636261,0.25664204359054565,0.1732880026102066,0.173747256398201,2,0.14534294605255127,0.15446032583713531,0.36059632897377014,0.1643989086151123,0.17520147562026978,2,0.1438910812139511,0.15513670444488525,0.36549460887908936,0.15919044613838196,0.1762872040271759
114,image_10137,D:\DataAI\AIEx\newdataset\yolo_f\images\train\Image_10137.jpg,0,3,3,0.18759649991989136,0.1524110585451126,0.16515016555786133,0.29901349544525146,0.19582879543304443,3,0.10074912756681442,0.07064440101385117,0.11294466257095337,0.5770347714424133,0.1386270821094513,3,0.10533475130796432,0.07181137055158615,0.12072934955358505,0.5571061968803406,0.14501835405826569
123,image_10154,D:\DataAI\AIEx\newdataset\yolo_f\images\train\Image_10154.jpg,0,3,3,0.18984270095825195,0.15373195707798004,0.15457335114479065,0.32332924008369446,0.17852278053760529,3,0.10919929295778275,0.07481472939252853,0.1735309660434723,0.5343957543373108,0.10805930197238922,3,0.11124923825263977,0.07791553437709808,0.1859762817621231,0.5089694261550903,0.1158895269036293
127,image_1016,D:\DataAI\AIEx\newdataset\yolo_f\images\train\Image_1016.jpg,0,2,2,0.17165511846542358,0.1909615844488144,0.28935113549232483,0.17131973803043365,0.17671243846416473,2,0.1309676319360733,0.14571638405323029,0.4402257800102234,0.1415327489376068,0.14155744016170502,2,0.13081654906272888,0.14616815745830536,0.44105154275894165,0.13936060667037964,0.14260315895080566
128,image_10161,D:\DataAI\AIEx\newdataset\yolo_f\images\train\Image_10161.jpg,0,3,3,0.18109139800071716,0.168098583817482,0.1596742570400238,0.3062896132469177,0.18484613299369812,3,0.09137777984142303,0.07083211839199066,0.13359875977039337,0.5769070982933044,0.1272842288017273,3,0.0940924882888794,0.07526464015245438,0.13974785804748535,0.556288480758667,0.1346065253019333
132,image_10165,D:\DataAI\AIEx\newdataset\yolo_f\images\train\Image_10165.jpg,0,3,3,0.18784652650356293,0.17433986067771912,0.1521812230348587,0.30670130252838135,0.17893105745315552,3,0.1011403426527977,0.07145919650793076,0.11235516518354416,0.5885587930679321,0.12648659944534302,3,0.10387294739484787,0.0732530876994133,0.11870259791612625,0.571977972984314,0.132193461060524
141,image_10174,D:\DataAI\AIEx\newdataset\yolo_f\images\train\Image_10174.jpg,0,3,3,0.19390971958637238,0.17027711868286133,0.15106181800365448,0.29624760150909424,0.18850374221801758,3,0.11374686658382416,0.08904291689395905,0.1262843757867813,0.5553571581840515,0.11556872725486755,3,0.11594144999980927,0.09051787853240967,0.13185684382915497,0.5414711236953735,0.12021273374557495
144,image_10182,D:\DataAI\AIEx\newdataset\yolo_f\images\train\Image_10182.jpg,0,3,3,0.18490487337112427,0.15934109687805176,0.1841486543416977,0.28434252738952637,0.1872628927230835,3,0.10134956240653992,0.06854723393917084,0.12523102760314941,0.5651552677154541,0.13971687853336334,3,0.10319500416517258,0.07073014229536057,0.13494916260242462,0.5432708263397217,0.14785486459732056
156,image_10194,D:\DataAI\AIEx\newdataset\yolo_f\images\train\Image_10194.jpg,0,3,3,0.17056944966316223,0.16453419625759125,0.17995473742485046,0.2982580363750458,0.18668358027935028,3,0.09583466500043869,0.07137278467416763,0.14422334730625153,0.5568273067474365,0.13174188137054443,3,0.09833470731973648,0.0727674588561058,0.1544746458530426,0.5349563956260681,0.1394667625427246
162,image_102,D:\DataAI\AIEx\newdataset\yolo_f\images\train\Image_102.jpg,0,0,0,0.3324695825576782,0.18846768140792847,0.15814200043678284,0.1635865867137909,0.1573341339826584,0,0.5428317189216614,0.1433725506067276,0.10645511001348495,0.09974217414855957,0.10759840160608292,0,0.543705940246582,0.1427919566631317,0.10637965053319931,0.10003811866044998,0.10708437114953995
163,image_1020,D:\DataAI\AIEx\newdataset\yolo_f\images\train\Image_1020.jpg,0,1,1,0.16817258298397064,0.3520207405090332,0.15096117556095123,0.13546334207057953,0.19338209927082062,1,0.2499043196439743,0.3813169300556183,0.1232432872056961,0.0955214574933052,0.15001408755779266,1,0.2523368000984192,0.3818591833114624,0.12491576373577118,0.09382127225399017,0.14706702530384064
173,image_10209,D:\DataAI\AIEx\newdataset\yolo_f\images\train\Image_10209.jpg,0,3,3,0.19135349988937378,0.16322334110736847,0.17158055305480957,0.2903551757335663,0.1834874004125595,3,0.10668609291315079,0.07385844737291336,0.12646710872650146,0.5652244687080383,0.12776391208171844,3,0.10811786353588104,0.07551970332860947,0.13596925139427185,0.545115053653717,0.13527806103229523
176,image_10212,D:\DataAI\AIEx\newdataset\yolo_f\images\train\Image_10212.jpg,0,3,3,0.19465014338493347,0.16182789206504822,0.1754639446735382,0.29027891159057617,0.17777913808822632,3,0.10626865178346634,0.06974391639232635,0.1300121247768402,0.5625350475311279,0.13144028186798096,3,0.10874070972204208,0.07249259203672409,0.13972145318984985,0.539452850818634,0.13959237933158875
181,image_10217,D:\DataAI\AIEx\newdataset\yolo_f\images\train\Image_10217.jpg,0,3,3,0.17792008817195892,0.1847143918275833,0.16964253783226013,0.28798067569732666,0.17974233627319336,3,0.096570685505867,0.07690127193927765,0.12364821881055832,0.5855203866958618,0.11735944449901581,3,0.09758253395557404,0.08032186329364777,0.13551639020442963,0.5621151924133301,0.12446402758359909
185,image_10220,D:\DataAI\AIEx\newdataset\yolo_f\images\train\Image_10220.jpg,0,3,3,0.17725902795791626,0.1901806741952896,0.16560789942741394,0.28759270906448364,0.17935964465141296,3,0.09937793761491776,0.07978194952011108,0.12101452052593231,0.5786885023117065,0.12113714218139648,3,0.10061374306678772,0.08318495005369186,0.13112574815750122,0.5572788119316101,0.1277967095375061
189,image_10224,D:\DataAI\AIEx\newdataset\yolo_f\images\train\Image_10224.jpg,0,3,3,0.18814603984355927,0.18384933471679688,0.163504958152771,0.28593751788139343,0.1785622239112854,3,0.1072864755988121,0.0799267441034317,0.12094473838806152,0.5710848569869995,0.12075716257095337,3,0.10831436514854431,0.08308041840791702,0.13112607598304749,0.5494959354400635,0.12798316776752472
194,image_10229,D:\DataAI\AIEx\newdataset\yolo_f\images\train\Image_10229.jpg,0,3,3,0.18593081831932068,0.1693715751171112,0.16146256029605865,0.3029535710811615,0.18028149008750916,3,0.10180769115686417,0.07474572211503983,0.11922364681959152,0.5852441191673279,0.1189788281917572,3,0.10327467322349548,0.07637584954500198,0.12929940223693848,0.5649709701538086,0.12607906758785248
197,image_10231,D:\DataAI\AIEx\newdataset\yolo_f\images\train\Image_10231.jpg,0,3,3,0.18428023159503937,0.166939839720726,0.1647745966911316,0.30620047450065613,0.1778048872947693,3,0.09941775351762772,0.0736585408449173,0.11954330652952194,0.5790490508079529,0.12833130359649658,3,0.10078714787960052,0.07473333925008774,0.12900127470493317,0.5592832565307617,0.13619500398635864
202,image_10236,D:\DataAI\AIEx\newdataset\yolo_f\images\train\Image_10236.jpg,0,3,3,0.17141306400299072,0.13881883025169373,0.17594574391841888,0.32318341732025146,0.19063898921012878,3,0.08700237423181534,0.055161938071250916,0.11527558416128159,0.6072275638580322,0.13533255457878113,3,0.08925743401050568,0.05668604001402855,0.12501445412635803,0.5870391726493835,0.1420029252767563
207,image_10240,D:\DataAI\AIEx\newdataset\yolo_f\images\train\Image_10240.jpg,0,3,3,0.17364536225795746,0.15086784958839417,0.1762213259935379,0.30688127875328064,0.19238421320915222,3,0.0903412476181984,0.06464123725891113,0.11905385553836823,0.5898404121398926,0.13612326979637146,3,0.09306816756725311,0.06527740508317947,0.1275879591703415,0.5725045204162598,0.14156192541122437
213,image_10246,D:\DataAI\AIEx\newdataset\yolo_f\images\train\Image_10246.jpg,0,3,3,0.19385555386543274,0.14180918037891388,0.1780015528202057,0.29871246218681335,0.18762125074863434,3,0.1009615808725357,0.060084324330091476,0.12094321846961975,0.570510983467102,0.1474999338388443,3,0.10360550135374069,0.06138961389660835,0.13145475089550018,0.5503212809562683,0.15322884917259216
221,image_10253,D:\DataAI\AIEx\newdataset\yolo_f\images\train\Image_10253.jpg,0,3,3,0.18288111686706543,0.177310973405838,0.17403747141361237,0.29710501432418823,0.16866543889045715,3,0.10522858053445816,0.08422941714525223,0.1323682963848114,0.5598276853561401,0.11834599077701569,3,0.1082974299788475,0.08555621653795242,0.14114068448543549,0.5409305691719055,0.12407516688108444
222,image_10254,D:\DataAI\AIEx\newdataset\yolo_f\images\train\Image_10254.jpg,0,3,3,0.18511071801185608,0.17368273437023163,0.16766685247421265,0.2925715446472168,0.18096813559532166,3,0.11140277981758118,0.08261384814977646,0.12311206758022308,0.571021556854248,0.11184977740049362,3,0.11343173682689667,0.08591406047344208,0.13147330284118652,0.5509738326072693,0.11820711195468903
232,image_10264,D:\DataAI\AIEx\newdataset\yolo_f\images\train\Image_10264.jpg,0,3,3,0.1796431839466095,0.16138847172260284,0.17155785858631134,0.29212334752082825,0.19528713822364807,3,0.09403413534164429,0.07342676818370819,0.13220751285552979,0.5548565983772278,0.14547495543956757,3,0.09746693074703217,0.07676150649785995,0.13981150090694427,0.5318306088447571,0.15412943065166473
234,image_10266,D:\DataAI\AIEx\newdataset\yolo_f\images\train\Image_10266.jpg,0,3,3,0.17515790462493896,0.1611781269311905,0.19616100192070007,0.28385546803474426,0.18364746868610382,3,0.09515698999166489,0.07096581906080246,0.15431076288223267,0.5442501902580261,0.13531622290611267,3,0.09739124029874802,0.07525105029344559,0.16708862781524658,0.5158635973930359,0.14440542459487915
242,image_10274,D:\DataAI\AIEx\newdataset\yolo_f\images\train\Image_10274.jpg,0,3,3,0.17101508378982544,0.15578368306159973,0.13662001490592957,0.34142348170280457,0.19515776634216309,3,0.07592660933732986,0.06036754325032234,0.11682888865470886,0.6031667590141296,0.1437102109193802,3,0.07900463789701462,0.06552217155694962,0.12607011198997498,0.5813042521476746,0.14809884130954742
243,image_10275,D:\DataAI\AIEx\newdataset\yolo_f\images\train\Image_10275.jpg,0,3,3,0.1718367636203766,0.17114125192165375,0.1405007690191269,0.324686199426651,0.19183504581451416,3,0.0771745890378952,0.06853733956813812,0.12473436444997787,0.5885095596313477,0.1410442292690277,3,0.08036313951015472,0.07408835738897324,0.13209985196590424,0.5660783648490906,0.1473703384399414
252,image_10284,D:\DataAI\AIEx\newdataset\yolo_f\images\train\Image_10284.jpg,0,3,3,0.1785539984703064,0.16964764893054962,0.14064384996891022,0.3237609565258026,0.18739354610443115,3,0.08025969564914703,0.06902105361223221,0.12437434494495392,0.5867817401885986,0.1395631730556488,3,0.08181418478488922,0.07205165922641754,0.13421596586704254,0.5679616928100586,0.1439565271139145
255,image_10287,D:\DataAI\AIEx\newdataset\yolo_f\images\train\Image_10287.jpg,0,3,3,0.17511031031608582,0.17145496606826782,0.1511673778295517,0.31143859028816223,0.19082878530025482,3,0.08467720448970795,0.0724734514951706,0.12549428641796112,0.57204669713974,0.14530843496322632,3,0.08605988323688507,0.07672812044620514,0.13626711070537567,0.5469101667404175,0.15403470396995544
259,image_10290,D:\DataAI\AIEx\newdataset\yolo_f\images\train\Image_10290.jpg,0,3,3,0.1901911199092865,0.17320293188095093,0.1407821774482727,0.3183232247829437,0.17750051617622375,3,0.10141235589981079,0.08417229354381561,0.111710324883461,0.5923432111740112,0.11036176234483719,3,0.1036832258105278,0.08530101925134659,0.12126772850751877,0.573807418346405,0.115940622985363
269,image_103,D:\DataAI\AIEx\newdataset\yolo_f\images\train\Image_103.jpg,0,0,0,0.3340035080909729,0.19685138761997223,0.14483028650283813,0.1639261543750763,0.16038869321346283,0,0.49032044410705566,0.18147769570350647,0.10555128753185272,0.10393550992012024,0.11871501058340073,0,0.4919274151325226,0.18092447519302368,0.10610146075487137,0.10366582870483398,0.117380790412426
270,image_1030,D:\DataAI\AIEx\newdataset\yolo_f\images\train\Image_1030.jpg,0,2,2,0.18560579419136047,0.20828892290592194,0.2514902651309967,0.16839151084423065,0.18622352182865143,2,0.16967648267745972,0.18992817401885986,0.32447201013565063,0.131925567984581,0.18399770557880402,2,0.16702057421207428,0.18943272531032562,0.3298622965812683,0.13071754574775696,0.18296687304973602
279,image_10311,D:\DataAI\AIEx\newdataset\yolo_f\images\train\Image_10311.jpg,0,2,2,0.1704883873462677,0.1144147515296936,0.3648582994937897,0.16169460117816925,0.18854399025440216,2,0.08792848140001297,0.044915828853845596,0.6091899871826172,0.14663486182689667,0.11133082211017609,2,0.0897127091884613,0.047140348702669144,0.6024630665779114,0.14516474306583405,0.11551913619041443
281,image_10314,D:\DataAI\AIEx\newdataset\yolo_f\images\train\Image_10314.jpg,0,2,2,0.1585109829902649,0.12746897339820862,0.35820305347442627,0.16357900202274323,0.19223804771900177,2,0.08348709344863892,0.04998200759291649,0.6120001673698425,0.13506320118904114,0.11946752667427063,2,0.08524653315544128,0.049987949430942535,0.6058244109153748,0.13653506338596344,0.1224059909582138
286,image_1032,D:\DataAI\AIEx\newdataset\yolo_f\images\train\Image_1032.jpg,0,2,2,0.2232893854379654,0.20724841952323914,0.24488836526870728,0.16383503377437592,0.16073885560035706,0,0.2944178581237793,0.24881945550441742,0.2230335921049118,0.11911356449127197,0.11461556702852249,0,0.29704034328460693,0.25077491998672485,0.22093483805656433,0.11791913211345673,0.11333078891038895
292,image_1033,D:\DataAI\AIEx\newdataset\yolo_f\images\train\Image_1033.jpg,0,2,2,0.23195815086364746,0.19461177289485931,0.24955245852470398,0.15995584428310394,0.1639217585325241,0,0.31542888283729553,0.21189554035663605,0.23698411881923676,0.11823713779449463,0.11745434999465942,0,0.31423407793045044,0.2183169722557068,0.2346886396408081,0.11673832684755325,0.11602199822664261
293,image_10330,D:\DataAI\AIEx\newdataset\yolo_f\images\train\Image_10330.jpg,0,2,2,0.15899738669395447,0.224982351064682,0.2679141163825989,0.16324785351753235,0.1848582625389099,2,0.11730629205703735,0.15109887719154358,0.4305296242237091,0.15564900636672974,0.1454162299633026,2,0.11712053418159485,0.1516614705324173,0.4295603036880493,0.15326575934886932,0.1483919471502304
300,image_10340,D:\DataAI\AIEx\newdataset\yolo_f\images\train\Image_10340.jpg,0,2,2,0.18988274037837982,0.1533416509628296,0.3117567002773285,0.1672370284795761,0.1777818500995636,2,0.1285625547170639,0.08249472081661224,0.5117384791374207,0.15060988068580627,0.12659426033496857,2,0.13069024682044983,0.08459042757749557,0.5065244436264038,0.14858166873455048,0.12961319088935852
306,image_10349,D:\DataAI\AIEx\newdataset\yolo_f\images\train\Image_10349.jpg,0,2,2,0.15664537250995636,0.17792239785194397,0.2973967492580414,0.1881883442401886,0.1798471063375473,2,0.0816672295331955,0.07725721597671509,0.457134872674942,0.23029710352420807,0.1536436229944229,2,0.08192502707242966,0.07852087169885635,0.4695492386817932,0.21579387784004211,0.15421095490455627
314,image_10360,D:\DataAI\AIEx\newdataset\yolo_f\images\train\Image_10360.jpg,0,2,2,0.1467025727033615,0.13371722400188446,0.3730385899543762,0.1472061425447464,0.199335515499115,2,0.08196894824504852,0.05854635685682297,0.614853024482727,0.12648338079452515,0.1181483194231987,2,0.08381135761737823,0.05721466615796089,0.609762966632843,0.12609702348709106,0.12311404943466187
316,image_10362,D:\DataAI\AIEx\newdataset\yolo_f\images\train\Image_10362.jpg,0,2,2,0.16730624437332153,0.1435469686985016,0.34160399436950684,0.1581203043460846,0.18942248821258545,2,0.0908040925860405,0.06834790110588074,0.5500656366348267,0.16227507591247559,0.12850730121135712,2,0.0918794572353363,0.06867274641990662,0.5496718883514404,0.1578351855278015,0.13194070756435394
317,image_10363,D:\DataAI\AIEx\newdataset\yolo_f\images\train\Image_10363.jpg,0,2,2,0.165822833776474,0.12700583040714264,0.35412219166755676,0.1588299423456192,0.1942192018032074,2,0.09220510721206665,0.056952182203531265,0.5809906721115112,0.14678208529949188,0.12306998670101166,2,0.09358695894479752,0.05806949362158775,0.5760616660118103,0.14525671303272247,0.12702512741088867
324,image_10374,D:\DataAI\AIEx\newdataset\yolo_f\images\train\Image_10374.jpg,0,2,2,0.18396635353565216,0.14749197661876678,0.3147175908088684,0.18407763540744781,0.16974645853042603,2,0.10402873158454895,0.06162635609507561,0.5435220003128052,0.17829670011997223,0.11252614110708237,2,0.10430875420570374,0.060882359743118286,0.5412299633026123,0.17761091887950897,0.11596796661615372
325,image_10375,D:\DataAI\AIEx\newdataset\yolo_f\images\train\Image_10375.jpg,0,2,2,0.17893649637699127,0.15986961126327515,0.3062109649181366,0.1877189725637436,0.16726398468017578,2,0.0988285169005394,0.0608518049120903,0.5238372087478638,0.19455529749393463,0.12192719429731369,2,0.09888982772827148,0.061117321252822876,0.5222381949424744,0.19213628768920898,0.1256183534860611
330,image_10381,D:\DataAI\AIEx\newdataset\yolo_f\images\train\Image_10381.jpg,0,2,2,0.1493043154478073,0.13548792898654938,0.3662785291671753,0.1640293300151825,0.18489989638328552,2,0.09512956440448761,0.058766793459653854,0.579865574836731,0.13908813893795013,0.12714996933937073,2,0.09568105638027191,0.059021614491939545,0.5783751010894775,0.1377909630537033,0.12913121283054352
333,image_10386,D:\DataAI\AIEx\newdataset\yolo_f\images\train\Image_10386.jpg,0,2,2,0.18278789520263672,0.13970758020877838,0.33571743965148926,0.16416430473327637,0.17762279510498047,2,0.152618408203125,0.08557271212339401,0.5296503305435181,0.12425318360328674,0.10790536552667618,2,0.15804627537727356,0.088216632604599,0.5153465867042542,0.12605386972427368,0.11233659833669662
338,image_10399,D:\DataAI\AIEx\newdataset\yolo_f\images\train\Image_10399.jpg,0,2,1,0.1875484734773636,0.29867398738861084,0.20712517201900482,0.1579035073518753,0.14874884486198425,1,0.20828717947006226,0.3171049654483795,0.22176499664783478,0.13400916755199432,0.11883370578289032,1,0.20773133635520935,0.325368195772171,0.21646535396575928,0.1315537691116333,0.11888127774000168
344,image_10407,D:\DataAI\AIEx\newdataset\yolo_f\images\train\Image_10407.jpg,0,1,1,0.20996972918510437,0.3065539598464966,0.1711668223142624,0.1349671632051468,0.17734232544898987,0,0.3295973837375641,0.2205960899591446,0.13504211604595184,0.11064854264259338,0.2041158229112625,0,0.32644909620285034,0.22711065411567688,0.13654763996601105,0.10822416841983795,0.2016684114933014
350,image_1042,D:\DataAI\AIEx\newdataset\yolo_f\images\train\Image_1042.jpg,0,2,2,0.1769038587808609,0.19157913327217102,0.24886807799339294,0.1948750913143158,0.18777383863925934,2,0.17585420608520508,0.2102387547492981,0.31561776995658875,0.16719919443130493,0.13109011948108673,2,0.17264677584171295,0.21128343045711517,0.31877073645591736,0.1661803424358368,0.13111871480941772
356,image_10429,D:\DataAI\AIEx\newdataset\yolo_f\images\train\Image_10429.jpg,0,2,2,0.15479281544685364,0.218307763338089,0.28985488414764404,0.1406594067811966,0.19638507068157196,2,0.11046292632818222,0.11237677931785583,0.5195123553276062,0.13210725784301758,0.1255405694246292,2,0.11152459681034088,0.11251027137041092,0.513300895690918,0.13282810151576996,0.12983611226081848
358,image_10430,D:\DataAI\AIEx\newdataset\yolo_f\images\train\Image_10430.jpg,0,1,1,0.16757847368717194,0.31216639280319214,0.19489121437072754,0.13885903358459473,0.18650490045547485,2,0.14716510474681854,0.1587725430727005,0.4156159460544586,0.15250475704669952,0.1259416937828064,2,0.14833904802799225,0.16046777367591858,0.4085610508918762,0.15292562544345856,0.12970654666423798
368,image_10440,D:\DataAI\AIEx\newdataset\yolo_f\images\train\Image_10440.jpg,0,2,2,0.173458069562912,0.09272179752588272,0.3854241669178009,0.1738985776901245,0.17449738085269928,2,0.10194969177246094,0.03990576043725014,0.6036063432693481,0.15816174447536469,0.09637648612260818,2,0.10266824066638947,0.04073583707213402,0.6011459231376648,0.1561986804008484,0.09925127029418945
370,image_10444,D:\DataAI\AIEx\newdataset\yolo_f\images\train\Image_10444.jpg,0,2,2,0.18124668300151825,0.09835515916347504,0.3657703399658203,0.17472973465919495,0.17989809811115265,2,0.09334377199411392,0.038374874740839005,0.6019007563591003,0.16144676506519318,0.10493384301662445,2,0.09885933995246887,0.04083215445280075,0.5905982851982117,0.16532215476036072,0.10438811033964157
378,image_10456,D:\DataAI\AIEx\newdataset\yolo_f\images\train\Image_10456.jpg,0,2,2,0.15542474389076233,0.10326925665140152,0.3741324543952942,0.1632428765296936,0.20393069088459015,2,0.0807921439409256,0.04098239168524742,0.618461549282074,0.13626959919929504,0.12349439412355423,2,0.0812990739941597,0.040603913366794586,0.6130838394165039,0.13690167665481567,0.12811145186424255
381,image_10460,D:\DataAI\AIEx\newdataset\yolo_f\images\train\Image_10460.jpg,0,2,2,0.15906625986099243,0.13790500164031982,0.35781291127204895,0.15979516506195068,0.18542064726352692,2,0.07892727851867676,0.053476814180612564,0.6091231107711792,0.1523062288761139,0.10616659373044968,2,0.0796048566699028,0.05436433106660843,0.6016994714736938,0.15332134068012238,0.11100997030735016
382,image_10461,D:\DataAI\AIEx\newdataset\yolo_f\images\train\Image_10461.jpg,0,2,2,0.1618049293756485,0.13872046768665314,0.34968122839927673,0.16235245764255524,0.1874409019947052,2,0.07992466539144516,0.05135492607951164,0.6089322566986084,0.14583374559879303,0.11395439505577087,2,0.08090284466743469,0.05180065706372261,0.6011157035827637,0.14685098826885223,0.11932986229658127
389,image_10473,D:\DataAI\AIEx\newdataset\yolo_f\images\train\Image_10473.jpg,0,2,2,0.16358715295791626,0.1724790781736374,0.2904483377933502,0.20366711914539337,0.16981829702854156,2,0.08412539958953857,0.0746418759226799,0.46953845024108887,0.24589069187641144,0.12580354511737823,2,0.08517905324697495,0.07698306441307068,0.47467872500419617,0.2316906452178955,0.13146844506263733
395,image_10481,D:\DataAI\AIEx\newdataset\yolo_f\images\train\Image_10481.jpg,0,2,2,0.17268985509872437,0.11790347099304199,0.3536165654659271,0.1665603369474411,0.1892298310995102,2,0.08740440756082535,0.04849451780319214,0.5862755179405212,0.16097819805145264,0.11684734374284744,2,0.09017506241798401,0.04899804666638374,0.5808723568916321,0.15941427648067474,0.12054025381803513
396,image_10483,D:\DataAI\AIEx\newdataset\yolo_f\images\train\Image_10483.jpg,0,2,2,0.16644029319286346,0.1555495411157608,0.31385940313339233,0.18939678370952606,0.17475399374961853,2,0.08450255542993546,0.05976218730211258,0.530097484588623,0.21038930118083954,0.11524840444326401,2,0.08502338826656342,0.05991744622588158,0.5330108404159546,0.20240053534507751,0.11964768916368484
404,image_10494,D:\DataAI\AIEx\newdataset\yolo_f\images\train\Image_10494.jpg,0,2,2,0.17044402658939362,0.18211421370506287,0.27403756976127625,0.2013329714536667,0.17207121849060059,2,0.09519675374031067,0.07095861434936523,0.4553314745426178,0.22982117533683777,0.1486920416355133,2,0.09498172253370285,0.07215800881385803,0.4556537866592407,0.22227545082569122,0.15493105351924896
413,image_10506,D:\DataAI\AIEx\newdataset\yolo_f\images\train\Image_10506.jpg,0,2,2,0.1608850508928299,0.12436304986476898,0.3641020357608795,0.1754661500453949,0.1751837283372879,2,0.08578777313232422,0.052501823753118515,0.5906444191932678,0.14764878153800964,0.1234172061085701,2,0.08817431330680847,0.05259023979306221,0.5808960199356079,0.15228933095932007,0.12605014443397522
418,image_10513,D:\DataAI\AIEx\newdataset\yolo_f\images\train\Image_10513.jpg,0,2,2,0.17191734910011292,0.13094769418239594,0.3350527286529541,0.1825510859489441,0.17953118681907654,2,0.09360276162624359,0.04972170293331146,0.5947427749633789,0.1511799842119217,0.11075272411108017,2,0.09497848153114319,0.050361812114715576,0.5896763801574707,0.1513856202363968,0.11359772086143494
421,image_10521,D:\DataAI\AIEx\newdataset\yolo_f\images\train\Image_10521.jpg,0,2,2,0.19061000645160675,0.12532411515712738,0.3018733263015747,0.19915562868118286,0.1830369383096695,2,0.11856965720653534,0.057288773357868195,0.4433664083480835,0.2478480488061905,0.13292710483074188,2,0.12140811234712601,0.058947209268808365,0.4388551414012909,0.24704869091510773,0.1337408721446991
423,image_10524,D:\DataAI\AIEx\newdataset\yolo_f\images\train\Image_10524.jpg,0,2,2,0.178476020693779,0.11003813147544861,0.33117198944091797,0.19565704464912415,0.18465684354305267,2,0.09576808661222458,0.0491219088435173,0.5325759053230286,0.18487221002578735,0.13766193389892578,2,0.09922762215137482,0.05033237859606743,0.5300244688987732,0.18269191682338715,0.13772369921207428
431,image_10536,D:\DataAI\AIEx\newdataset\yolo_f\images\train\Image_10536.jpg,0,2,2,0.1656058132648468,0.14636780321598053,0.3134532868862152,0.18713310360908508,0.1874399185180664,2,0.09317038208246231,0.06469963490962982,0.5391923189163208,0.1700642704963684,0.13287343084812164,2,0.0936836302280426,0.0653609111905098,0.5315877199172974,0.17210204899311066,0.13726572692394257
432,image_10537,D:\DataAI\AIEx\newdataset\yolo_f\images\train\Image_10537.jpg,0,2,2,0.15981315076351166,0.16269950568675995,0.3159100413322449,0.173413947224617,0.18816342949867249,2,0.08969888091087341,0.0700225979089737,0.5587791204452515,0.1474655717611313,0.13403382897377014,2,0.091634601354599,0.07096387445926666,0.54708331823349,0.15118607878684998,0.13913217186927795
441,image_1055,D:\DataAI\AIEx\newdataset\yolo_f\images\train\Image_1055.jpg,0,2,2,0.1558898687362671,0.15013478696346283,0.3152256906032562,0.19807088375091553,0.18067875504493713,2,0.09137152135372162,0.08179657906293869,0.43432968854904175,0.23532915115356445,0.1571730226278305,2,0.09396573901176453,0.08243463933467865,0.43149620294570923,0.23412442207336426,0.15797899663448334
442,image_10552,D:\DataAI\AIEx\newdataset\yolo_f\images\train\Image_10552.jpg,0,2,2,0.16112884879112244,0.13473612070083618,0.34227225184440613,0.17447954416275024,0.1873832643032074,2,0.08044776320457458,0.053399547934532166,0.567265510559082,0.16870196163654327,0.13018517196178436,2,0.08175903558731079,0.05369749665260315,0.5619416236877441,0.16855168342590332,0.134050190448761
447,image_10561,D:\DataAI\AIEx\newdataset\yolo_f\images\train\Image_10561.jpg,0,2,2,0.1808115690946579,0.15267901122570038,0.3241383731365204,0.17548146843910217,0.16688960790634155,2,0.09586869925260544,0.0560380183160305,0.5453483462333679,0.1930856555700302,0.10965932160615921,2,0.0972752645611763,0.05858907476067543,0.5400611758232117,0.18890957534313202,0.11516491323709488
456,image_10572,D:\DataAI\AIEx\newdataset\yolo_f\images\train\Image_10572.jpg,0,2,2,0.15156756341457367,0.13618654012680054,0.35512495040893555,0.17818909883499146,0.1789318323135376,2,0.06973247230052948,0.054526861757040024,0.5804888606071472,0.1778063178062439,0.11744548380374908,2,0.07048352807760239,0.054825108498334885,0.5826769471168518,0.1729155331850052,0.11909889429807663
457,image_10577,D:\DataAI\AIEx\newdataset\yolo_f\images\train\Image_10577.jpg,0,2,2,0.16506904363632202,0.10449958592653275,0.39354097843170166,0.165564626455307,0.17132574319839478,2,0.09322730451822281,0.04321921989321709,0.6206993460655212,0.13538211584091187,0.10747192800045013,2,0.09626703709363937,0.04426608234643936,0.613888680934906,0.13569262623786926,0.1098855659365654
464,image_10589,D:\DataAI\AIEx\newdataset\yolo_f\images\train\Image_10589.jpg,0,2,2,0.1749991774559021,0.15488091111183167,0.3193444609642029,0.18115314841270447,0.1696222722530365,2,0.09014356136322021,0.06135927885770798,0.5560045838356018,0.1808292269706726,0.1116633340716362,2,0.09027191251516342,0.06301403790712357,0.5496840476989746,0.18015967309474945,0.11687033623456955
471,image_10598,D:\DataAI\AIEx\newdataset\yolo_f\images\train\Image_10598.jpg,0,2,2,0.15716291964054108,0.15007930994033813,0.3420954644680023,0.17861133813858032,0.17205099761486053,2,0.081107959151268,0.06101031228899956,0.5521688461303711,0.17712490260601044,0.1285879909992218,2,0.08241593092679977,0.060355715453624725,0.5547481179237366,0.17336292564868927,0.12911725044250488
473,image_106,D:\DataAI\AIEx\newdataset\yolo_f\images\train\Image_106.jpg,0,0,0,0.35216429829597473,0.161713644862175,0.15233899652957916,0.16882318258285522,0.1649598479270935,0,0.5289823412895203,0.1358427256345749,0.10223332047462463,0.09589813649654388,0.13704350590705872,0,0.5264639258384705,0.1384408324956894,0.10298633575439453,0.0986163392663002,0.1334926187992096
475,image_10600,D:\DataAI\AIEx\newdataset\yolo_f\images\train\Image_10600.jpg,0,2,2,0.16517652571201324,0.13923785090446472,0.3306320905685425,0.19098904728889465,0.1739644706249237,2,0.09040113538503647,0.061709240078926086,0.5252066850662231,0.19236856698989868,0.13031437993049622,2,0.09115244448184967,0.06218068674206734,0.5288956165313721,0.18780851364135742,0.129962757229805
484,image_10615,D:\DataAI\AIEx\newdataset\yolo_f\images\train\Image_10615.jpg,0,3,3,0.1793006956577301,0.14824236929416656,0.17657984793186188,0.3123958110809326,0.18348126113414764,3,0.10260026156902313,0.0686713233590126,0.13562536239624023,0.5612536072731018,0.1318494826555252,3,0.10523838549852371,0.06997828185558319,0.14435431361198425,0.5442305207252502,0.1361985206604004
486,image_10617,D:\DataAI\AIEx\newdataset\yolo_f\images\train\Image_10617.jpg,0,3,3,0.18025070428848267,0.15660284459590912,0.1747170388698578,0.3092751204967499,0.17915432155132294,3,0.0990309789776802,0.06856650859117508,0.12173394113779068,0.5894697904586792,0.12119882553815842,3,0.10165064036846161,0.07082187384366989,0.13066178560256958,0.5698895454406738,0.12697617709636688
487,image_10618,D:\DataAI\AIEx\newdataset\yolo_f\images\train\Image_10618.jpg,0,3,3,0.19294050335884094,0.15298904478549957,0.15818646550178528,0.31047314405441284,0.18541088700294495,3,0.10517483204603195,0.0662333071231842,0.11487480998039246,0.590264618396759,0.12345239520072937,3,0.1074770838022232,0.06822013854980469,0.12396552413702011,0.5701802968978882,0.13015702366828918
495,image_10625,D:\DataAI\AIEx\newdataset\yolo_f\images\train\Image_10625.jpg,0,3,3,0.20095933973789215,0.16097001731395721,0.160248264670372,0.285381555557251,0.19244086742401123,3,0.11016691476106644,0.07383664697408676,0.12967900931835175,0.5565223097801208,0.1297951489686966,3,0.11284168809652328,0.07735524326562881,0.13907310366630554,0.5335392355918884,0.13719072937965393
505,image_10635,D:\DataAI\AIEx\newdataset\yolo_f\images\train\Image_10635.jpg,0,3,3,0.19172818958759308,0.17990216612815857,0.15925796329975128,0.29394832253456116,0.17516332864761353,3,0.10803437978029251,0.07775659114122391,0.12011665850877762,0.5776963233947754,0.11639603227376938,3,0.10949759185314178,0.08105122298002243,0.129851832985878,0.5564331412315369,0.12316619604825974
510,image_10640,D:\DataAI\AIEx\newdataset\yolo_f\images\train\Image_10640.jpg,0,3,3,0.18266800045967102,0.17157821357250214,0.1629033386707306,0.3012281656265259,0.18162228167057037,3,0.10029305517673492,0.0760059505701065,0.12093725800514221,0.5805423259735107,0.12222141027450562,3,0.10166338831186295,0.07761819660663605,0.13095462322235107,0.5604453682899475,0.12931840121746063
513,image_10643,D:\DataAI\AIEx\newdataset\yolo_f\images\train\Image_10643.jpg,0,3,3,0.18300041556358337,0.1639178842306137,0.16906830668449402,0.30443936586380005,0.17957402765750885,3,0.09985659271478653,0.07209699600934982,0.12097741663455963,0.5760217905044556,0.13104714453220367,3,0.10114051401615143,0.07307063788175583,0.13022290170192719,0.5566803216934204,0.13888567686080933
515,image_10645,D:\DataAI\AIEx\newdataset\yolo_f\images\train\Image_10645.jpg,0,3,3,0.17444880306720734,0.1553506851196289,0.16772864758968353,0.3226812779903412,0.1797906458377838,3,0.09131889045238495,0.06534695625305176,0.11742716282606125,0.599635660648346,0.12627127766609192,3,0.0935111716389656,0.0663704052567482,0.1271708458662033,0.5797147154808044,0.13323287665843964
529,image_10658,D:\DataAI\AIEx\newdataset\yolo_f\images\train\Image_10658.jpg,0,3,3,0.1933468133211136,0.1394766867160797,0.17337895929813385,0.3015885353088379,0.19220902025699615,3,0.10028122365474701,0.05970434471964836,0.11643590033054352,0.5748140215873718,0.1487644910812378,3,0.10278649628162384,0.06085140258073807,0.12654314935207367,0.5550419092178345,0.15477703511714935
534,image_10662,D:\DataAI\AIEx\newdataset\yolo_f\images\train\Image_10662.jpg,0,3,3,0.19115935266017914,0.15202319622039795,0.17551305890083313,0.298601359128952,0.18270301818847656,3,0.10423921048641205,0.07020287215709686,0.13577571511268616,0.5672769546508789,0.12250519543886185,3,0.10699287801980972,0.0718979462981224,0.14552424848079681,0.5483378171920776,0.12724708020687103
537,image_10665,D:\DataAI\AIEx\newdataset\yolo_f\images\train\Image_10665.jpg,0,3,3,0.18822483718395233,0.16867831349372864,0.1666543036699295,0.2924043536186218,0.1840381920337677,3,0.11555220186710358,0.07891135662794113,0.12557867169380188,0.5667266249656677,0.11323118209838867,3,0.11713434010744095,0.08246272802352905,0.13334277272224426,0.5469143986701965,0.1201457679271698
546,image_10674,D:\DataAI\AIEx\newdataset\yolo_f\images\train\Image_10674.jpg,0,3,3,0.18279540538787842,0.16368259489536285,0.1592329442501068,0.30288708209991455,0.19140200316905975,3,0.091758131980896,0.07184407114982605,0.11811251193284988,0.5804365277290344,0.13784877955913544,3,0.09391361474990845,0.07410602271556854,0.1277380883693695,0.5616901516914368,0.1425521820783615
548,image_10676,D:\DataAI\AIEx\newdataset\yolo_f\images\train\Image_10676.jpg,0,3,3,0.17472539842128754,0.17477990686893463,0.1712094098329544,0.2901378273963928,0.18914751708507538,3,0.09411788731813431,0.08104364573955536,0.12791700661182404,0.5590251684188843,0.13789625465869904,3,0.09679435938596725,0.08435916155576706,0.13651929795742035,0.5362880825996399,0.14603914320468903
553,image_10680,D:\DataAI\AIEx\newdataset\yolo_f\images\train\Image_10680.jpg,0,3,3,0.17892523109912872,0.16859960556030273,0.17045272886753082,0.3068965673446655,0.1751258671283722,3,0.09379269927740097,0.07311256229877472,0.13373425602912903,0.5790241956710815,0.12033628672361374,3,0.09656823426485062,0.07545609772205353,0.14257235825061798,0.5573855638504028,0.12801773846149445
560,image_10687,D:\DataAI\AIEx\newdataset\yolo_f\images\train\Image_10687.jpg,0,3,3,0.17320138216018677,0.19109630584716797,0.1296621561050415,0.3177323341369629,0.18830779194831848,3,0.08251030743122101,0.0805639922618866,0.12228493392467499,0.5759763121604919,0.13866445422172546,3,0.08511311560869217,0.08550062030553818,0.12947703897953033,0.5561666488647461,0.14374256134033203
565,image_10691,D:\DataAI\AIEx\newdataset\yolo_f\images\train\Image_10691.jpg,0,3,3,0.18677280843257904,0.17250551283359528,0.1344943791627884,0.3174586296081543,0.1887686401605606,3,0.09097271412611008,0.07443314045667648,0.12596093118190765,0.5783564448356628,0.13027678430080414,3,0.09349305927753448,0.07722202688455582,0.13424275815486908,0.5602741241455078,0.1347680240869522
571,image_10697,D:\DataAI\AIEx\newdataset\yolo_f\images\train\Image_10697.jpg,0,3,3,0.17906109988689423,0.17337679862976074,0.14143694937229156,0.32328784465789795,0.1828373372554779,3,0.08017662167549133,0.07166309654712677,0.12125127762556076,0.5915242433547974,0.1353847086429596,3,0.08191880583763123,0.07479315251111984,0.131366565823555,0.5715521574020386,0.14036937057971954
573,image_10699,D:\DataAI\AIEx\newdataset\yolo_f\images\train\Image_10699.jpg,0,3,3,0.18099817633628845,0.17078456282615662,0.14464865624904633,0.32285359501838684,0.18071500957012177,3,0.09003889560699463,0.07766728848218918,0.11899665743112564,0.5850954651832581,0.1282016932964325,3,0.09170009940862656,0.08024927973747253,0.1285674273967743,0.5650222897529602,0.13446085155010223
575,image_1070,D:\DataAI\AIEx\newdataset\yolo_f\images\train\Image_1070.jpg,0,2,2,0.1919923722743988,0.13183967769145966,0.2832730710506439,0.19668756425380707,0.19620729982852936,2,0.11631108075380325,0.060738615691661835,0.4516793191432953,0.22357946634292603,0.14769156277179718,2,0.11806448549032211,0.06301818788051605,0.4498923420906067,0.21790476143360138,0.15112021565437317
580,image_10704,D:\DataAI\AIEx\newdataset\yolo_f\images\train\Image_10704.jpg,0,3,3,0.19079063832759857,0.16404515504837036,0.14397090673446655,0.32376813888549805,0.17742519080638885,3,0.1030823290348053,0.07712796330451965,0.10746442526578903,0.5955144166946411,0.11681085079908371,3,0.10580127686262131,0.07797793298959732,0.11620036512613297,0.5785186886787415,0.12150169909000397
583,image_10707,D:\DataAI\AIEx\newdataset\yolo_f\images\train\Image_10707.jpg,0,3,3,0.19411171972751617,0.1561901718378067,0.14706967771053314,0.3236059248447418,0.17902250587940216,3,0.10515953600406647,0.07239508628845215,0.10711801052093506,0.6024464964866638,0.11288093775510788,3,0.1079508513212204,0.07417719811201096,0.11624975502490997,0.5841593146324158,0.11746294051408768
589,image_10712,D:\DataAI\AIEx\newdataset\yolo_f\images\train\Image_10712.jpg,0,3,3,0.1794712245464325,0.1808299720287323,0.1514335423707962,0.3050616383552551,0.1832035779953003,3,0.08897651731967926,0.079806387424469,0.1445128470659256,0.5606904625892639,0.12601381540298462,3,0.09144551306962967,0.08388960361480713,0.15174835920333862,0.5406256318092346,0.13229085505008698
595,image_10718,D:\DataAI\AIEx\newdataset\yolo_f\images\train\Image_10718.jpg,0,3,3,0.19438032805919647,0.1569596379995346,0.16874665021896362,0.29068654775619507,0.18922683596611023,3,0.10647547990083694,0.06815546751022339,0.14294704794883728,0.5638769865036011,0.11854498833417892,3,0.10753637552261353,0.06862621754407883,0.15852537751197815,0.5416626930236816,0.12364933639764786
599,image_10721,D:\DataAI\AIEx\newdataset\yolo_f\images\train\Image_10721.jpg,0,3,3,0.1933736801147461,0.16021457314491272,0.16188715398311615,0.29608723521232605,0.18843737244606018,3,0.1048179566860199,0.06735028326511383,0.13122224807739258,0.5752647519111633,0.12134485691785812,3,0.10685566812753677,0.06861775368452072,0.14224541187286377,0.5558269619941711,0.1264541894197464
605,image_10727,D:\DataAI\AIEx\newdataset\yolo_f\images\train\Image_10727.jpg,0,3,3,0.18061290681362152,0.164012610912323,0.17772641777992249,0.2952122688293457,0.18243584036827087,3,0.09665389358997345,0.07402113080024719,0.15497414767742157,0.5517577528953552,0.12259305268526077,3,0.09922212362289429,0.07716765254735947,0.16490589082241058,0.5294007062911987,0.1293036937713623
611,image_10732,D:\DataAI\AIEx\newdataset\yolo_f\images\train\Image_10732.jpg,0,3,3,0.18789567053318024,0.15554971992969513,0.1725272238254547,0.3002832531929016,0.1837441623210907,3,0.09840541332960129,0.06867317110300064,0.15247516334056854,0.5620281100273132,0.1184181496500969,3,0.10252479463815689,0.07216629385948181,0.16224271059036255,0.5384731888771057,0.12459296733140945
620,image_10741,D:\DataAI\AIEx\newdataset\yolo_f\images\train\Image_10741.jpg,0,3,3,0.1801125705242157,0.17271688580513,0.15678176283836365,0.3150152266025543,0.17537355422973633,3,0.09284771978855133,0.07079250365495682,0.11854904890060425,0.6016972661018372,0.11611352860927582,3,0.09456721693277359,0.0725390836596489,0.12660016119480133,0.5858128666877747,0.12048065662384033
626,image_10748,D:\DataAI\AIEx\newdataset\yolo_f\images\train\Image_10748.jpg,0,3,3,0.18978360295295715,0.16811266541481018,0.1845952868461609,0.2847557067871094,0.1727527529001236,3,0.1093006506562233,0.07139339298009872,0.14470426738262177,0.5503077507019043,0.12429396063089371,3,0.11124669015407562,0.07507708668708801,0.1542927324771881,0.527652382850647,0.1317310929298401
627,image_1075,D:\DataAI\AIEx\newdataset\yolo_f\images\train\Image_1075.jpg,0,2,2,0.1897396445274353,0.125240758061409,0.31291866302490234,0.19616523385047913,0.17593570053577423,2,0.12176647782325745,0.061742644757032394,0.48044079542160034,0.2121526002883911,0.1238974779844284,2,0.12476520985364914,0.06545790284872055,0.4745386242866516,0.21056057512760162,0.12467775493860245
634,image_10756,D:\DataAI\AIEx\newdataset\yolo_f\images\train\Image_10756.jpg,0,3,3,0.18392954766750336,0.18929988145828247,0.18402564525604248,0.2632628083229065,0.17948214709758759,3,0.11194853484630585,0.09294508397579193,0.16090627014636993,0.5175012350082397,0.11669883131980896,3,0.11368668079376221,0.09506780654191971,0.16944485902786255,0.4984671473503113,0.12333347648382187
635,image_10757,D:\DataAI\AIEx\newdataset\yolo_f\images\train\Image_10757.jpg,0,3,3,0.1871083378791809,0.1909271627664566,0.17677931487560272,0.2666464149951935,0.17853876948356628,3,0.11467762291431427,0.09811985492706299,0.16187803447246552,0.5082474946975708,0.11707698553800583,3,0.11636725813150406,0.0997256189584732,0.17027907073497772,0.4904281198978424,0.1231999471783638
645,image_10767,D:\DataAI\AIEx\newdataset\yolo_f\images\train\Image_10767.jpg,0,3,3,0.16972070932388306,0.16148582100868225,0.1957973688840866,0.27287739515304565,0.20011869072914124,3,0.08198332786560059,0.07155907899141312,0.2504435181617737,0.444007933139801,0.15200616419315338,3,0.08401425927877426,0.07464613765478134,0.2610393166542053,0.4251430332660675,0.15515725314617157
653,image_10777,D:\DataAI\AIEx\newdataset\yolo_f\images\train\Image_10777.jpg,0,3,3,0.17840494215488434,0.17251509428024292,0.1907244324684143,0.2824496030807495,0.17590594291687012,3,0.08349592238664627,0.07132801413536072,0.25117015838623047,0.46228933334350586,0.13171647489070892,3,0.08640039712190628,0.07419954985380173,0.2599250078201294,0.44380393624305725,0.13567107915878296
656,image_10780,D:\DataAI\AIEx\newdataset\yolo_f\images\train\Image_10780.jpg,0,3,3,0.17685791850090027,0.17671045660972595,0.17236483097076416,0.28778040409088135,0.18628637492656708,3,0.08316395431756973,0.06769060343503952,0.19051359593868256,0.5249379873275757,0.13369379937648773,3,0.0846695676445961,0.06858722120523453,0.20305149257183075,0.5027183294296265,0.14097343385219574
659,image_10785,D:\DataAI\AIEx\newdataset\yolo_f\images\train\Image_10785.jpg,0,3,3,0.18888342380523682,0.17723652720451355,0.15371808409690857,0.30232638120651245,0.1778355836868286,3,0.10291357338428497,0.07855769991874695,0.1747990995645523,0.5294470191001892,0.11428257077932358,3,0.10283594578504562,0.08022569864988327,0.1847352236509323,0.5101324915885925,0.12207061797380447
666,image_10798,D:\DataAI\AIEx\newdataset\yolo_f\images\train\Image_10798.jpg,0,3,3,0.14483042061328888,0.15727174282073975,0.20363575220108032,0.2840200364589691,0.21024207770824432,3,0.07249238342046738,0.06900351494550705,0.2645956873893738,0.4175616502761841,0.1763467937707901,3,0.07619715481996536,0.07205897569656372,0.2566348910331726,0.4101877212524414,0.1849212497472763
670,image_10802,D:\DataAI\AIEx\newdataset\yolo_f\images\train\Image_10802.jpg,0,3,3,0.18081966042518616,0.1716448813676834,0.15077750384807587,0.3183235228061676,0.17843447625637054,3,0.09502016752958298,0.07919751852750778,0.16729092597961426,0.5431227087974548,0.11536872386932373,3,0.09679349511861801,0.08458006381988525,0.17205296456813812,0.5255478620529175,0.12102565914392471
676,image_10810,D:\DataAI\AIEx\newdataset\yolo_f\images\train\Image_10810.jpg,0,3,3,0.1883702427148819,0.17715728282928467,0.17621900141239166,0.2849133610725403,0.1733401119709015,3,0.10544318705797195,0.08057507127523422,0.18947149813175201,0.503903865814209,0.1206064224243164,3,0.10643716156482697,0.08384320884943008,0.19702281057834625,0.4865528345108032,0.12614399194717407
682,image_10817,D:\DataAI\AIEx\newdataset\yolo_f\images\train\Image_10817.jpg,0,3,3,0.19450260698795319,0.16063639521598816,0.14987915754318237,0.30489248037338257,0.1900894045829773,3,0.09669488668441772,0.06647585332393646,0.14946672320365906,0.5628941655158997,0.1244683563709259,3,0.09907420724630356,0.06882721185684204,0.15498434007167816,0.5479599237442017,0.1291542947292328
683,image_10818,D:\DataAI\AIEx\newdataset\yolo_f\images\train\Image_10818.jpg,0,3,3,0.18907277286052704,0.15932117402553558,0.15576563775539398,0.30195921659469604,0.19388113915920258,3,0.09596026688814163,0.06705330312252045,0.16012683510780334,0.5520079731941223,0.12485162913799286,3,0.09757925570011139,0.06912588328123093,0.1679656207561493,0.5346514582633972,0.1306777447462082
686,image_10822,D:\DataAI\AIEx\newdataset\yolo_f\images\train\Image_10822.jpg,0,3,3,0.18868577480316162,0.1667901873588562,0.168387770652771,0.29086852073669434,0.18526773154735565,3,0.10332908481359482,0.07882588356733322,0.12763875722885132,0.5587306022644043,0.13147570192813873,3,0.10653584450483322,0.0828784629702568,0.13454638421535492,0.5367254018783569,0.13931389153003693
691,image_10834,D:\DataAI\AIEx\newdataset\yolo_f\images\train\Image_10834.jpg,0,3,3,0.1780622899532318,0.16891546547412872,0.19650796055793762,0.2782334089279175,0.17828088998794556,3,0.09198114275932312,0.07256073504686356,0.21754498779773712,0.49074578285217285,0.12716729938983917,3,0.09282184392213821,0.07592518627643585,0.22841614484786987,0.4697287678718567,0.13310806453227997
695,image_10839,D:\DataAI\AIEx\newdataset\yolo_f\images\train\Image_10839.jpg,0,3,3,0.18683381378650665,0.16726849973201752,0.1858101338148117,0.28601983189582825,0.17406770586967468,3,0.10041695088148117,0.0738748237490654,0.16910728812217712,0.5331341028213501,0.1234668418765068,3,0.1028444692492485,0.0771777406334877,0.1784878969192505,0.5124508142471313,0.129039004445076
700,image_10848,D:\DataAI\AIEx\newdataset\yolo_f\images\train\Image_10848.jpg,0,3,3,0.20253348350524902,0.14729809761047363,0.19273065030574799,0.2747099995613098,0.18272772431373596,3,0.1289481818675995,0.06793901324272156,0.12298726290464401,0.4656548500061035,0.2144707441329956,3,0.12990018725395203,0.06868566572666168,0.13397455215454102,0.4516061544418335,0.2158333659172058
709,image_10857,D:\DataAI\AIEx\newdataset\yolo_f\images\train\Image_10857.jpg,0,3,3,0.18513239920139313,0.16892141103744507,0.17888253927230835,0.301827609539032,0.16523607075214386,3,0.1186477541923523,0.07650876045227051,0.14276060461997986,0.5369623899459839,0.12512049078941345,3,0.12162637710571289,0.07946212589740753,0.1515047699213028,0.519711971282959,0.12769478559494019
711,image_10860,D:\DataAI\AIEx\newdataset\yolo_f\images\train\Image_10860.jpg,0,3,3,0.18544653058052063,0.18342669308185577,0.1753780096769333,0.3036780059337616,0.1520707607269287,3,0.11874084174633026,0.09261227399110794,0.15317918360233307,0.5179328322410583,0.11753491312265396,3,0.12228784710168839,0.09455487877130508,0.16141623258590698,0.5020822286605835,0.11965879052877426
718,image_10875,D:\DataAI\AIEx\newdataset\yolo_f\images\train\Image_10875.jpg,0,3,3,0.17971831560134888,0.14932744204998016,0.17072361707687378,0.3237207531929016,0.17650987207889557,3,0.1076299250125885,0.07898916304111481,0.13281787931919098,0.5494600534439087,0.13110296428203583,3,0.10944044589996338,0.08154890686273575,0.1405075341463089,0.5344558358192444,0.13404721021652222
725,image_10889,D:\DataAI\AIEx\newdataset\yolo_f\images\train\Image_10889.jpg,0,3,3,0.1976487636566162,0.16091610491275787,0.15691854059696198,0.29748639464378357,0.18703019618988037,3,0.11553392559289932,0.0836341604590416,0.15473507344722748,0.5129889845848083,0.13310787081718445,3,0.1193881407380104,0.08708598464727402,0.1619589626789093,0.4921923279762268,0.13937462866306305
729,image_10903,D:\DataAI\AIEx\newdataset\yolo_f\images\train\Image_10903.jpg,0,3,3,0.20680536329746246,0.12951573729515076,0.15486714243888855,0.330626517534256,0.17818523943424225,3,0.11482478678226471,0.057836487889289856,0.1385306566953659,0.5844061374664307,0.10440189391374588,3,0.11859098076820374,0.06354354321956635,0.14745274186134338,0.5590322017669678,0.11138053983449936
736,image_10922,D:\DataAI\AIEx\newdataset\yolo_f\images\train\Image_10922.jpg,0,3,3,0.18403840065002441,0.1479189544916153,0.14098016917705536,0.34017935395240784,0.1868830919265747,3,0.09685961157083511,0.07325738668441772,0.12657685577869415,0.5736905932426453,0.12961551547050476,3,0.09925780445337296,0.07963263988494873,0.1367073506116867,0.5518100261688232,0.13259218633174896
740,image_10929,D:\DataAI\AIEx\newdataset\yolo_f\images\train\Image_10929.jpg,0,3,3,0.18274430930614471,0.15603791177272797,0.13881348073482513,0.34332871437072754,0.17907562851905823,3,0.09496540576219559,0.07564295828342438,0.1286165565252304,0.5849782824516296,0.11579683423042297,3,0.09826166182756424,0.08187171071767807,0.14040741324424744,0.5608007907867432,0.1186584085226059
748,image_10940,D:\DataAI\AIEx\newdataset\yolo_f\images\train\Image_10940.jpg,0,3,3,0.184586763381958,0.1429954469203949,0.1556837111711502,0.3348197042942047,0.18191438913345337,3,0.09077208489179611,0.07121139764785767,0.1542937308549881,0.5521621704101562,0.1315605789422989,3,0.0960441455245018,0.07611926645040512,0.16454879939556122,0.5285528898239136,0.1347348988056183
753,image_10947,D:\DataAI\AIEx\newdataset\yolo_f\images\train\Image_10947.jpg,0,3,3,0.19035083055496216,0.14679774641990662,0.18189673125743866,0.30201256275177,0.17894214391708374,3,0.1022617518901825,0.07034116983413696,0.2524722218513489,0.4494527578353882,0.12547211349010468,3,0.10552612692117691,0.07571056485176086,0.2571180760860443,0.4327845871448517,0.12886062264442444
759,image_10957,D:\DataAI\AIEx\newdataset\yolo_f\images\train\Image_10957.jpg,0,3,3,0.18751753866672516,0.16846682131290436,0.1473550945520401,0.3170100748538971,0.1796504259109497,3,0.10908053070306778,0.08463279157876968,0.14300580322742462,0.5289758443832397,0.13430504500865936,3,0.1109035536646843,0.09085322171449661,0.1509411334991455,0.510147750377655,0.13715434074401855
760,image_10958,D:\DataAI\AIEx\newdataset\yolo_f\images\train\Image_10958.jpg,0,3,3,0.1881844699382782,0.1662665456533432,0.14820021390914917,0.3224312365055084,0.1749175786972046,3,0.10952272266149521,0.08290909975767136,0.13624124228954315,0.5444323420524597,0.12689457833766937,3,0.11203702539205551,0.08914262056350708,0.14379648864269257,0.5249306559562683,0.13009317219257355
763,image_10962,D:\DataAI\AIEx\newdataset\yolo_f\images\train\Image_10962.jpg,0,3,3,0.18958984315395355,0.1769258677959442,0.1669173389673233,0.29478180408477783,0.17178510129451752,3,0.1097143366932869,0.0904284343123436,0.20552471280097961,0.46892979741096497,0.1254028081893921,3,0.11212482303380966,0.09851601719856262,0.20835994184017181,0.45240288972854614,0.12859635055065155
765,image_10965,D:\DataAI\AIEx\newdataset\yolo_f\images\train\Image_10965.jpg,0,3,3,0.19951175153255463,0.17020027339458466,0.1692046821117401,0.28696349263191223,0.17411981523036957,3,0.11638814210891724,0.08602316677570343,0.17717622220516205,0.49608829617500305,0.12432416528463364,3,0.11980682611465454,0.09177158772945404,0.18276263773441315,0.4769511818885803,0.12870772182941437
777,image_10980,D:\DataAI\AIEx\newdataset\yolo_f\images\train\Image_10980.jpg,0,3,3,0.18989960849285126,0.1575354039669037,0.14955855906009674,0.3203660547733307,0.18264034390449524,3,0.10712163895368576,0.08480672538280487,0.1420724242925644,0.5214444994926453,0.1445547342300415,3,0.11050625890493393,0.09134287387132645,0.15031668543815613,0.501404881477356,0.14642934501171112
782,image_10987,D:\DataAI\AIEx\newdataset\yolo_f\images\train\Image_10987.jpg,0,3,3,0.18411076068878174,0.1550195962190628,0.16708733141422272,0.31972306966781616,0.1740592122077942,3,0.09319912642240524,0.06955687701702118,0.17188161611557007,0.5262736678123474,0.1390886753797531,3,0.09749855101108551,0.07494296133518219,0.18232713639736176,0.5019495487213135,0.14328183233737946
787,image_10995,D:\DataAI\AIEx\newdataset\yolo_f\images\train\Image_10995.jpg,0,1,1,0.17786338925361633,0.3650975227355957,0.14128676056861877,0.1367640197277069,0.1789882630109787,1,0.19389007985591888,0.30114415287971497,0.20826980471611023,0.11713451147079468,0.17956146597862244,1,0.19161343574523926,0.3085930347442627,0.20437759160995483,0.11579521000385284,0.17962074279785156
794,image_11001,D:\DataAI\AIEx\newdataset\yolo_f\images\train\Image_11001.jpg,0,2,2,0.19352948665618896,0.12999409437179565,0.30771440267562866,0.19151297211647034,0.17724904417991638,2,0.10270582139492035,0.05152978003025055,0.5401539206504822,0.202708438038826,0.10290198773145676,2,0.10414707660675049,0.05264807492494583,0.5359954833984375,0.20090998709201813,0.10629937052726746
797,image_11005,D:\DataAI\AIEx\newdataset\yolo_f\images\train\Image_11005.jpg,0,3,3,0.19218336045742035,0.1659831553697586,0.16586847603321075,0.29080915451049805,0.18515586853027344,3,0.10839712619781494,0.07297482341527939,0.12495560199022293,0.568290114402771,0.12538230419158936,3,0.1106782928109169,0.07604213804006577,0.13471873104572296,0.5467724204063416,0.13178835809230804
804,image_1120,D:\DataAI\AIEx\newdataset\yolo_f\images\train\Image_1120.jpg,0,0,0,0.34874042868614197,0.12810209393501282,0.16205593943595886,0.18455472588539124,0.1765468418598175,0,0.6207373738288879,0.08348216116428375,0.094293974339962,0.10827420651912689,0.09321226179599762,0,0.6259188055992126,0.08259972184896469,0.09339636564254761,0.10800094902515411,0.09008410573005676
807,image_1129,D:\DataAI\AIEx\newdataset\yolo_f\images\train\Image_1129.jpg,0,0,0,0.3411983847618103,0.1543460339307785,0.16776147484779358,0.17030979692935944,0.16638430953025818,0,0.6178220510482788,0.09107116609811783,0.10149924457073212,0.10624032467603683,0.0833672508597374,0,0.624375581741333,0.08892272412776947,0.10031409561634064,0.10519741475582123,0.08119018375873566
810,image_1131,D:\DataAI\AIEx\newdataset\yolo_f\images\train\Image_1131.jpg,0,0,0,0.33903416991233826,0.15953008830547333,0.17628608644008636,0.15943081676959991,0.16571882367134094,0,0.6117150187492371,0.08920694887638092,0.1064000129699707,0.09678483009338379,0.09589320421218872,0,0.617672860622406,0.08770395815372467,0.10552024841308594,0.0957266315817833,0.09337633103132248
814,image_1138,D:\DataAI\AIEx\newdataset\yolo_f\images\train\Image_1138.jpg,0,0,0,0.31762799620628357,0.16369269788265228,0.17982499301433563,0.15995560586452484,0.17889870703220367,0,0.5810357332229614,0.09754836559295654,0.10129919648170471,0.1034761592745781,0.11664053797721863,0,0.5863276720046997,0.09663562476634979,0.10001777857542038,0.10370969772338867,0.11330917477607727
820,image_1149,D:\DataAI\AIEx\newdataset\yolo_f\images\train\Image_1149.jpg,0,0,0,0.28011593222618103,0.17411842942237854,0.18409405648708344,0.159546360373497,0.20212526619434357,0,0.5360799431800842,0.11668207496404648,0.11155907809734344,0.09805131703615189,0.13762760162353516,0,0.5448342561721802,0.11542253196239471,0.11032477021217346,0.09717930108308792,0.1322392076253891
823,image_1152,D:\DataAI\AIEx\newdataset\yolo_f\images\train\Image_1152.jpg,0,0,0,0.3493472635746002,0.1388329416513443,0.16491499543190002,0.16592951118946075,0.18097524344921112,0,0.6226157546043396,0.09098417311906815,0.09430234879255295,0.09485654532909393,0.09724114090204239,0,0.6276296377182007,0.08929809927940369,0.09333042800426483,0.0948515236377716,0.09489033371210098
831,image_11571,D:\DataAI\AIEx\newdataset\yolo_f\images\train\Image_11571.jpg,0,3,3,0.19347061216831207,0.15399238467216492,0.18044349551200867,0.29256847500801086,0.1795250028371811,3,0.11838255077600479,0.06753004342317581,0.12541987001895905,0.5544057488441467,0.13426178693771362,3,0.12024258077144623,0.06862340867519379,0.13381798565387726,0.5372926592826843,0.1400233954191208
835,image_11577,D:\DataAI\AIEx\newdataset\yolo_f\images\train\Image_11577.jpg,0,3,3,0.19566622376441956,0.1617235392332077,0.17314234375953674,0.28115662932395935,0.18831124901771545,3,0.11442694067955017,0.06880784034729004,0.12326644361019135,0.5526124238967896,0.1408863216638565,3,0.11640407890081406,0.07055118680000305,0.1328308880329132,0.5329856872558594,0.1472282111644745
842,image_11583,D:\DataAI\AIEx\newdataset\yolo_f\images\train\Image_11583.jpg,0,3,3,0.19499532878398895,0.15594333410263062,0.176886186003685,0.2838411033153534,0.18833403289318085,3,0.11707394570112228,0.06651541590690613,0.12754759192466736,0.5506325364112854,0.13823053240776062,3,0.11897505819797516,0.06834153831005096,0.1358247697353363,0.5322643518447876,0.14459428191184998
843,image_11585,D:\DataAI\AIEx\newdataset\yolo_f\images\train\Image_11585.jpg,0,3,3,0.19197599589824677,0.1601821929216385,0.1516336053609848,0.3092811405658722,0.18692705035209656,3,0.10497409105300903,0.06946700811386108,0.10587763041257858,0.5894815921783447,0.13019973039627075,3,0.10668110847473145,0.07177414000034332,0.11448648571968079,0.5734015703201294,0.13365663588047028
850,image_11594,D:\DataAI\AIEx\newdataset\yolo_f\images\train\Image_11594.jpg,0,3,3,0.18622460961341858,0.16670425236225128,0.15890420973300934,0.29931968450546265,0.18884725868701935,3,0.11231765151023865,0.0746261477470398,0.10867681354284286,0.5676122307777405,0.1367671936750412,3,0.11422436684370041,0.0762057825922966,0.11619605869054794,0.5503864884376526,0.14298726618289948
856,image_116,D:\DataAI\AIEx\newdataset\yolo_f\images\train\Image_116.jpg,0,0,1,0.2478376179933548,0.27361637353897095,0.16731467843055725,0.1730438619852066,0.1381874680519104,0,0.4386017620563507,0.2334243506193161,0.12563586235046387,0.10955065488815308,0.09278741478919983,0,0.4371207654476166,0.2346501350402832,0.12652094662189484,0.11011359095573425,0.09159459173679352
857,image_11600,D:\DataAI\AIEx\newdataset\yolo_f\images\train\Image_11600.jpg,0,3,3,0.19077913463115692,0.1547221541404724,0.17018508911132812,0.3067113161087036,0.17760230600833893,3,0.11248596012592316,0.06696594506502151,0.11160188168287277,0.5819055438041687,0.12704062461853027,3,0.11417486518621445,0.06855432689189911,0.11928806453943253,0.5652052760124207,0.13277746737003326
863,image_117,D:\DataAI\AIEx\newdataset\yolo_f\images\train\Image_117.jpg,0,0,0,0.2705098092556,0.23954087495803833,0.1677962988615036,0.16066217422485352,0.16149084270000458,0,0.47652462124824524,0.20708565413951874,0.10009575635194778,0.1001664325594902,0.11612749844789505,0,0.4773422181606293,0.207052543759346,0.10172132402658463,0.10161746293306351,0.1122664213180542
868,image_1176,D:\DataAI\AIEx\newdataset\yolo_f\images\train\Image_1176.jpg,0,0,0,0.36390888690948486,0.145719513297081,0.16879616677761078,0.16792169213294983,0.15365366637706757,0,0.6398191452026367,0.09482543170452118,0.0947638750076294,0.09661895036697388,0.07397259771823883,0,0.6450170874595642,0.09349333494901657,0.0933993011713028,0.09587865322828293,0.0722116082906723
874,image_119,D:\DataAI\AIEx\newdataset\yolo_f\images\train\Image_119.jpg,0,0,0,0.3516591191291809,0.14509962499141693,0.19365352392196655,0.17421123385429382,0.13537655770778656,0,0.5553458333015442,0.1333846002817154,0.11403270065784454,0.10330359637737274,0.09393321722745895,0,0.5512032508850098,0.13513527810573578,0.1171627789735794,0.10391927510499954,0.09257946163415909
878,image_1193,D:\DataAI\AIEx\newdataset\yolo_f\images\train\Image_1193.jpg,0,0,0,0.36189520359039307,0.14381153881549835,0.16172060370445251,0.17115765810012817,0.1614149808883667,0,0.6149575710296631,0.08462733030319214,0.09682822227478027,0.10139758139848709,0.10218936204910278,0,0.620996356010437,0.08403299748897552,0.09595879912376404,0.1013260930776596,0.09768575429916382
888,image_121,D:\DataAI\AIEx\newdataset\yolo_f\images\train\Image_121.jpg,0,0,0,0.352714866399765,0.15693902969360352,0.15342257916927338,0.18302756547927856,0.15389588475227356,0,0.5176526308059692,0.14395175874233246,0.11438468843698502,0.11811397969722748,0.1058969497680664,0,0.5209083557128906,0.14258241653442383,0.1145579144358635,0.11816031485795975,0.10379097610712051
889,image_1210,D:\DataAI\AIEx\newdataset\yolo_f\images\train\Image_1210.jpg,0,0,0,0.3393949568271637,0.14019246399402618,0.1757151186466217,0.17064644396305084,0.17405101656913757,0,0.603244423866272,0.08614647388458252,0.10040568560361862,0.10750721395015717,0.10269629210233688,0,0.6091412901878357,0.08517424017190933,0.09907466918230057,0.10638812929391861,0.10022176057100296
895,image_1221,D:\DataAI\AIEx\newdataset\yolo_f\images\train\Image_1221.jpg,0,0,0,0.3415279686450958,0.1101333498954773,0.1821981519460678,0.1894012987613678,0.17673921585083008,0,0.5943061709403992,0.07762917131185532,0.10827427357435226,0.12177595496177673,0.09801439195871353,0,0.6000019311904907,0.07691407948732376,0.10675878077745438,0.11985637247562408,0.09646886587142944
903,image_1231,D:\DataAI\AIEx\newdataset\yolo_f\images\train\Image_1231.jpg,0,0,0,0.376931756734848,0.09117168188095093,0.18891683220863342,0.18687859177589417,0.15610112249851227,0,0.622991144657135,0.06460200995206833,0.10477258265018463,0.11759892106056213,0.09003537148237228,0,0.6290392279624939,0.06358636915683746,0.10324303805828094,0.11582281440496445,0.08830854296684265
905,image_1234,D:\DataAI\AIEx\newdataset\yolo_f\images\train\Image_1234.jpg,0,0,0,0.3542149066925049,0.13275104761123657,0.18334630131721497,0.17339466512203217,0.15629306435585022,0,0.610978364944458,0.0932692363858223,0.10200518369674683,0.102610744535923,0.09113644808530807,0,0.6165939569473267,0.09326595067977905,0.10020926594734192,0.10098262876272202,0.08894820511341095
921,image_1255,D:\DataAI\AIEx\newdataset\yolo_f\images\train\Image_1255.jpg,0,0,0,0.35004571080207825,0.14716124534606934,0.1702161282300949,0.16522067785263062,0.16735625267028809,0,0.6373528838157654,0.09201215207576752,0.09444109350442886,0.08933499455451965,0.08685878664255142,0,0.645745038986206,0.08959753066301346,0.09278954565525055,0.08798021823167801,0.08388756215572357
922,image_1256,D:\DataAI\AIEx\newdataset\yolo_f\images\train\Image_1256.jpg,0,0,0,0.3541922867298126,0.13699834048748016,0.1675160825252533,0.1746455281972885,0.1666477918624878,0,0.65680992603302,0.08423221111297607,0.0900368019938469,0.09458260983228683,0.07433848083019257,0,0.6614166498184204,0.08302517235279083,0.08900055289268494,0.09380535036325455,0.07275229692459106
925,image_1261,D:\DataAI\AIEx\newdataset\yolo_f\images\train\Image_1261.jpg,0,0,0,0.36620572209358215,0.14941611886024475,0.15510022640228271,0.16908134520053864,0.16019658744335175,0,0.6252887845039368,0.09936289489269257,0.08801616728305817,0.1028733178973198,0.08445888012647629,0,0.6328622698783875,0.09780456870794296,0.08648543804883957,0.10148600488901138,0.08136174827814102
929,image_1265,D:\DataAI\AIEx\newdataset\yolo_f\images\train\Image_1265.jpg,0,0,0,0.32497638463974,0.14728251099586487,0.1603965312242508,0.18186791241168976,0.185476616024971,0,0.6048087477684021,0.08829987794160843,0.09113109856843948,0.11793379485607147,0.09782645106315613,0,0.6124043464660645,0.08733800798654556,0.08981560170650482,0.11618933081626892,0.09425270557403564
933,image_1269,D:\DataAI\AIEx\newdataset\yolo_f\images\train\Image_1269.jpg,0,0,0,0.3772522807121277,0.12348126620054245,0.16492454707622528,0.16580745577812195,0.16853444278240204,0,0.6492511630058289,0.08031449466943741,0.08915501087903976,0.09916894137859344,0.08211037516593933,0,0.6548882722854614,0.07924363762140274,0.08809210360050201,0.09787264466285706,0.07990337908267975
936,image_1271,D:\DataAI\AIEx\newdataset\yolo_f\images\train\Image_1271.jpg,0,0,0,0.36924636363983154,0.13753268122673035,0.17314870655536652,0.16037188470363617,0.15970031917095184,0,0.6462485194206238,0.09100430458784103,0.09632796049118042,0.09189463406801224,0.07452458888292313,0,0.6514565348625183,0.08995691686868668,0.0948113352060318,0.09143354743719101,0.07234162092208862
943,image_12769,D:\DataAI\AIEx\newdataset\yolo_f\images\train\Image_12769.jpg,0,3,3,0.18416950106620789,0.1730322688817978,0.13400131464004517,0.3320319354534149,0.17676499485969543,3,0.09940708428621292,0.07646535336971283,0.10048006474971771,0.6265251636505127,0.09712240099906921,3,0.10198727995157242,0.08054780960083008,0.11060338467359543,0.6037250757217407,0.10313645005226135
949,image_12778,D:\DataAI\AIEx\newdataset\yolo_f\images\train\Image_12778.jpg,0,3,3,0.1765960156917572,0.1403181254863739,0.16889789700508118,0.31749433279037476,0.1966935694217682,3,0.09349263459444046,0.06155306473374367,0.16570332646369934,0.5460796356201172,0.13317134976387024,3,0.09484657645225525,0.06384377926588058,0.1747603863477707,0.527407169342041,0.13914211094379425
956,image_12790,D:\DataAI\AIEx\newdataset\yolo_f\images\train\Image_12790.jpg,0,3,3,0.18168693780899048,0.15928904712200165,0.16628216207027435,0.31581297516822815,0.17692887783050537,3,0.08912857621908188,0.0672973021864891,0.19826677441596985,0.531204879283905,0.11410244554281235,3,0.09198110550642014,0.07094703614711761,0.20414169132709503,0.5146946310997009,0.11823548376560211
958,image_12792,D:\DataAI\AIEx\newdataset\yolo_f\images\train\Image_12792.jpg,0,3,3,0.18789662420749664,0.15421487390995026,0.18298111855983734,0.29064998030662537,0.1842574179172516,3,0.09824785590171814,0.06204233691096306,0.2581499218940735,0.4763658344745636,0.10519406199455261,3,0.10109923779964447,0.06478770822286606,0.2657032608985901,0.4601916968822479,0.10821809619665146
963,image_12799,D:\DataAI\AIEx\newdataset\yolo_f\images\train\Image_12799.jpg,0,3,3,0.17276223003864288,0.16191062331199646,0.15551342070102692,0.3397201895713806,0.17009353637695312,3,0.0820460245013237,0.061211053282022476,0.13112562894821167,0.6300092339515686,0.09560804069042206,3,0.08470330387353897,0.06506077945232391,0.1406777799129486,0.6077014803886414,0.10185661911964417
966,image_12804,D:\DataAI\AIEx\newdataset\yolo_f\images\train\Image_12804.jpg,0,3,3,0.1841759830713272,0.16578108072280884,0.1409926563501358,0.3334521949291229,0.1755981147289276,3,0.09413357079029083,0.07065913826227188,0.1452534943819046,0.5867846012115479,0.10316924750804901,3,0.0971929281949997,0.07519470155239105,0.15398544073104858,0.5647287368774414,0.10889820009469986
972,image_12819,D:\DataAI\AIEx\newdataset\yolo_f\images\train\Image_12819.jpg,0,2,3,0.1627054661512375,0.1611408144235611,0.21578525006771088,0.2477256804704666,0.21264280378818512,3,0.09077087789773941,0.06536786258220673,0.26760485768318176,0.4502176344394684,0.12603877484798431,3,0.09246430546045303,0.06743577122688293,0.28037798404693604,0.4300789535045624,0.1296430081129074
973,image_12819,D:\DataAI\AIEx\newdataset\yolo_f\images\train\Image_12819.jpg,0,3,3,0.1865532100200653,0.17160940170288086,0.14344479143619537,0.3238314092159271,0.17456112802028656,3,0.09871899336576462,0.07715901732444763,0.12516066431999207,0.5989965796470642,0.09996480494737625,3,0.10193033516407013,0.08262331783771515,0.13068044185638428,0.5767025351524353,0.10806339234113693
977,image_12829,D:\DataAI\AIEx\newdataset\yolo_f\images\train\Image_12829.jpg,0,3,3,0.1645701825618744,0.16910476982593536,0.15337656438350677,0.329082190990448,0.18386626243591309,3,0.08271703124046326,0.06608261913061142,0.13394363224506378,0.6023145914077759,0.11494208872318268,3,0.08608537912368774,0.07000859826803207,0.1398218423128128,0.5845921039581299,0.11949201673269272
986,image_1285,D:\DataAI\AIEx\newdataset\yolo_f\images\train\Image_1285.jpg,0,0,0,0.35705652832984924,0.14070944488048553,0.15554508566856384,0.1713348925113678,0.17535409331321716,0,0.6315066814422607,0.08719255775213242,0.08746650815010071,0.11015339195728302,0.08368087559938431,0,0.6363575458526611,0.08660455048084259,0.08667274564504623,0.10858504474163055,0.08178011327981949
988,image_12854,D:\DataAI\AIEx\newdataset\yolo_f\images\train\Image_12854.jpg,0,3,3,0.17390955984592438,0.13925080001354218,0.16311275959014893,0.32548263669013977,0.19824422895908356,3,0.08489658683538437,0.053590185940265656,0.15462510287761688,0.5770484209060669,0.129839688539505,3,0.08596385270357132,0.05553083494305611,0.1542244553565979,0.568554699420929,0.1357261836528778
993,image_12862,D:\DataAI\AIEx\newdataset\yolo_f\images\train\Image_12862.jpg,0,3,3,0.1911751627922058,0.17804910242557526,0.1372530609369278,0.3206549882888794,0.17286773025989532,3,0.10299722850322723,0.07603836059570312,0.12103427201509476,0.5924893617630005,0.1074407696723938,3,0.10405474901199341,0.07959600538015366,0.12709826231002808,0.5754289031028748,0.11382210999727249
998,image_12875,D:\DataAI\AIEx\newdataset\yolo_f\images\train\Image_12875.jpg,0,3,3,0.18096502125263214,0.16765162348747253,0.12723882496356964,0.33849644660949707,0.18564802408218384,3,0.09990453720092773,0.07029632478952408,0.12386025488376617,0.6103639602661133,0.09557485580444336,3,0.10130774229764938,0.0738564059138298,0.12716388702392578,0.5956962704658508,0.1019757017493248
1002,image_12884,D:\DataAI\AIEx\newdataset\yolo_f\images\train\Image_12884.jpg,0,3,3,0.17066073417663574,0.15839360654354095,0.1886860877275467,0.2872156798839569,0.19504393637180328,3,0.09756185114383698,0.06532429903745651,0.14287230372428894,0.5662437677383423,0.12799778580665588,3,0.10037471354007721,0.06438489258289337,0.14601179957389832,0.5562155842781067,0.13301295042037964
1004,image_12888,D:\DataAI\AIEx\newdataset\yolo_f\images\train\Image_12888.jpg,0,3,3,0.18405914306640625,0.17514954507350922,0.1294565498828888,0.32624557614326477,0.18508918583393097,3,0.09952618181705475,0.07193223387002945,0.11112529784440994,0.6117144227027893,0.10570190846920013,3,0.10084064304828644,0.07511473447084427,0.11618205904960632,0.5953369736671448,0.1125255599617958
1005,image_12889,D:\DataAI\AIEx\newdataset\yolo_f\images\train\Image_12889.jpg,0,3,3,0.18201285600662231,0.16987429559230804,0.1348930448293686,0.3271946907043457,0.18602512776851654,3,0.09494394809007645,0.07025805860757828,0.11692894250154495,0.6167685985565186,0.10110041499137878,3,0.0955539271235466,0.07343399524688721,0.12164665013551712,0.6017228960990906,0.1076425090432167
1011,image_12902,D:\DataAI\AIEx\newdataset\yolo_f\images\train\Image_12902.jpg,0,3,3,0.1868681013584137,0.1786346137523651,0.1295217126607895,0.3231745958328247,0.1818009465932846,3,0.10594915598630905,0.078524149954319,0.11349356174468994,0.5956737995147705,0.10635935515165329,3,0.10700564831495285,0.07889842987060547,0.11744680255651474,0.5847732424736023,0.11187589913606644
1020,image_12929,D:\DataAI\AIEx\newdataset\yolo_f\images\train\Image_12929.jpg,0,3,3,0.18678665161132812,0.15960752964019775,0.16973426938056946,0.3067288398742676,0.17714272439479828,3,0.09894298762083054,0.06772924214601517,0.1393808126449585,0.5789116621017456,0.11503530293703079,3,0.09880149364471436,0.0704202726483345,0.14742636680603027,0.5622748136520386,0.1210770457983017
1023,image_12934,D:\DataAI\AIEx\newdataset\yolo_f\images\train\Image_12934.jpg,0,3,3,0.18280529975891113,0.13248786330223083,0.13481929898262024,0.3507492244243622,0.19913828372955322,3,0.0873001292347908,0.05687859654426575,0.1194663867354393,0.616373598575592,0.1199813261628151,3,0.09034550189971924,0.06037142500281334,0.12795710563659668,0.595842182636261,0.12548372149467468
1027,image_12940,D:\DataAI\AIEx\newdataset\yolo_f\images\train\Image_12940.jpg,0,3,3,0.16846907138824463,0.17002761363983154,0.12319450080394745,0.34921684861183167,0.18909196555614471,3,0.09102536737918854,0.07125307619571686,0.09210801124572754,0.6460234522819519,0.09959008544683456,3,0.09260445833206177,0.07600797712802887,0.10149253904819489,0.6239364743232727,0.10595857352018356
1033,image_12958,D:\DataAI\AIEx\newdataset\yolo_f\images\train\Image_12958.jpg,0,3,3,0.1761486977338791,0.14851044118404388,0.16554078459739685,0.3266589939594269,0.1831410974264145,3,0.0942705050110817,0.05698862671852112,0.11748050153255463,0.5962555408477783,0.13500481843948364,3,0.09644173830747604,0.059228237718343735,0.1269572228193283,0.5770939588546753,0.14027878642082214
1035,image_12961,D:\DataAI\AIEx\newdataset\yolo_f\images\train\Image_12961.jpg,0,3,3,0.18785393238067627,0.16460490226745605,0.11351713538169861,0.360617071390152,0.17340689897537231,3,0.0947510227560997,0.07080137729644775,0.09395107626914978,0.6455209255218506,0.09497562050819397,3,0.09785632789134979,0.07638862729072571,0.10037106275558472,0.6253522038459778,0.10003183782100677
1037,image_12963,D:\DataAI\AIEx\newdataset\yolo_f\images\train\Image_12963.jpg,0,3,3,0.19128520786762238,0.16068314015865326,0.12635356187820435,0.34081128239631653,0.1808667778968811,3,0.09464376419782639,0.06512011587619781,0.1105027124285698,0.6398413181304932,0.08989208191633224,3,0.09615232050418854,0.07075580209493637,0.11698850244283676,0.619496762752533,0.09660660475492477
1048,image_12977,D:\DataAI\AIEx\newdataset\yolo_f\images\train\Image_12977.jpg,0,3,3,0.17928680777549744,0.16248801350593567,0.15269558131694794,0.32847580313682556,0.1770537793636322,3,0.09165893495082855,0.07683301717042923,0.11482667922973633,0.6066309809684753,0.11005035042762756,3,0.09297282993793488,0.07809070497751236,0.12557493150234222,0.5887673497200012,0.11459421366453171
1053,image_12981,D:\DataAI\AIEx\newdataset\yolo_f\images\train\Image_12981.jpg,0,3,3,0.17007535696029663,0.1628757119178772,0.15619871020317078,0.32981398701667786,0.18103620409965515,3,0.07884829491376877,0.06836172193288803,0.13628461956977844,0.6083295941352844,0.1081758663058281,3,0.08105622977018356,0.07110397517681122,0.14694754779338837,0.5873876810073853,0.11350453644990921
1055,image_12983,D:\DataAI\AIEx\newdataset\yolo_f\images\train\Image_12983.jpg,0,3,3,0.16204725205898285,0.15768828988075256,0.1561729907989502,0.32657262682914734,0.19751878082752228,3,0.08176562190055847,0.061700545251369476,0.12187524884939194,0.5933814644813538,0.14127713441848755,3,0.08406230062246323,0.06557455658912659,0.1303827166557312,0.5732864141464233,0.14669401943683624
1064,image_12998,D:\DataAI\AIEx\newdataset\yolo_f\images\train\Image_12998.jpg,0,3,3,0.1748833805322647,0.15729960799217224,0.150701105594635,0.3353736698627472,0.18174225091934204,3,0.08876597881317139,0.07163933664560318,0.12247731536626816,0.6133595108985901,0.10375779867172241,3,0.09015320986509323,0.07450120151042938,0.1337824910879135,0.5914101004600525,0.11015301197767258
1068,image_13000,D:\DataAI\AIEx\newdataset\yolo_f\images\train\Image_13000.jpg,0,3,3,0.17467288672924042,0.16479472815990448,0.15917102992534637,0.32349464297294617,0.17786668241024017,3,0.09077662229537964,0.07431765645742416,0.12755435705184937,0.6001327633857727,0.10721855610609055,3,0.09321355819702148,0.07672508805990219,0.1376667618751526,0.5796909332275391,0.11270365864038467
1069,image_13001,D:\DataAI\AIEx\newdataset\yolo_f\images\train\Image_13001.jpg,0,3,3,0.16789788007736206,0.16600917279720306,0.17145897448062897,0.31263044476509094,0.18200355768203735,3,0.08887043595314026,0.07344675064086914,0.12852045893669128,0.5961205959320068,0.11304178088903427,3,0.09006192535161972,0.07597239315509796,0.13902558386325836,0.5760954022407532,0.11884469538927078
1079,image_13013,D:\DataAI\AIEx\newdataset\yolo_f\images\train\Image_13013.jpg,0,3,3,0.17716209590435028,0.1567205786705017,0.15577782690525055,0.3336031436920166,0.17673636972904205,3,0.08054576814174652,0.06348005682229996,0.164915069937706,0.5944274067878723,0.09663166850805283,3,0.08294050395488739,0.06705520302057266,0.1767658144235611,0.5722898840904236,0.10094860196113586
1085,image_13021,D:\DataAI\AIEx\newdataset\yolo_f\images\train\Image_13021.jpg,0,3,3,0.1838376671075821,0.14203068614006042,0.1912510097026825,0.30129504203796387,0.18158558011054993,3,0.08534196019172668,0.059470273554325104,0.2402956634759903,0.489826500415802,0.12506559491157532,3,0.0887107327580452,0.06408761441707611,0.24592424929141998,0.47281360626220703,0.12846378982067108
1089,image_13031,D:\DataAI\AIEx\newdataset\yolo_f\images\train\Image_13031.jpg,0,3,3,0.17769280076026917,0.17166312038898468,0.1524387151002884,0.3152049481868744,0.18300041556358337,3,0.09166092425584793,0.07522229850292206,0.12584209442138672,0.5949623584747314,0.11231227964162827,3,0.09470147639513016,0.07818442583084106,0.13601301610469818,0.5724982023239136,0.11860288679599762
1094,image_13039,D:\DataAI\AIEx\newdataset\yolo_f\images\train\Image_13039.jpg,0,3,3,0.18391349911689758,0.1688029021024704,0.1453108936548233,0.3297118544578552,0.1722608357667923,3,0.09818948060274124,0.06700655072927475,0.13953618705272675,0.6035183668136597,0.091749407351017,3,0.1011173352599144,0.06945987045764923,0.1473938226699829,0.5847336053848267,0.097295381128788
1096,image_13041,D:\DataAI\AIEx\newdataset\yolo_f\images\train\Image_13041.jpg,0,3,3,0.17950601875782013,0.19769658148288727,0.1449853628873825,0.28329554200172424,0.19451650977134705,3,0.09656724333763123,0.08135812729597092,0.11878114193677902,0.590306282043457,0.11298723518848419,3,0.09930788725614548,0.08770737797021866,0.12747834622859955,0.565879225730896,0.11962714046239853
1101,image_13055,D:\DataAI\AIEx\newdataset\yolo_f\images\train\Image_13055.jpg,0,3,3,0.18229572474956512,0.17454689741134644,0.1320917308330536,0.33629223704338074,0.1747734546661377,3,0.09689969569444656,0.07134467363357544,0.11080283671617508,0.629284679889679,0.09166809916496277,3,0.09990930557250977,0.07500574737787247,0.11837887763977051,0.6102637052536011,0.09644235670566559
1110,image_13063,D:\DataAI\AIEx\newdataset\yolo_f\images\train\Image_13063.jpg,0,3,3,0.18498441576957703,0.14025554060935974,0.18949398398399353,0.3056911826133728,0.1795748919248581,3,0.09993621706962585,0.05520699545741081,0.21840833127498627,0.5121374726295471,0.11431097984313965,3,0.10135513544082642,0.057595573365688324,0.23233889043331146,0.48781073093414307,0.12089961022138596
1117,image_13078,D:\DataAI\AIEx\newdataset\yolo_f\images\train\Image_13078.jpg,0,3,3,0.18751125037670135,0.16274206340312958,0.1403723955154419,0.3221636116504669,0.18721072375774384,3,0.09358197450637817,0.06533841043710709,0.1487152874469757,0.5930803418159485,0.09928403794765472,3,0.09721974283456802,0.06965327262878418,0.15821895003318787,0.5693420171737671,0.10556602478027344
1119,image_13084,D:\DataAI\AIEx\newdataset\yolo_f\images\train\Image_13084.jpg,0,3,3,0.17910782992839813,0.1708797961473465,0.1673726737499237,0.29708048701286316,0.1855592578649521,3,0.10151993483304977,0.08545800298452377,0.1484689861536026,0.5367872714996338,0.12776581943035126,3,0.10503370314836502,0.08755649626255035,0.1585644781589508,0.5143386125564575,0.1345066875219345
1127,image_13102,D:\DataAI\AIEx\newdataset\yolo_f\images\train\Image_13102.jpg,0,3,3,0.18084631860256195,0.18165506422519684,0.16292499005794525,0.29731714725494385,0.17725645005702972,3,0.09292317181825638,0.06838015466928482,0.14416539669036865,0.5985088348388672,0.09602236747741699,3,0.09612619131803513,0.07254107296466827,0.15588447451591492,0.5740018486976624,0.10144639760255814
1130,image_13106,D:\DataAI\AIEx\newdataset\yolo_f\images\train\Image_13106.jpg,0,3,3,0.17916430532932281,0.15809305012226105,0.15666086971759796,0.3275039792060852,0.17857782542705536,3,0.08979106694459915,0.0652538388967514,0.16101954877376556,0.5832329988479614,0.10070258378982544,3,0.09145253896713257,0.06887651234865189,0.16978275775909424,0.5640784502029419,0.1058097556233406
1136,image_13117,D:\DataAI\AIEx\newdataset\yolo_f\images\train\Image_13117.jpg,0,3,3,0.18014273047447205,0.14954280853271484,0.17724496126174927,0.31786486506462097,0.1752045899629593,3,0.09515159577131271,0.06904885917901993,0.15407124161720276,0.5615077018737793,0.12022065371274948,3,0.0981983095407486,0.07083403319120407,0.1650879830121994,0.5400862693786621,0.12579333782196045
1147,image_13143,D:\DataAI\AIEx\newdataset\yolo_f\images\train\Image_13143.jpg,0,3,3,0.18809249997138977,0.1655927449464798,0.1433631330728531,0.3298710882663727,0.17308054864406586,3,0.1041412428021431,0.07429619133472443,0.1128828302025795,0.6057066321372986,0.1029730811715126,3,0.10659921914339066,0.07669268548488617,0.12015067040920258,0.5891419053077698,0.10741548985242844
1150,image_13147,D:\DataAI\AIEx\newdataset\yolo_f\images\train\Image_13147.jpg,0,3,3,0.18091879785060883,0.15129287540912628,0.17608682811260223,0.3213876187801361,0.17031392455101013,3,0.09376608580350876,0.057136066257953644,0.1964050978422165,0.5474094748497009,0.10528324544429779,3,0.09550022333860397,0.059499721974134445,0.20292453467845917,0.5329271554946899,0.10914834588766098
1156,image_13164,D:\DataAI\AIEx\newdataset\yolo_f\images\train\Image_13164.jpg,0,3,3,0.17442944645881653,0.15648356080055237,0.13458694517612457,0.34909600019454956,0.18540409207344055,3,0.09009197354316711,0.06622909009456635,0.11105061322450638,0.6294063329696655,0.10322199761867523,3,0.09229280054569244,0.06932389736175537,0.11877544224262238,0.610957145690918,0.10865075141191483
1157,image_13165,D:\DataAI\AIEx\newdataset\yolo_f\images\train\Image_13165.jpg,0,3,3,0.1808410882949829,0.14924529194831848,0.16989243030548096,0.31589609384536743,0.18412503600120544,3,0.08606509119272232,0.06287318468093872,0.17622914910316467,0.5651469230651855,0.10968565195798874,3,0.08816084265708923,0.06551054120063782,0.18702253699302673,0.5435351729393005,0.11577089130878448
1161,image_13170,D:\DataAI\AIEx\newdataset\yolo_f\images\train\Image_13170.jpg,0,3,3,0.17648829519748688,0.15218855440616608,0.1641365885734558,0.3180277645587921,0.18915878236293793,3,0.10149423778057098,0.0767265260219574,0.13335326313972473,0.5705394744873047,0.117886483669281,3,0.10238001495599747,0.07962440699338913,0.14662565290927887,0.5441646575927734,0.1272052675485611
1168,image_13185,D:\DataAI\AIEx\newdataset\yolo_f\images\train\Image_13185.jpg,0,3,3,0.17756399512290955,0.16900749504566193,0.18649570643901825,0.29312074184417725,0.17381201684474945,3,0.09210021793842316,0.06588164716959,0.1835540533065796,0.5592358708381653,0.09922822564840317,3,0.09263291209936142,0.06924422085285187,0.2027232050895691,0.5281918048858643,0.10720784217119217
1173,image_13195,D:\DataAI\AIEx\newdataset\yolo_f\images\train\Image_13195.jpg,0,3,3,0.1905648112297058,0.151962012052536,0.14181360602378845,0.3469621539115906,0.16869740188121796,3,0.08822566270828247,0.06732282787561417,0.12510812282562256,0.6247116327285767,0.09463173896074295,3,0.09036237746477127,0.07070334255695343,0.13511508703231812,0.6047612428665161,0.09905794262886047
1180,image_13211,D:\DataAI\AIEx\newdataset\yolo_f\images\train\Image_13211.jpg,0,3,3,0.19246074557304382,0.11949853599071503,0.1640874594449997,0.3399978578090668,0.1839553564786911,3,0.09726117551326752,0.05578814446926117,0.14016155898571014,0.6071170568466187,0.0996721088886261,3,0.09852764755487442,0.058415282517671585,0.15050877630710602,0.5881587862968445,0.10438952594995499
1182,image_13220,D:\DataAI\AIEx\newdataset\yolo_f\images\train\Image_13220.jpg,0,3,3,0.1911206990480423,0.14805521070957184,0.16540975868701935,0.3291983902454376,0.16621600091457367,3,0.09420087933540344,0.06923020631074905,0.14076906442642212,0.5878849029541016,0.10791493952274323,3,0.09645427763462067,0.07190559059381485,0.15115593373775482,0.5693997144699097,0.11108444631099701
1189,image_13235,D:\DataAI\AIEx\newdataset\yolo_f\images\train\Image_13235.jpg,0,3,3,0.18792866170406342,0.1626652181148529,0.14320284128189087,0.3272804021835327,0.17892281711101532,3,0.09424086660146713,0.07120423763990402,0.12001098692417145,0.610480546951294,0.10406342148780823,3,0.0971885472536087,0.07428156584501266,0.12937255203723907,0.5894893407821655,0.10966795682907104
1192,image_1324,D:\DataAI\AIEx\newdataset\yolo_f\images\train\Image_1324.jpg,0,0,0,0.338338702917099,0.16916358470916748,0.18094810843467712,0.15237322449684143,0.15917640924453735,0,0.584648072719574,0.11211371421813965,0.11440005898475647,0.09489527344703674,0.09394291043281555,0,0.5941097736358643,0.10993292927742004,0.11260833591222763,0.09335853159427643,0.08999040722846985
1199,image_1325,D:\DataAI\AIEx\newdataset\yolo_f\images\train\Image_1325.jpg,0,0,0,0.35429251194000244,0.15127210319042206,0.17414002120494843,0.16225190460681915,0.1580435037612915,0,0.6205214262008667,0.08679232001304626,0.10343339294195175,0.09815949946641922,0.09109336137771606,0,0.6280339956283569,0.08526672422885895,0.10199718177318573,0.09691304713487625,0.08778901398181915
1201,image_13252,D:\DataAI\AIEx\newdataset\yolo_f\images\train\Image_13252.jpg,0,3,3,0.18398578464984894,0.15379385650157928,0.16309072077274323,0.3172866404056549,0.18184299767017365,3,0.08087114989757538,0.05822521448135376,0.13720348477363586,0.6036148071289062,0.12008535116910934,3,0.08421487361192703,0.060079991817474365,0.1449032574892044,0.5869240164756775,0.12387784570455551
1202,image_13254,D:\DataAI\AIEx\newdataset\yolo_f\images\train\Image_13254.jpg,0,3,3,0.17581598460674286,0.1497180312871933,0.16794051229953766,0.3194517493247986,0.1870737224817276,3,0.07844550907611847,0.058750417083501816,0.15244770050048828,0.5880934000015259,0.12226302921772003,3,0.08055385202169418,0.06047916039824486,0.1614474356174469,0.5706161260604858,0.12690341472625732
1208,image_13261,D:\DataAI\AIEx\newdataset\yolo_f\images\train\Image_13261.jpg,0,3,3,0.17430783808231354,0.14307941496372223,0.1886955201625824,0.3155186176300049,0.17839860916137695,3,0.09870343655347824,0.06619413197040558,0.17021194100379944,0.5497049689292908,0.11518551409244537,3,0.1000986322760582,0.0681953951716423,0.17975938320159912,0.5323594808578491,0.11958710104227066
1214,image_13268,D:\DataAI\AIEx\newdataset\yolo_f\images\train\Image_13268.jpg,0,3,3,0.17062309384346008,0.1384713053703308,0.18524961173534393,0.317934513092041,0.18772150576114655,3,0.09215167164802551,0.061674993485212326,0.15905332565307617,0.5687820315361023,0.11833800375461578,3,0.09460865706205368,0.062215324491262436,0.16782978177070618,0.5535091757774353,0.12183704972267151
1221,image_13277,D:\DataAI\AIEx\newdataset\yolo_f\images\train\Image_13277.jpg,0,3,3,0.1730688065290451,0.13321590423583984,0.1815379410982132,0.32217487692832947,0.19000250101089478,3,0.08814401179552078,0.06221793591976166,0.14163830876350403,0.5781710147857666,0.12982867658138275,3,0.09047529101371765,0.0636160597205162,0.1533675640821457,0.5583617687225342,0.13417932391166687
1226,image_13286,D:\DataAI\AIEx\newdataset\yolo_f\images\train\Image_13286.jpg,0,3,3,0.17744925618171692,0.17005550861358643,0.1622074693441391,0.31823402643203735,0.1720537394285202,3,0.09637951850891113,0.08061753213405609,0.15341931581497192,0.5546569228172302,0.11492674052715302,3,0.10117793083190918,0.0829048752784729,0.15840588510036469,0.5395676493644714,0.11794371157884598
1232,image_13300,D:\DataAI\AIEx\newdataset\yolo_f\images\train\Image_13300.jpg,0,3,3,0.18856948614120483,0.15461742877960205,0.16606493294239044,0.3039875626564026,0.18676061928272247,3,0.10437304526567459,0.07349313795566559,0.16402921080589294,0.5457674860954285,0.11233709007501602,3,0.10681471973657608,0.07571373134851456,0.17063729465007782,0.5285847783088684,0.11824952065944672
1234,image_13302,D:\DataAI\AIEx\newdataset\yolo_f\images\train\Image_13302.jpg,0,3,3,0.18328222632408142,0.17855270206928253,0.13871511816978455,0.3213196396827698,0.1781303584575653,3,0.09345193952322006,0.0734756737947464,0.1429274082183838,0.5775811076164246,0.11256390064954758,3,0.09656080603599548,0.0780411958694458,0.14541150629520416,0.5604920983314514,0.11949440091848373
1242,image_13319,D:\DataAI\AIEx\newdataset\yolo_f\images\train\Image_13319.jpg,0,3,3,0.18498578667640686,0.18812121450901031,0.1298961192369461,0.31175610423088074,0.18524080514907837,3,0.09508922696113586,0.08166112750768661,0.13686923682689667,0.5865548253059387,0.09982556849718094,3,0.09834099560976028,0.08773813396692276,0.1436646282672882,0.564134418964386,0.10612177103757858
1246,image_13329,D:\DataAI\AIEx\newdataset\yolo_f\images\train\Image_13329.jpg,0,3,3,0.18305709958076477,0.17645542323589325,0.15743912756443024,0.3030351996421814,0.18001313507556915,3,0.09701298177242279,0.07112918049097061,0.12113130837678909,0.5906642079353333,0.12006231397390366,3,0.09917844831943512,0.07456747442483902,0.128976508975029,0.5724908709526062,0.12478669732809067
1247,image_1333,D:\DataAI\AIEx\newdataset\yolo_f\images\train\Image_1333.jpg,0,0,0,0.28319308161735535,0.2033044844865799,0.1823626458644867,0.16072392463684082,0.17041590809822083,0,0.5560568571090698,0.11934517323970795,0.10817114263772964,0.10582222789525986,0.11060460656881332,0,0.5663103461265564,0.11678241193294525,0.10692775994539261,0.10394667834043503,0.1060328558087349
1249,image_13334,D:\DataAI\AIEx\newdataset\yolo_f\images\train\Image_13334.jpg,0,3,3,0.19164302945137024,0.17110832035541534,0.1629885584115982,0.3025253117084503,0.1717347800731659,3,0.10419530421495438,0.07820450514554977,0.21805691719055176,0.4933570325374603,0.10618624091148376,3,0.10586671531200409,0.08309624344110489,0.2212422490119934,0.47634240984916687,0.11345235258340836
1252,image_13338,D:\DataAI\AIEx\newdataset\yolo_f\images\train\Image_13338.jpg,0,3,3,0.19395394623279572,0.1602674424648285,0.14059258997440338,0.3145342469215393,0.1906517893075943,3,0.12104768306016922,0.09393297135829926,0.16629841923713684,0.5312030911445618,0.08751784265041351,3,0.12015029042959213,0.09744516760110855,0.17941942811012268,0.5087300539016724,0.09425504505634308
1258,image_13345,D:\DataAI\AIEx\newdataset\yolo_f\images\train\Image_13345.jpg,0,3,3,0.16675710678100586,0.1448407918214798,0.19639161229133606,0.29593804478645325,0.19607245922088623,3,0.08649685233831406,0.060642391443252563,0.20307376980781555,0.5336459279060364,0.11614102870225906,3,0.08806955814361572,0.06175612658262253,0.21130195260047913,0.5186871886253357,0.12018517404794693
1266,image_13362,D:\DataAI\AIEx\newdataset\yolo_f\images\train\Image_13362.jpg,0,3,3,0.18458262085914612,0.15521545708179474,0.1739465445280075,0.3059929609298706,0.18026240170001984,3,0.09454263746738434,0.06997331976890564,0.18845297396183014,0.5345802903175354,0.11245075613260269,3,0.09513728320598602,0.07309731841087341,0.1957516223192215,0.5165116786956787,0.11950209736824036
1273,image_13370,D:\DataAI\AIEx\newdataset\yolo_f\images\train\Image_13370.jpg,0,3,3,0.16684702038764954,0.17846356332302094,0.17435301840305328,0.3010369539260864,0.17929941415786743,3,0.09794485569000244,0.08936664462089539,0.14600755274295807,0.548654317855835,0.11802664399147034,3,0.10117020457983017,0.0876583531498909,0.15487979352474213,0.5341042876243591,0.12218734622001648
1274,image_13376,D:\DataAI\AIEx\newdataset\yolo_f\images\train\Image_13376.jpg,0,3,3,0.18610140681266785,0.1467256098985672,0.1808372139930725,0.3112069070339203,0.17512884736061096,3,0.09032173454761505,0.06510943174362183,0.14978396892547607,0.5830802917480469,0.11170458793640137,3,0.09283209592103958,0.06556675583124161,0.16382569074630737,0.5596289038658142,0.11814656108617783
1281,image_13389,D:\DataAI\AIEx\newdataset\yolo_f\images\train\Image_13389.jpg,0,3,3,0.1683865338563919,0.16144827008247375,0.153198704123497,0.3259352147579193,0.19103123247623444,3,0.07526294887065887,0.0656929463148117,0.15551239252090454,0.5759927034378052,0.1275390088558197,3,0.07846791297197342,0.07000862061977386,0.15963569283485413,0.559233546257019,0.13265424966812134
1284,image_13394,D:\DataAI\AIEx\newdataset\yolo_f\images\train\Image_13394.jpg,0,3,3,0.17481683194637299,0.16423974931240082,0.15248051285743713,0.3191167414188385,0.18934617936611176,3,0.09085113555192947,0.06834831833839417,0.12040674686431885,0.5939561724662781,0.12643766403198242,3,0.09331977367401123,0.07153844833374023,0.12503771483898163,0.578054666519165,0.13204941153526306
1287,image_134,D:\DataAI\AIEx\newdataset\yolo_f\images\train\Image_134.jpg,0,2,2,0.19576214253902435,0.19279637932777405,0.2416922152042389,0.205794095993042,0.16395512223243713,2,0.17672774195671082,0.15558627247810364,0.3059667944908142,0.17838390171527863,0.1833353340625763,2,0.1766638606786728,0.16030524671077728,0.3047213852405548,0.17349028587341309,0.18481917679309845
1289,image_13402,D:\DataAI\AIEx\newdataset\yolo_f\images\train\Image_13402.jpg,0,3,3,0.17873886227607727,0.15810835361480713,0.17568396031856537,0.3071444034576416,0.18032439053058624,3,0.09455996006727219,0.06253684312105179,0.18509307503700256,0.5370376706123352,0.12077242136001587,3,0.09617739915847778,0.06693567335605621,0.1893792450428009,0.5204008221626282,0.1271069198846817
1294,image_13410,D:\DataAI\AIEx\newdataset\yolo_f\images\train\Image_13410.jpg,0,3,3,0.177081897854805,0.16489890217781067,0.17064526677131653,0.30522972345352173,0.18214422464370728,3,0.08768798410892487,0.06753987818956375,0.14093877375125885,0.5877654552459717,0.11606795340776443,3,0.0909087285399437,0.07223699241876602,0.1469753533601761,0.5677542090415955,0.12212473899126053
1297,image_1342,D:\DataAI\AIEx\newdataset\yolo_f\images\train\Image_1342.jpg,0,0,0,0.3376779854297638,0.1827106773853302,0.17125393450260162,0.1599808782339096,0.14837652444839478,0,0.5559770464897156,0.1372453272342682,0.11806730180978775,0.1071680560708046,0.08154226094484329,0,0.5625791549682617,0.13541913032531738,0.11702463775873184,0.10547295212745667,0.07950407266616821
1301,image_1343,D:\DataAI\AIEx\newdataset\yolo_f\images\train\Image_1343.jpg,0,0,0,0.35298359394073486,0.15541207790374756,0.1757768988609314,0.16374528408050537,0.15208211541175842,0,0.6043540239334106,0.10593416541814804,0.10949181020259857,0.10007349401712418,0.080146424472332,0,0.6102660298347473,0.10464479774236679,0.10766386240720749,0.09916341304779053,0.07826196402311325
1307,image_13439,D:\DataAI\AIEx\newdataset\yolo_f\images\train\Image_13439.jpg,0,3,3,0.1889539211988449,0.14780348539352417,0.18039430677890778,0.3103083074092865,0.17253996431827545,3,0.09427976608276367,0.06407258659601212,0.19406697154045105,0.5382283926010132,0.10935232043266296,3,0.09535330533981323,0.06602364778518677,0.20666931569576263,0.5184363722801208,0.11351735889911652
1308,image_1344,D:\DataAI\AIEx\newdataset\yolo_f\images\train\Image_1344.jpg,0,0,0,0.37791013717651367,0.13343431055545807,0.16907107830047607,0.16780731081962585,0.15177716314792633,0,0.6305946707725525,0.0957147553563118,0.09869105368852615,0.09900470077991486,0.07599473744630814,0,0.6357596516609192,0.09487389028072357,0.09742281585931778,0.09803701937198639,0.07390671223402023
1313,image_13454,D:\DataAI\AIEx\newdataset\yolo_f\images\train\Image_13454.jpg,0,3,3,0.18486611545085907,0.1685863435268402,0.1551441103219986,0.3115615248680115,0.17984190583229065,3,0.09776481986045837,0.0769883468747139,0.18111418187618256,0.5313963294029236,0.11273632943630219,3,0.0990554690361023,0.08134419471025467,0.18742109835147858,0.5143672823905945,0.11781191825866699
1324,image_13500,D:\DataAI\AIEx\newdataset\yolo_f\images\train\Image_13500.jpg,0,3,3,0.17026661336421967,0.18754346668720245,0.13355843722820282,0.32018038630485535,0.18845109641551971,3,0.08355213701725006,0.07948058843612671,0.1194925382733345,0.5917043685913086,0.12577036023139954,3,0.08683014661073685,0.08413772284984589,0.12362168729305267,0.5739983916282654,0.131412073969841
1325,image_13502,D:\DataAI\AIEx\newdataset\yolo_f\images\train\Image_13502.jpg,0,3,3,0.183364138007164,0.15183457732200623,0.15682707726955414,0.3209463655948639,0.18702785670757294,3,0.08255159854888916,0.062269121408462524,0.14206962287425995,0.592052161693573,0.12105759233236313,3,0.08432663977146149,0.06567463278770447,0.148898646235466,0.5738544464111328,0.12724559009075165
1326,image_13503,D:\DataAI\AIEx\newdataset\yolo_f\images\train\Image_13503.jpg,0,3,3,0.17168034613132477,0.1461893916130066,0.17048987746238708,0.31880971789360046,0.19283072650432587,3,0.07658743858337402,0.05539211630821228,0.1907738298177719,0.5495585203170776,0.12768809497356415,3,0.07792642712593079,0.057480815798044205,0.1977817416191101,0.5327021479606628,0.13410885632038116
1335,image_13525,D:\DataAI\AIEx\newdataset\yolo_f\images\train\Image_13525.jpg,0,3,3,0.17199338972568512,0.1523413211107254,0.15763433277606964,0.3276183009147644,0.19041268527507782,3,0.0858863890171051,0.06464968621730804,0.15996187925338745,0.5649403929710388,0.12456164509057999,3,0.08777237683534622,0.06770443171262741,0.1679011732339859,0.5455518960952759,0.13107018172740936
1339,image_13536,D:\DataAI\AIEx\newdataset\yolo_f\images\train\Image_13536.jpg,0,3,3,0.18595117330551147,0.17380155622959137,0.1486634463071823,0.31178513169288635,0.1797986775636673,3,0.09940246492624283,0.07766623795032501,0.12255530059337616,0.5911486148834229,0.10922741144895554,3,0.10129837691783905,0.08203129470348358,0.13250121474266052,0.5677305459976196,0.11643851548433304
1343,image_13545,D:\DataAI\AIEx\newdataset\yolo_f\images\train\Image_13545.jpg,0,3,3,0.1687731295824051,0.1387413591146469,0.21798434853553772,0.28992557525634766,0.1845756322145462,3,0.09494532644748688,0.06421683728694916,0.2638455331325531,0.43283379077911377,0.1441585123538971,3,0.0972958654165268,0.06929715722799301,0.267733097076416,0.4209425151348114,0.1447313278913498
1351,image_13557,D:\DataAI\AIEx\newdataset\yolo_f\images\train\Image_13557.jpg,0,3,3,0.19696259498596191,0.17454023659229279,0.12104887515306473,0.3253636062145233,0.18208467960357666,3,0.11328350007534027,0.0848667323589325,0.13893988728523254,0.5588899850845337,0.10401994735002518,3,0.11468616873025894,0.08876588940620422,0.1452464610338211,0.5432389378547668,0.10806252807378769
1358,image_13573,D:\DataAI\AIEx\newdataset\yolo_f\images\train\Image_13573.jpg,0,3,3,0.1865697205066681,0.16606442630290985,0.17560340464115143,0.2957861125469208,0.17597632110118866,3,0.09804639965295792,0.06559333950281143,0.19908882677555084,0.5226523280143738,0.11461909860372543,3,0.09885182976722717,0.06916822493076324,0.20133757591247559,0.5099303126335144,0.12071207165718079
1362,image_13581,D:\DataAI\AIEx\newdataset\yolo_f\images\train\Image_13581.jpg,0,3,3,0.18946003913879395,0.1668371856212616,0.14532749354839325,0.31476813554763794,0.18360716104507446,3,0.10302942246198654,0.07549086958169937,0.1553054004907608,0.5474902391433716,0.1186840683221817,3,0.10467279702425003,0.08035252243280411,0.1615939438343048,0.527820885181427,0.12555986642837524
1367,image_13597,D:\DataAI\AIEx\newdataset\yolo_f\images\train\Image_13597.jpg,0,3,3,0.1912444829940796,0.15353210270404816,0.1478120982646942,0.3143671751022339,0.19304417073726654,3,0.09928730875253677,0.0678461566567421,0.1331111490726471,0.5641021728515625,0.13565319776535034,3,0.1040511429309845,0.07080177217721939,0.13701866567134857,0.5473461747169495,0.14078225195407867
1369,image_13599,D:\DataAI\AIEx\newdataset\yolo_f\images\train\Image_13599.jpg,0,3,3,0.18225112557411194,0.15537536144256592,0.17239342629909515,0.29439836740493774,0.19558171927928925,3,0.09226252138614655,0.06966416537761688,0.1557590812444687,0.5221635699272156,0.1601506620645523,3,0.09620003402233124,0.07086148113012314,0.1606157124042511,0.5069172978401184,0.1654055118560791
1374,image_13605,D:\DataAI\AIEx\newdataset\yolo_f\images\train\Image_13605.jpg,0,3,3,0.1885991394519806,0.17459067702293396,0.14210833609104156,0.3159620463848114,0.17873987555503845,3,0.09909268468618393,0.07860276103019714,0.1291901171207428,0.5830819010734558,0.1100325882434845,3,0.10149403661489487,0.08338285237550735,0.13358312845230103,0.5655907392501831,0.11594925075769424
1383,image_13618,D:\DataAI\AIEx\newdataset\yolo_f\images\train\Image_13618.jpg,0,3,3,0.1865285336971283,0.1573273092508316,0.12982401251792908,0.34424862265586853,0.1820714920759201,3,0.0973806232213974,0.0749027281999588,0.11452760547399521,0.5786080956459045,0.13458099961280823,3,0.10176992416381836,0.07834513485431671,0.12107560783624649,0.5601378083229065,0.13867153227329254
1384,image_13619,D:\DataAI\AIEx\newdataset\yolo_f\images\train\Image_13619.jpg,0,3,3,0.1823212057352066,0.1563958078622818,0.1404779851436615,0.3318471312522888,0.18895789980888367,3,0.09795770794153214,0.07625483721494675,0.12909848988056183,0.5605679750442505,0.1361210197210312,3,0.10239414870738983,0.0811128169298172,0.13563144207000732,0.5406365394592285,0.1402251273393631
1390,image_13628,D:\DataAI\AIEx\newdataset\yolo_f\images\train\Image_13628.jpg,0,3,3,0.18080897629261017,0.17726264894008636,0.15418212115764618,0.31064867973327637,0.17709754407405853,3,0.10051644593477249,0.07784605026245117,0.14153002202510834,0.5704303979873657,0.10967709869146347,3,0.10294010490179062,0.08074171096086502,0.15004582703113556,0.5536706447601318,0.11260168999433517
1398,image_13644,D:\DataAI\AIEx\newdataset\yolo_f\images\train\Image_13644.jpg,0,3,3,0.17245076596736908,0.1297449767589569,0.16462434828281403,0.3594024181365967,0.17377744615077972,3,0.08834909647703171,0.05137455090880394,0.1245582178235054,0.6243070363998413,0.11141108721494675,3,0.09134332835674286,0.05386319383978844,0.13307923078536987,0.6060551404953003,0.11565907299518585
1401,image_13652,D:\DataAI\AIEx\newdataset\yolo_f\images\train\Image_13652.jpg,0,3,3,0.174275204539299,0.16990020871162415,0.1943858563899994,0.309270977973938,0.1521676778793335,3,0.0981304794549942,0.08246929943561554,0.19755102694034576,0.5035992860794067,0.11824995279312134,3,0.10162483155727386,0.08337709307670593,0.20089998841285706,0.49299415946006775,0.121103934943676
1408,image_13665,D:\DataAI\AIEx\newdataset\yolo_f\images\train\Image_13665.jpg,0,3,3,0.162656769156456,0.15672609210014343,0.16747276484966278,0.30989402532577515,0.20325036346912384,3,0.09799060225486755,0.09759941697120667,0.14002291858196259,0.5084543824195862,0.15593266487121582,3,0.09873516857624054,0.10278317332267761,0.15175142884254456,0.48700016736984253,0.15973010659217834
1410,image_13673,D:\DataAI\AIEx\newdataset\yolo_f\images\train\Image_13673.jpg,0,3,3,0.17803125083446503,0.17291298508644104,0.1541387438774109,0.31082800030708313,0.18408900499343872,3,0.08972679823637009,0.07494430989027023,0.15274108946323395,0.5687117576599121,0.11387601494789124,3,0.09085063636302948,0.07654091715812683,0.16233311593532562,0.5498467683792114,0.12042859941720963
1414,image_13677,D:\DataAI\AIEx\newdataset\yolo_f\images\train\Image_13677.jpg,0,3,3,0.18371076881885529,0.18792861700057983,0.13901753723621368,0.3028324544429779,0.18651068210601807,3,0.10329835116863251,0.08045639097690582,0.12892837822437286,0.5810563564300537,0.10626047849655151,3,0.10589175671339035,0.08476047217845917,0.13825251162052155,0.5579751133918762,0.1131201758980751
1418,image_13682,D:\DataAI\AIEx\newdataset\yolo_f\images\train\Image_13682.jpg,0,3,3,0.18159474432468414,0.1702660471200943,0.16174517571926117,0.315014511346817,0.17137953639030457,3,0.09842673689126968,0.07383368909358978,0.12092608213424683,0.6103572845458984,0.09645623713731766,3,0.10146724432706833,0.07704801112413406,0.12919366359710693,0.5901745557785034,0.10211648046970367
1425,image_13697,D:\DataAI\AIEx\newdataset\yolo_f\images\train\Image_13697.jpg,0,3,3,0.16947554051876068,0.1683853715658188,0.1658335030078888,0.3252659738063812,0.17103958129882812,3,0.09162711352109909,0.07287447899580002,0.12851345539093018,0.6025100350379944,0.10447486490011215,3,0.09317204356193542,0.07591631263494492,0.13617877662181854,0.5855756402015686,0.10915723443031311
1432,image_13711,D:\DataAI\AIEx\newdataset\yolo_f\images\train\Image_13711.jpg,0,3,3,0.1684502512216568,0.16690857708454132,0.15311500430107117,0.33727097511291504,0.17425523698329926,3,0.08750391006469727,0.06782872974872589,0.11232945322990417,0.6268027424812317,0.10553520172834396,3,0.08908620476722717,0.07056626677513123,0.12163795530796051,0.6063001155853271,0.11240945756435394
1438,image_13720,D:\DataAI\AIEx\newdataset\yolo_f\images\train\Image_13720.jpg,0,3,3,0.184557244181633,0.1627993881702423,0.14358451962471008,0.3289918899536133,0.18006697297096252,3,0.09392715990543365,0.06837821006774902,0.11455985903739929,0.6205089688301086,0.10262583196163177,3,0.09637326747179031,0.07158812135457993,0.12438508123159409,0.5978162288665771,0.10983729362487793
1447,image_13731,D:\DataAI\AIEx\newdataset\yolo_f\images\train\Image_13731.jpg,0,3,3,0.16315972805023193,0.1491425484418869,0.17878927290439606,0.33487066626548767,0.17403778433799744,3,0.08849196881055832,0.061868585646152496,0.13340911269187927,0.6199295520782471,0.09630078077316284,3,0.09171874821186066,0.06489188224077225,0.14520536363124847,0.5963738560676575,0.10181013494729996
1449,image_13734,D:\DataAI\AIEx\newdataset\yolo_f\images\train\Image_13734.jpg,0,3,3,0.1789126992225647,0.15287654101848602,0.1789122223854065,0.30959463119506836,0.17970390617847443,3,0.09068910777568817,0.07105588167905807,0.14128677546977997,0.5921226143836975,0.10484564304351807,3,0.09434808790683746,0.07449875771999359,0.15152893960475922,0.568360447883606,0.11126377433538437
1455,image_13747,D:\DataAI\AIEx\newdataset\yolo_f\images\train\Image_13747.jpg,0,3,3,0.1721760779619217,0.1673126518726349,0.13940300047397614,0.3429182767868042,0.17819000780582428,3,0.0888248160481453,0.06826771050691605,0.11102065443992615,0.6326828002929688,0.09920406341552734,3,0.09242741018533707,0.07265479117631912,0.11961226165294647,0.6087373495101929,0.10656816512346268
1456,image_13748,D:\DataAI\AIEx\newdataset\yolo_f\images\train\Image_13748.jpg,0,3,3,0.17700421810150146,0.16077390313148499,0.14490832388401031,0.338425874710083,0.1788877546787262,3,0.09194081276655197,0.06982515752315521,0.12795203924179077,0.6103619337081909,0.09992004185914993,3,0.09596001356840134,0.07349452376365662,0.13892711699008942,0.5845144987106323,0.10710383206605911
1466,image_13762,D:\DataAI\AIEx\newdataset\yolo_f\images\train\Image_13762.jpg,0,3,3,0.18391528725624084,0.17156551778316498,0.14896011352539062,0.31774359941482544,0.1778155118227005,3,0.09639686346054077,0.06625021994113922,0.1605299860239029,0.5753477215766907,0.10147514194250107,3,0.0994817391037941,0.07191477715969086,0.1670585721731186,0.553992509841919,0.10755246877670288
1469,image_13765,D:\DataAI\AIEx\newdataset\yolo_f\images\train\Image_13765.jpg,0,3,3,0.18595069646835327,0.18647193908691406,0.14882758259773254,0.2994745075702667,0.17927531898021698,3,0.09405757486820221,0.0818716362118721,0.13887745141983032,0.5829933285713196,0.1021999791264534,3,0.09690434485673904,0.08773346990346909,0.14891763031482697,0.5561672449111938,0.11027730256319046
1477,image_1378,D:\DataAI\AIEx\newdataset\yolo_f\images\train\Image_1378.jpg,0,0,0,0.327644020318985,0.157988041639328,0.17063231766223907,0.16534321010112762,0.17839239537715912,0,0.5800101161003113,0.11623793840408325,0.09856528043746948,0.09511035680770874,0.11007632315158844,0,0.5850831866264343,0.11624184250831604,0.09759487211704254,0.094415083527565,0.10666504502296448
1481,image_13783,D:\DataAI\AIEx\newdataset\yolo_f\images\train\Image_13783.jpg,0,3,3,0.18423333764076233,0.1560940146446228,0.15590780973434448,0.32124727964401245,0.18251758813858032,3,0.09754739701747894,0.065829798579216,0.16298581659793854,0.556986391544342,0.11665062606334686,3,0.10032504796981812,0.07118985056877136,0.1668936312198639,0.5408485531806946,0.12074291706085205
1484,image_13791,D:\DataAI\AIEx\newdataset\yolo_f\images\train\Image_13791.jpg,0,3,3,0.18097195029258728,0.14052295684814453,0.15219131112098694,0.3358907401561737,0.19042298197746277,3,0.09868200123310089,0.06169982627034187,0.1315383017063141,0.5891335606575012,0.11894626915454865,3,0.10076195746660233,0.06431236118078232,0.1394568681716919,0.5711368322372437,0.1243319883942604
1491,image_13804,D:\DataAI\AIEx\newdataset\yolo_f\images\train\Image_13804.jpg,0,3,3,0.18991830945014954,0.1686876267194748,0.1328425109386444,0.3341239392757416,0.1744275987148285,3,0.0957130417227745,0.07254527509212494,0.1325274109840393,0.6010189652442932,0.09819527715444565,3,0.10026693344116211,0.07941393554210663,0.14051030576229095,0.5760694146156311,0.103739432990551
1492,image_13805,D:\DataAI\AIEx\newdataset\yolo_f\images\train\Image_13805.jpg,0,3,3,0.18809053301811218,0.16031193733215332,0.15145926177501678,0.3275811970233917,0.17255711555480957,3,0.10229995101690292,0.0700383186340332,0.17414407432079315,0.5552207231521606,0.09829698503017426,3,0.1049804762005806,0.07518186420202255,0.18737204372882843,0.5282660722732544,0.10419956594705582
1495,image_13812,D:\DataAI\AIEx\newdataset\yolo_f\images\train\Image_13812.jpg,0,3,3,0.1871906965970993,0.14434762299060822,0.1761188507080078,0.31160327792167664,0.1807395964860916,3,0.09379415959119797,0.06068393215537071,0.20694604516029358,0.5299626588821411,0.10861320048570633,3,0.09632639586925507,0.0637206882238388,0.2181078940629959,0.5075980424880981,0.1142469197511673
1504,image_13825,D:\DataAI\AIEx\newdataset\yolo_f\images\train\Image_13825.jpg,0,3,3,0.1898004412651062,0.1576555371284485,0.14157117903232574,0.33065104484558105,0.18032173812389374,3,0.09220043569803238,0.06682983785867691,0.1374903917312622,0.6018136739730835,0.10166565328836441,3,0.0966230034828186,0.07196073979139328,0.1468864381313324,0.576522946357727,0.10800688713788986
1510,image_13834,D:\DataAI\AIEx\newdataset\yolo_f\images\train\Image_13834.jpg,0,3,3,0.17517095804214478,0.16031721234321594,0.1651293933391571,0.3157031834125519,0.1836792677640915,3,0.08391890674829483,0.06710325181484222,0.16746146976947784,0.5669759511947632,0.11454039067029953,3,0.08744926750659943,0.07238533347845078,0.17277738451957703,0.5481134057044983,0.11927462369203568
1517,image_13845,D:\DataAI\AIEx\newdataset\yolo_f\images\train\Image_13845.jpg,0,3,3,0.18758566677570343,0.15319377183914185,0.14202402532100677,0.3405381739139557,0.17665837705135345,3,0.09933924674987793,0.07006338983774185,0.11923854053020477,0.6233497262001038,0.08800914883613586,3,0.10010480135679245,0.07415065914392471,0.13110564649105072,0.5996491312980652,0.09498979151248932
1520,image_1385,D:\DataAI\AIEx\newdataset\yolo_f\images\train\Image_1385.jpg,0,0,0,0.34174802899360657,0.1255977749824524,0.18496310710906982,0.17462769150733948,0.17306339740753174,0,0.5639131665229797,0.09624651074409485,0.11492589861154556,0.11325173079967499,0.11166273057460785,0,0.5712380409240723,0.09427439421415329,0.11365634948015213,0.11176559329032898,0.10906562954187393
1523,image_13853,D:\DataAI\AIEx\newdataset\yolo_f\images\train\Image_13853.jpg,0,3,3,0.17885881662368774,0.1488342136144638,0.15167635679244995,0.33528730273246765,0.18534332513809204,3,0.08849460631608963,0.06771886348724365,0.15451771020889282,0.5831337571144104,0.1061350628733635,3,0.09097299724817276,0.0709291622042656,0.16523869335651398,0.5613700151443481,0.11148906499147415
1528,image_13858,D:\DataAI\AIEx\newdataset\yolo_f\images\train\Image_13858.jpg,0,3,3,0.1844691038131714,0.15902917087078094,0.14272867143154144,0.3318649232387543,0.18190810084342957,3,0.09311229735612869,0.06999529898166656,0.1201634556055069,0.6150109767913818,0.10171791911125183,3,0.09707011282444,0.07358954101800919,0.12947310507297516,0.5917534232139587,0.10811378806829453
1529,image_13859,D:\DataAI\AIEx\newdataset\yolo_f\images\train\Image_13859.jpg,0,3,3,0.18733955919742584,0.15896309912204742,0.1385188102722168,0.3393842577934265,0.1757943034172058,3,0.09845612198114395,0.06486447155475616,0.1064537912607193,0.6361455321311951,0.09408009052276611,3,0.10086459666490555,0.06799229979515076,0.11567187309265137,0.6148183941841125,0.10065282881259918
1530,image_13860,D:\DataAI\AIEx\newdataset\yolo_f\images\train\Image_13860.jpg,0,3,3,0.18820622563362122,0.15458691120147705,0.13769777119159698,0.33373966813087463,0.18576939404010773,3,0.0953759104013443,0.06519369035959244,0.13225463032722473,0.6097568273544312,0.09741896390914917,3,0.0987180769443512,0.06799935549497604,0.14361459016799927,0.5853909850120544,0.10427698493003845
1538,image_13875,D:\DataAI\AIEx\newdataset\yolo_f\images\train\Image_13875.jpg,0,3,3,0.17794683575630188,0.1648409366607666,0.2109471559524536,0.25473272800445557,0.19153234362602234,3,0.0960850715637207,0.06944190710783005,0.2440454512834549,0.4836169183254242,0.10681061446666718,3,0.0986703559756279,0.07256819307804108,0.26558610796928406,0.45224523544311523,0.1109301745891571
1542,image_13881,D:\DataAI\AIEx\newdataset\yolo_f\images\train\Image_13881.jpg,0,3,3,0.18070772290229797,0.152727410197258,0.1697966754436493,0.31233322620391846,0.1844349354505539,3,0.09527202695608139,0.06141912192106247,0.20541797578334808,0.5206771492958069,0.11721374839544296,3,0.09571409225463867,0.06466419994831085,0.21797242760658264,0.4970311224460602,0.12461815774440765
1546,image_13892,D:\DataAI\AIEx\newdataset\yolo_f\images\train\Image_13892.jpg,0,3,3,0.1843101978302002,0.15537387132644653,0.13581588864326477,0.3416382968425751,0.18286174535751343,3,0.09846888482570648,0.06968804448843002,0.14002619683742523,0.5940179228782654,0.09779898822307587,3,0.10107476264238358,0.07437422126531601,0.1527530550956726,0.5677818059921265,0.10401610285043716
1547,image_13897,D:\DataAI\AIEx\newdataset\yolo_f\images\train\Image_13897.jpg,0,3,3,0.1715015321969986,0.14419856667518616,0.15764400362968445,0.3397010564804077,0.18695487082004547,3,0.08780805766582489,0.06697166711091995,0.11990191042423248,0.6019432544708252,0.1233750730752945,3,0.09069040417671204,0.06879755854606628,0.12776707112789154,0.5863032937049866,0.12644162774085999
1553,image_13901,D:\DataAI\AIEx\newdataset\yolo_f\images\train\Image_13901.jpg,0,3,3,0.162047877907753,0.16529293358325958,0.18678012490272522,0.30477479100227356,0.18110428750514984,3,0.08783081918954849,0.07699619978666306,0.1575324982404709,0.5453673601150513,0.1322731077671051,3,0.09026211500167847,0.07841486483812332,0.16373872756958008,0.5317121148109436,0.13587214052677155
1555,image_13903,D:\DataAI\AIEx\newdataset\yolo_f\images\train\Image_13903.jpg,0,3,3,0.16943256556987762,0.16586369276046753,0.15382923185825348,0.3278803527355194,0.18299415707588196,3,0.08523958921432495,0.07959379255771637,0.133200004696846,0.5781837701797485,0.12378291040658951,3,0.0883447527885437,0.08051078021526337,0.1407836526632309,0.5653088092803955,0.12505201995372772
1568,image_13924,D:\DataAI\AIEx\newdataset\yolo_f\images\train\Image_13924.jpg,0,3,3,0.17661137878894806,0.16145402193069458,0.1712537556886673,0.31106460094451904,0.17961622774600983,3,0.08647660911083221,0.06796220690011978,0.19383063912391663,0.5423018336296082,0.10942874103784561,3,0.08719345927238464,0.07051872462034225,0.20430754125118256,0.5227783918380737,0.11520183086395264
1570,image_1393,D:\DataAI\AIEx\newdataset\yolo_f\images\train\Image_1393.jpg,0,0,0,0.32863157987594604,0.13453158736228943,0.185842826962471,0.16812744736671448,0.182866632938385,0,0.5481187105178833,0.10725544393062592,0.11378788203001022,0.10868141800165176,0.12215650081634521,0,0.5580483078956604,0.1044304296374321,0.11171184480190277,0.10660994052886963,0.11919950693845749
1578,image_13943,D:\DataAI\AIEx\newdataset\yolo_f\images\train\Image_13943.jpg,0,3,3,0.17264339327812195,0.169503316283226,0.18970946967601776,0.29604148864746094,0.17210237681865692,3,0.08517368137836456,0.06492199003696442,0.25623348355293274,0.48941612243652344,0.10425470769405365,3,0.08707303553819656,0.06816782057285309,0.2588092088699341,0.4788700044155121,0.10707996040582657
1579,image_13945,D:\DataAI\AIEx\newdataset\yolo_f\images\train\Image_13945.jpg,0,3,3,0.1930823177099228,0.15999718010425568,0.163943350315094,0.31440791487693787,0.16856923699378967,3,0.09638557583093643,0.06762436777353287,0.1664706915616989,0.5660545229911804,0.1034647673368454,3,0.09851260483264923,0.06864505261182785,0.17324690520763397,0.5525355339050293,0.10705987364053726
1592,image_13972,D:\DataAI\AIEx\newdataset\yolo_f\images\train\Image_13972.jpg,0,3,3,0.18483322858810425,0.1340404450893402,0.201430082321167,0.3132227063179016,0.16647355258464813,3,0.1002734825015068,0.06355553865432739,0.21294425427913666,0.520692765712738,0.10253400355577469,3,0.10195508599281311,0.06668538600206375,0.22569113969802856,0.5000295042991638,0.10563889145851135
1594,image_13974,D:\DataAI\AIEx\newdataset\yolo_f\images\train\Image_13974.jpg,0,3,3,0.19064322113990784,0.14337442815303802,0.17317934334278107,0.31483566761016846,0.17796733975410461,3,0.09747075289487839,0.06527440994977951,0.20240585505962372,0.5363695621490479,0.09847935289144516,3,0.09975086152553558,0.06963586807250977,0.20455999672412872,0.5244645476341248,0.10158871114253998
1601,image_13981,D:\DataAI\AIEx\newdataset\yolo_f\images\train\Image_13981.jpg,0,3,3,0.1768806427717209,0.15071403980255127,0.18676131963729858,0.3068152666091919,0.17882871627807617,3,0.09010236710309982,0.07579527050256729,0.22145016491413116,0.5054410696029663,0.107211172580719,3,0.09248911589384079,0.0796884074807167,0.22767716646194458,0.4895399510860443,0.11060532182455063
1603,image_13985,D:\DataAI\AIEx\newdataset\yolo_f\images\train\Image_13985.jpg,0,3,3,0.17587171494960785,0.1799604892730713,0.20925220847129822,0.2624490559101105,0.17246650159358978,3,0.08953934162855148,0.08592946827411652,0.21654200553894043,0.49918806552886963,0.10880108177661896,3,0.09340343624353409,0.09214214235544205,0.21645236015319824,0.4846637547016144,0.11333828419446945
1606,image_13991,D:\DataAI\AIEx\newdataset\yolo_f\images\train\Image_13991.jpg,0,3,3,0.1738046258687973,0.15000547468662262,0.1819169968366623,0.31601956486701965,0.17825333774089813,3,0.0976988822221756,0.07083412259817123,0.17250631749629974,0.5476613640785217,0.11129936575889587,3,0.09972620755434036,0.07160664349794388,0.18219587206840515,0.5314930081367493,0.11497826129198074
1611,image_13996,D:\DataAI\AIEx\newdataset\yolo_f\images\train\Image_13996.jpg,0,3,3,0.18202759325504303,0.14684873819351196,0.1531296968460083,0.32830336689949036,0.18969064950942993,3,0.08744532614946365,0.06412173062562943,0.13925011456012726,0.5887370705604553,0.12044574320316315,3,0.09068873524665833,0.06570851057767868,0.15128470957279205,0.5661574006080627,0.12616068124771118
1616,image_14001,D:\DataAI\AIEx\newdataset\yolo_f\images\train\Image_14001.jpg,0,3,3,0.16917195916175842,0.15646600723266602,0.1878805309534073,0.30242565274238586,0.1840558499097824,3,0.08378968387842178,0.0654822438955307,0.24679969251155853,0.4885474443435669,0.11538100987672806,3,0.08529969304800034,0.07104405015707016,0.2575407326221466,0.4641454815864563,0.12197000533342361
1618,image_14003,D:\DataAI\AIEx\newdataset\yolo_f\images\train\Image_14003.jpg,0,3,3,0.17044906318187714,0.17057570815086365,0.16495202481746674,0.31272342801094055,0.18129977583885193,3,0.0792090967297554,0.07290417701005936,0.19907759130001068,0.5334217548370361,0.11538738012313843,3,0.0817970484495163,0.07950832694768906,0.20717881619930267,0.5096034407615662,0.12191236764192581
1626,image_14012,D:\DataAI\AIEx\newdataset\yolo_f\images\train\Image_14012.jpg,0,3,3,0.1728120744228363,0.14272284507751465,0.1517406404018402,0.3262045979499817,0.20651985704898834,3,0.08522346615791321,0.06069372221827507,0.12299811094999313,0.5896416902542114,0.14144308865070343,3,0.08840993791818619,0.06400991231203079,0.13375619053840637,0.5643246173858643,0.14949926733970642
1635,image_14024,D:\DataAI\AIEx\newdataset\yolo_f\images\train\Image_14024.jpg,0,3,3,0.1695154756307602,0.1346740424633026,0.18634529411792755,0.3275853097438812,0.1818798929452896,3,0.08201657235622406,0.06179734319448471,0.18298596143722534,0.5534967184066772,0.11970341205596924,3,0.08401988446712494,0.0641748309135437,0.19280347228050232,0.5351491570472717,0.12385261803865433
1638,image_14028,D:\DataAI\AIEx\newdataset\yolo_f\images\train\Image_14028.jpg,0,3,3,0.17419473826885223,0.1764107346534729,0.15753790736198425,0.3105432391166687,0.1813134253025055,3,0.09174057841300964,0.08152692764997482,0.15508045256137848,0.5346369743347168,0.13701507449150085,3,0.09401500970125198,0.08462171256542206,0.16518566012382507,0.5157378911972046,0.1404397040605545
1640,image_14036,D:\DataAI\AIEx\newdataset\yolo_f\images\train\Image_14036.jpg,0,3,3,0.1834808737039566,0.16384778916835785,0.16390366852283478,0.30910345911979675,0.17966419458389282,3,0.09149482101202011,0.07055497914552689,0.147375226020813,0.5707878470420837,0.11978714913129807,3,0.09502945840358734,0.07396232336759567,0.15370523929595947,0.5522468686103821,0.12505605816841125
1649,image_14049,D:\DataAI\AIEx\newdataset\yolo_f\images\train\Image_14049.jpg,0,3,3,0.1587183177471161,0.14094780385494232,0.15328237414360046,0.3520106375217438,0.19504088163375854,3,0.06721143424510956,0.05331031605601311,0.14264574646949768,0.6129074692726135,0.12392504513263702,3,0.06894935667514801,0.05598276108503342,0.1505681723356247,0.596114456653595,0.1283852756023407
1659,image_14067,D:\DataAI\AIEx\newdataset\yolo_f\images\train\Image_14067.jpg,0,3,3,0.17348021268844604,0.1475745588541031,0.2013305276632309,0.27784672379493713,0.1997680366039276,3,0.08703313767910004,0.06899146735668182,0.174429252743721,0.5042843222618103,0.16526180505752563,3,0.08968348056077957,0.07034973800182343,0.18294602632522583,0.48724672198295593,0.16977404057979584
1662,image_14072,D:\DataAI\AIEx\newdataset\yolo_f\images\train\Image_14072.jpg,0,3,3,0.16776667535305023,0.16528061032295227,0.19318407773971558,0.2837660014629364,0.1900026500225067,3,0.08398338407278061,0.0776955634355545,0.19215185940265656,0.4870990812778473,0.15907011926174164,3,0.08600324392318726,0.07913149148225784,0.19863036274909973,0.4710035026073456,0.16523146629333496
1663,image_14073,D:\DataAI\AIEx\newdataset\yolo_f\images\train\Image_14073.jpg,0,3,3,0.16673998534679413,0.17564746737480164,0.19724754989147186,0.27699875831604004,0.18336628377437592,3,0.08181095868349075,0.08169742673635483,0.17255625128746033,0.5045216679573059,0.15941369533538818,3,0.08392487466335297,0.0833604708313942,0.1786976158618927,0.4883742332458496,0.16564278304576874
1667,image_14079,D:\DataAI\AIEx\newdataset\yolo_f\images\train\Image_14079.jpg,0,3,3,0.1713593602180481,0.14075468480587006,0.20717372000217438,0.2829611003398895,0.19775110483169556,3,0.08040671050548553,0.0597577840089798,0.2258847951889038,0.4744357168674469,0.15951500833034515,3,0.08369410783052444,0.06278545409440994,0.22612600028514862,0.46559879183769226,0.16179560124874115
1668,image_1408,D:\DataAI\AIEx\newdataset\yolo_f\images\train\Image_1408.jpg,0,0,0,0.3447341024875641,0.15089035034179688,0.1789059191942215,0.16673199832439423,0.15873761475086212,0,0.6197900772094727,0.09430686384439468,0.10826504230499268,0.09257785230875015,0.08506019413471222,0,0.6256979703903198,0.09202060848474503,0.10694126784801483,0.09177886694669724,0.08356130123138428
1678,image_14093,D:\DataAI\AIEx\newdataset\yolo_f\images\train\Image_14093.jpg,0,3,3,0.16488893330097198,0.15559838712215424,0.18296663463115692,0.2875538766384125,0.20899218320846558,3,0.0775117427110672,0.0699327290058136,0.20111989974975586,0.47606122493743896,0.17537441849708557,3,0.08018065989017487,0.07200674712657928,0.20555581152439117,0.4640539288520813,0.17820283770561218
1689,image_14109,D:\DataAI\AIEx\newdataset\yolo_f\images\train\Image_14109.jpg,0,3,3,0.17606902122497559,0.1862570196390152,0.18028903007507324,0.2849709987640381,0.1724139302968979,3,0.10603263974189758,0.08332720398902893,0.17328724265098572,0.5415540933609009,0.09579882770776749,3,0.10712146013975143,0.08720729500055313,0.18102777004241943,0.5234966278076172,0.10114692151546478
1691,image_14110,D:\DataAI\AIEx\newdataset\yolo_f\images\train\Image_14110.jpg,0,3,3,0.17956259846687317,0.17900586128234863,0.1509416252374649,0.31198400259017944,0.17850595712661743,3,0.09164535999298096,0.07555713504552841,0.1438051015138626,0.5898655652999878,0.09912683069705963,3,0.09388434141874313,0.07916758954524994,0.1501617431640625,0.5724319219589233,0.10435441136360168
1698,image_14122,D:\DataAI\AIEx\newdataset\yolo_f\images\train\Image_14122.jpg,0,3,3,0.1775279939174652,0.14950618147850037,0.17862816154956818,0.3143653869628906,0.17997227609157562,3,0.0756227970123291,0.06205898895859718,0.16592776775360107,0.587392270565033,0.108998142182827,3,0.07923963665962219,0.06445682793855667,0.1738920956850052,0.5679784417152405,0.11443297564983368
1702,image_14129,D:\DataAI\AIEx\newdataset\yolo_f\images\train\Image_14129.jpg,0,3,3,0.17793412506580353,0.17182928323745728,0.17483006417751312,0.2926102876663208,0.18279626965522766,3,0.09170687943696976,0.0775400847196579,0.14592702686786652,0.5512294769287109,0.1335964798927307,3,0.09446682780981064,0.08026549220085144,0.15566544234752655,0.530344545841217,0.13925771415233612
1703,image_1413,D:\DataAI\AIEx\newdataset\yolo_f\images\train\Image_1413.jpg,0,0,0,0.3117923438549042,0.1603073626756668,0.18172408640384674,0.16232861578464508,0.18384762108325958,0,0.5707292556762695,0.09495589882135391,0.10052154213190079,0.10269574075937271,0.1310974806547165,0,0.5780045390129089,0.09316560626029968,0.10008011758327484,0.10151010006666183,0.1272396296262741
1709,image_14141,D:\DataAI\AIEx\newdataset\yolo_f\images\train\Image_14141.jpg,0,3,3,0.19005092978477478,0.14120671153068542,0.17916932702064514,0.3059189021587372,0.18365412950515747,3,0.10602367669343948,0.064490407705307,0.13457466661930084,0.5749508142471313,0.11996036767959595,3,0.10879146307706833,0.06581979990005493,0.14933636784553528,0.5511439442634583,0.12490839511156082
1716,image_14157,D:\DataAI\AIEx\newdataset\yolo_f\images\train\Image_14157.jpg,0,3,3,0.1752186417579651,0.1510307490825653,0.18678709864616394,0.3040747344493866,0.18288873136043549,3,0.08396907895803452,0.06635957211256027,0.16065391898155212,0.5601249933242798,0.1288924366235733,3,0.08744480460882187,0.0667380765080452,0.17084844410419464,0.5417811274528503,0.13318753242492676
1718,image_14159,D:\DataAI\AIEx\newdataset\yolo_f\images\train\Image_14159.jpg,0,3,3,0.17915275692939758,0.15469467639923096,0.16609783470630646,0.31557589769363403,0.18447887897491455,3,0.08300255984067917,0.06919543445110321,0.15725399553775787,0.5663259625434875,0.12422198802232742,3,0.08528438210487366,0.06958690285682678,0.16526107490062714,0.5507771372795105,0.12909051775932312
1726,image_14170,D:\DataAI\AIEx\newdataset\yolo_f\images\train\Image_14170.jpg,0,3,3,0.1753290444612503,0.17197026312351227,0.15106596052646637,0.31278324127197266,0.1888514757156372,3,0.07790892571210861,0.06667067855596542,0.16132159531116486,0.5664606690406799,0.12763814628124237,3,0.07993019372224808,0.06995689868927002,0.16607606410980225,0.5510004758834839,0.13303638994693756
1728,image_14172,D:\DataAI\AIEx\newdataset\yolo_f\images\train\Image_14172.jpg,0,3,3,0.1732959747314453,0.16660498082637787,0.17517872154712677,0.30754485726356506,0.1773754507303238,3,0.08214205503463745,0.07353026419878006,0.1644754856824875,0.5409555435180664,0.13889668881893158,3,0.08622989803552628,0.0755479633808136,0.1732793003320694,0.5205979347229004,0.14434489607810974
1737,image_14187,D:\DataAI\AIEx\newdataset\yolo_f\images\train\Image_14187.jpg,0,3,3,0.17139630019664764,0.16398262977600098,0.17931200563907623,0.3039464056491852,0.18136261403560638,3,0.0893203467130661,0.07852482050657272,0.1331164687871933,0.5603888630867004,0.13864946365356445,3,0.09057755768299103,0.0814109519124031,0.14586421847343445,0.5386589765548706,0.14348827302455902
1738,image_14191,D:\DataAI\AIEx\newdataset\yolo_f\images\train\Image_14191.jpg,0,3,3,0.1676958054304123,0.15843850374221802,0.15770812332630157,0.32600516080856323,0.19015240669250488,3,0.07364653795957565,0.06371774524450302,0.13120977580547333,0.6117279529571533,0.1196979507803917,3,0.07668318599462509,0.06606754660606384,0.1390562653541565,0.5939867496490479,0.12420627474784851
1750,image_14205,D:\DataAI\AIEx\newdataset\yolo_f\images\train\Image_14205.jpg,0,3,3,0.1810876578092575,0.15071183443069458,0.183635413646698,0.2938835322856903,0.1906815767288208,3,0.08611410111188889,0.06351218372583389,0.14710049331188202,0.563551127910614,0.1397220939397812,3,0.08787273615598679,0.06564344465732574,0.157694473862648,0.5451592206954956,0.14363008737564087
1758,image_1422,D:\DataAI\AIEx\newdataset\yolo_f\images\train\Image_1422.jpg,0,0,0,0.3028218150138855,0.14129683375358582,0.19630853831768036,0.15826396644115448,0.20130886137485504,0,0.4840500056743622,0.11714020371437073,0.1241542175412178,0.10771077126264572,0.16694477200508118,0,0.4916309118270874,0.11300574988126755,0.12567532062530518,0.10690145939588547,0.1627865582704544
1763,image_14226,D:\DataAI\AIEx\newdataset\yolo_f\images\train\Image_14226.jpg,0,3,3,0.178324893116951,0.15486815571784973,0.15974554419517517,0.32695016264915466,0.18011119961738586,3,0.09596771746873856,0.06855175644159317,0.11937074363231659,0.59589022397995,0.12021955847740173,3,0.09689086675643921,0.06871292740106583,0.12696832418441772,0.5832681655883789,0.12415967136621475
1764,image_14227,D:\DataAI\AIEx\newdataset\yolo_f\images\train\Image_14227.jpg,0,3,3,0.1810050755739212,0.1543189287185669,0.1616632491350174,0.32398521900177,0.17902754247188568,3,0.09608136862516403,0.0678347498178482,0.12334761023521423,0.6006075739860535,0.11212871968746185,3,0.09637455642223358,0.06828369200229645,0.13268186151981354,0.585811197757721,0.11684869974851608
1772,image_14237,D:\DataAI\AIEx\newdataset\yolo_f\images\train\Image_14237.jpg,0,3,3,0.19559696316719055,0.16432103514671326,0.14658287167549133,0.31320270895957947,0.1802964210510254,3,0.11157552152872086,0.07823595404624939,0.13754171133041382,0.562870442867279,0.10977636277675629,3,0.11206682026386261,0.07977722585201263,0.14520402252674103,0.5494875311851501,0.11346441507339478
1776,image_14242,D:\DataAI\AIEx\newdataset\yolo_f\images\train\Image_14242.jpg,0,3,3,0.17887626588344574,0.15596802532672882,0.1457541286945343,0.34412917494773865,0.17527242004871368,3,0.08826195448637009,0.070555679500103,0.1154821440577507,0.6186075806617737,0.10709264129400253,3,0.09036025404930115,0.07386258989572525,0.12466397881507874,0.5978161692619324,0.1132969856262207
1777,image_14244,D:\DataAI\AIEx\newdataset\yolo_f\images\train\Image_14244.jpg,0,3,3,0.18958023190498352,0.13865022361278534,0.1591486781835556,0.32519814372062683,0.18742269277572632,3,0.10016506910324097,0.06267259269952774,0.13833321630954742,0.5873902440071106,0.11143885552883148,3,0.10101079195737839,0.06428760290145874,0.1486407071352005,0.5672710537910461,0.11878984421491623
1782,image_14251,D:\DataAI\AIEx\newdataset\yolo_f\images\train\Image_14251.jpg,0,3,3,0.19274190068244934,0.1600044071674347,0.1648121029138565,0.29567617177963257,0.1867654025554657,3,0.10598340630531311,0.07309384644031525,0.14457456767559052,0.537928581237793,0.13841959834098816,3,0.10540781915187836,0.07583015412092209,0.15535184741020203,0.5186194181442261,0.14479076862335205
1786,image_14259,D:\DataAI\AIEx\newdataset\yolo_f\images\train\Image_14259.jpg,0,3,3,0.19263876974582672,0.1426202356815338,0.18537424504756927,0.30804163217544556,0.17132507264614105,3,0.10905056446790695,0.06561073660850525,0.14126574993133545,0.5628757476806641,0.12119720131158829,3,0.10888686776161194,0.06734752655029297,0.1511702686548233,0.5449607372283936,0.12763464450836182
1787,image_14260,D:\DataAI\AIEx\newdataset\yolo_f\images\train\Image_14260.jpg,0,3,3,0.1824776977300644,0.1301337331533432,0.17348922789096832,0.3295392394065857,0.184360072016716,3,0.09879869222640991,0.05938606336712837,0.13565079867839813,0.5795082449913025,0.1266561895608902,3,0.09755616635084152,0.06056872010231018,0.14760443568229675,0.561305582523346,0.13296513259410858
1798,image_14270,D:\DataAI\AIEx\newdataset\yolo_f\images\train\Image_14270.jpg,0,3,3,0.17651547491550446,0.1708090603351593,0.13225992023944855,0.34160223603248596,0.17881329357624054,3,0.08903751522302628,0.07227922976016998,0.10344579815864563,0.6040692329406738,0.13116814196109772,3,0.09061175584793091,0.07421572506427765,0.11090108752250671,0.5906034111976624,0.13366805016994476
1801,image_14273,D:\DataAI\AIEx\newdataset\yolo_f\images\train\Image_14273.jpg,0,3,3,0.18188366293907166,0.15050600469112396,0.1606215089559555,0.3271868824958801,0.17980195581912994,3,0.08825516700744629,0.0688970610499382,0.16468751430511475,0.5753499865531921,0.10281024128198624,3,0.09182630479335785,0.07089269906282425,0.17742598056793213,0.5510990619659424,0.10875596106052399
1808,image_14280,D:\DataAI\AIEx\newdataset\yolo_f\images\train\Image_14280.jpg,0,3,3,0.18564064800739288,0.15577273070812225,0.1760363131761551,0.3096640706062317,0.17288623750209808,3,0.08896448463201523,0.0672205239534378,0.15006133913993835,0.5708343982696533,0.1229192242026329,3,0.09068949520587921,0.0688522458076477,0.1633293479681015,0.5490132570266724,0.12811563909053802
1812,image_14284,D:\DataAI\AIEx\newdataset\yolo_f\images\train\Image_14284.jpg,0,3,3,0.1731812059879303,0.16673946380615234,0.1721193641424179,0.31221142411231995,0.1757485270500183,3,0.08613328635692596,0.07978028059005737,0.14697037637233734,0.5542542338371277,0.13286179304122925,3,0.08784408867359161,0.08158835023641586,0.1574109047651291,0.5356966257095337,0.13746008276939392
1816,image_14288,D:\DataAI\AIEx\newdataset\yolo_f\images\train\Image_14288.jpg,0,3,3,0.16434484720230103,0.165935680270195,0.17599274218082428,0.3093215525150299,0.1844051629304886,3,0.07940421998500824,0.06815268099308014,0.14010868966579437,0.559938907623291,0.15239551663398743,3,0.08151654154062271,0.06854680180549622,0.14741076529026031,0.5468336939811707,0.1556922346353531
1817,image_14289,D:\DataAI\AIEx\newdataset\yolo_f\images\train\Image_14289.jpg,0,3,3,0.162932887673378,0.16635869443416595,0.17379797995090485,0.3079753518104553,0.18893511593341827,3,0.08039933443069458,0.07134044915437698,0.13851392269134521,0.5532755851745605,0.15647076070308685,3,0.08104852586984634,0.07160107791423798,0.1477237492799759,0.5384804606437683,0.16114619374275208
1823,image_14293,D:\DataAI\AIEx\newdataset\yolo_f\images\train\Image_14293.jpg,0,3,3,0.17861735820770264,0.15070821344852448,0.16010764241218567,0.3350730836391449,0.1754937320947647,3,0.08402351289987564,0.057732559740543365,0.1212804913520813,0.6359621286392212,0.1010013222694397,3,0.08687306195497513,0.06074831634759903,0.13159091770648956,0.6142472624778748,0.10654043406248093
1825,image_14295,D:\DataAI\AIEx\newdataset\yolo_f\images\train\Image_14295.jpg,0,3,3,0.17612580955028534,0.16379061341285706,0.14967724680900574,0.33451977372169495,0.1758865863084793,3,0.08176679164171219,0.0660436749458313,0.13086287677288055,0.6067972183227539,0.11452947556972504,3,0.08467913419008255,0.06823565810918808,0.13631556928157806,0.5929941534996033,0.11777547001838684
1832,image_14301,D:\DataAI\AIEx\newdataset\yolo_f\images\train\Image_14301.jpg,0,3,3,0.1772976666688919,0.1574571281671524,0.16337406635284424,0.32669103145599365,0.17518004775047302,3,0.09480463713407516,0.08099230378866196,0.1199297159910202,0.5815649628639221,0.12270835041999817,3,0.0961688756942749,0.08342587947845459,0.13089889287948608,0.5617685317993164,0.1277378350496292
1838,image_14307,D:\DataAI\AIEx\newdataset\yolo_f\images\train\Image_14307.jpg,0,3,3,0.18289057910442352,0.15092314779758453,0.15963958203792572,0.3309745490550995,0.17557217180728912,3,0.0846361517906189,0.060838405042886734,0.13338163495063782,0.6081637144088745,0.11298010498285294,3,0.087546706199646,0.06322237104177475,0.1396544724702835,0.5938458442687988,0.11573056131601334
1841,image_1431,D:\DataAI\AIEx\newdataset\yolo_f\images\train\Image_1431.jpg,0,0,0,0.3321032226085663,0.16328619420528412,0.17673155665397644,0.17639188468456268,0.15148712694644928,0,0.5381426215171814,0.15444429218769073,0.11038820445537567,0.10609129071235657,0.09093358367681503,0,0.5409253239631653,0.1540486216545105,0.1098320260643959,0.10544861108064651,0.08974539488554001
1845,image_14313,D:\DataAI\AIEx\newdataset\yolo_f\images\train\Image_14313.jpg,0,3,3,0.17208251357078552,0.145822674036026,0.18438369035720825,0.31721535325050354,0.18049569427967072,3,0.08757343143224716,0.06322580575942993,0.1266423761844635,0.5744753479957581,0.14808307588100433,3,0.08821763098239899,0.06476039439439774,0.13776260614395142,0.5562508702278137,0.15300846099853516
1854,image_14322,D:\DataAI\AIEx\newdataset\yolo_f\images\train\Image_14322.jpg,0,3,3,0.16944414377212524,0.14363546669483185,0.16575366258621216,0.33434680104255676,0.186819925904274,3,0.07975716888904572,0.06599058210849762,0.13472077250480652,0.5889672636985779,0.13056422770023346,3,0.08138978481292725,0.06748966872692108,0.14388389885425568,0.5730934143066406,0.13414324820041656
1858,image_14326,D:\DataAI\AIEx\newdataset\yolo_f\images\train\Image_14326.jpg,0,3,3,0.17486251890659332,0.1425919085741043,0.17759737372398376,0.3165171444416046,0.1884310245513916,3,0.08687927573919296,0.058053649961948395,0.12832361459732056,0.5731176137924194,0.15362578630447388,3,0.0874854177236557,0.060309384018182755,0.13956081867218018,0.554477334022522,0.1581670343875885
1860,image_14328,D:\DataAI\AIEx\newdataset\yolo_f\images\train\Image_14328.jpg,0,3,3,0.17305859923362732,0.16367362439632416,0.15820302069187164,0.3262992799282074,0.17876549065113068,3,0.08256015926599503,0.06966850161552429,0.12383046001195908,0.6151229739189148,0.10881795734167099,3,0.08325997740030289,0.07046032696962357,0.13499325513839722,0.5951590538024902,0.11612735688686371
1864,image_14332,D:\DataAI\AIEx\newdataset\yolo_f\images\train\Image_14332.jpg,0,3,3,0.16683346033096313,0.16059842705726624,0.15904422104358673,0.33095619082450867,0.18256773054599762,3,0.08289826661348343,0.07223775237798691,0.13329656422138214,0.5891037583351135,0.12246369570493698,3,0.08453179895877838,0.07478546351194382,0.14583148062229156,0.5674027800559998,0.12744849920272827
1873,image_14341,D:\DataAI\AIEx\newdataset\yolo_f\images\train\Image_14341.jpg,0,3,3,0.18244661390781403,0.1540331095457077,0.15727195143699646,0.330366849899292,0.17588144540786743,3,0.08691965043544769,0.06663799285888672,0.1667231321334839,0.5764077305793762,0.10331150144338608,3,0.0903676226735115,0.06901571899652481,0.17950986325740814,0.551650881767273,0.1094558909535408
1878,image_14346,D:\DataAI\AIEx\newdataset\yolo_f\images\train\Image_14346.jpg,0,3,3,0.17884722352027893,0.16811208426952362,0.1441241055727005,0.3364081084728241,0.17250846326351166,3,0.09000559896230698,0.07543005049228668,0.11767149716615677,0.599847137928009,0.11704571545124054,3,0.09185216575860977,0.07681058347225189,0.12760718166828156,0.583137571811676,0.12059246748685837
1882,image_14350,D:\DataAI\AIEx\newdataset\yolo_f\images\train\Image_14350.jpg,0,3,3,0.17774833738803864,0.1747427135705948,0.16103307902812958,0.316145122051239,0.1703307330608368,3,0.09303836524486542,0.0949680358171463,0.1446007639169693,0.544379472732544,0.12301331013441086,3,0.09444278478622437,0.09901449084281921,0.1538124829530716,0.5239904522895813,0.12873978912830353
1892,image_1436,D:\DataAI\AIEx\newdataset\yolo_f\images\train\Image_1436.jpg,0,0,0,0.32355913519859314,0.16400381922721863,0.16744153201580048,0.1764163076877594,0.16857926547527313,0,0.5952441692352295,0.10095780342817307,0.0933944582939148,0.10001421719789505,0.1103893518447876,0,0.6012591123580933,0.09893650561571121,0.09282013028860092,0.09974280744791031,0.10724139958620071
1893,image_14360,D:\DataAI\AIEx\newdataset\yolo_f\images\train\Image_14360.jpg,0,3,3,0.17726550996303558,0.15261168777942657,0.16552194952964783,0.3251451849937439,0.17945563793182373,3,0.08347851037979126,0.057713549584150314,0.12430314719676971,0.6273236274719238,0.10718110203742981,3,0.08595512062311172,0.059773605316877365,0.13494056463241577,0.6066678762435913,0.11266286671161652
1900,image_14367,D:\DataAI\AIEx\newdataset\yolo_f\images\train\Image_14367.jpg,0,3,3,0.16318875551223755,0.1556175947189331,0.1814282089471817,0.3155917525291443,0.18417364358901978,3,0.08563587814569473,0.07376784831285477,0.13269002735614777,0.5700292587280273,0.13787701725959778,3,0.08567551523447037,0.07540681213140488,0.14528222382068634,0.5503361225128174,0.1432994157075882
1907,image_14373,D:\DataAI\AIEx\newdataset\yolo_f\images\train\Image_14373.jpg,0,3,3,0.18093553185462952,0.16035279631614685,0.1647307574748993,0.32081615924835205,0.17316478490829468,3,0.09053734689950943,0.06911805272102356,0.1416710615158081,0.5824771523475647,0.1161964163184166,3,0.09191688895225525,0.07105682045221329,0.1505005657672882,0.5662169456481934,0.12030873447656631
1909,image_14375,D:\DataAI\AIEx\newdataset\yolo_f\images\train\Image_14375.jpg,0,3,3,0.1810326725244522,0.1587231606245041,0.15158343315124512,0.33045682311058044,0.17820386588573456,3,0.0876169502735138,0.06448165327310562,0.12796354293823242,0.6120644807815552,0.1078733503818512,3,0.09048010408878326,0.06701631098985672,0.13549686968326569,0.5960226058959961,0.1109841838479042
1920,image_14386,D:\DataAI\AIEx\newdataset\yolo_f\images\train\Image_14386.jpg,0,3,3,0.17398560047149658,0.15333588421344757,0.16811253130435944,0.31948593258857727,0.18508002161979675,3,0.0892268717288971,0.06780529022216797,0.12239217013120651,0.5720657110214233,0.1485099494457245,3,0.0897502452135086,0.06964433193206787,0.13287654519081116,0.5543062090873718,0.15342268347740173
1925,image_14391,D:\DataAI\AIEx\newdataset\yolo_f\images\train\Image_14391.jpg,0,3,3,0.18117572367191315,0.1362573802471161,0.18005779385566711,0.32923227548599243,0.17327679693698883,3,0.09179307520389557,0.06122416630387306,0.14578576385974884,0.5815867185592651,0.11961030960083008,3,0.09290516376495361,0.06266269087791443,0.1552831083536148,0.5654701590538025,0.12367887049913406
1927,image_14393,D:\DataAI\AIEx\newdataset\yolo_f\images\train\Image_14393.jpg,0,3,3,0.17538480460643768,0.13651353120803833,0.1856902688741684,0.3131970763206482,0.1892143040895462,3,0.08445127308368683,0.05504433810710907,0.13481298089027405,0.568813681602478,0.15687774121761322,3,0.08595412969589233,0.056266866624355316,0.14506028592586517,0.5519607067108154,0.16075797379016876
1932,image_14399,D:\DataAI\AIEx\newdataset\yolo_f\images\train\Image_14399.jpg,0,3,3,0.16425660252571106,0.1644938439130783,0.1432192176580429,0.34632381796836853,0.181706503033638,3,0.08390382677316666,0.0735655426979065,0.1087099090218544,0.6083903908729553,0.1254303753376007,3,0.08454052358865738,0.07429412752389908,0.11800044775009155,0.5955244302749634,0.12764045596122742
1934,image_1441,D:\DataAI\AIEx\newdataset\yolo_f\images\train\Image_1441.jpg,0,0,0,0.36942535638809204,0.12982609868049622,0.1523040235042572,0.1671009510755539,0.18134355545043945,0,0.6294289231300354,0.10053237527608871,0.08708144724369049,0.09009716659784317,0.09286018460988998,0,0.6311908960342407,0.1011621430516243,0.08708087354898453,0.09008458256721497,0.09048151969909668
1942,image_1453,D:\DataAI\AIEx\newdataset\yolo_f\images\train\Image_1453.jpg,0,0,0,0.301816463470459,0.18959678709506989,0.18001998960971832,0.15636710822582245,0.17219962179660797,0,0.5837831497192383,0.12029825896024704,0.1050553172826767,0.09157715737819672,0.09928607940673828,0,0.5929681658744812,0.11778593808412552,0.10389811545610428,0.0899956077337265,0.09535219520330429
1951,image_1471,D:\DataAI\AIEx\newdataset\yolo_f\images\train\Image_1471.jpg,0,0,0,0.3166464865207672,0.166273832321167,0.1740277111530304,0.16843397915363312,0.1746179312467575,0,0.596254825592041,0.10233137756586075,0.09620010852813721,0.09392748773097992,0.11128616333007812,0,0.6041096448898315,0.09995448589324951,0.09509585797786713,0.09300084412097931,0.10783916711807251
1956,image_1479,D:\DataAI\AIEx\newdataset\yolo_f\images\train\Image_1479.jpg,0,0,0,0.32776373624801636,0.1625923365354538,0.1807592213153839,0.16157978773117065,0.1673049032688141,0,0.6000419855117798,0.10665904730558395,0.10076236724853516,0.10022104531526566,0.09231556951999664,0,0.6076827049255371,0.1047511026263237,0.09910475462675095,0.09927473962306976,0.08918668329715729
1959,image_1481,D:\DataAI\AIEx\newdataset\yolo_f\images\train\Image_1481.jpg,0,0,0,0.32499682903289795,0.17176786065101624,0.16063684225082397,0.1722334921360016,0.17036500573158264,0,0.6087172627449036,0.10329873859882355,0.08881250768899918,0.10823166370391846,0.09093983471393585,0,0.6174795627593994,0.10185705125331879,0.08713176846504211,0.1063728928565979,0.08715873956680298
1960,image_1482,D:\DataAI\AIEx\newdataset\yolo_f\images\train\Image_1482.jpg,0,0,0,0.3121780753135681,0.19281283020973206,0.14936020970344543,0.17366765439510345,0.17198128998279572,0,0.601357102394104,0.12664805352687836,0.08199801295995712,0.1052096039056778,0.08478720486164093,0,0.6078870296478271,0.1254444718360901,0.08058733493089676,0.10402369499206543,0.08205746859312057
1976,image_1508,D:\DataAI\AIEx\newdataset\yolo_f\images\train\Image_1508.jpg,0,0,0,0.3176632523536682,0.14187610149383545,0.17912860214710236,0.1807287484407425,0.1806032955646515,0,0.5384865403175354,0.10602680593729019,0.10823286324739456,0.11948874592781067,0.12776507437229156,0,0.5443494319915771,0.10589515417814255,0.1069621816277504,0.1183624193072319,0.124430812895298
1977,image_1509,D:\DataAI\AIEx\newdataset\yolo_f\images\train\Image_1509.jpg,0,0,0,0.3377385139465332,0.11762456595897675,0.192817822098732,0.18175682425498962,0.17006224393844604,0,0.5766794085502625,0.08450447022914886,0.1176338642835617,0.11538615822792053,0.10579618066549301,0,0.5824427604675293,0.08384767919778824,0.11585348844528198,0.114345021545887,0.10351104289293289
1978,image_151,D:\DataAI\AIEx\newdataset\yolo_f\images\train\Image_151.jpg,0,0,0,0.35737624764442444,0.14572453498840332,0.1446744054555893,0.18075986206531525,0.1714649200439453,0,0.5462492108345032,0.12360125035047531,0.08909258246421814,0.10146535187959671,0.13959158957004547,0,0.548804521560669,0.12262673676013947,0.09074533730745316,0.10298820585012436,0.1348351538181305
1985,image_152,D:\DataAI\AIEx\newdataset\yolo_f\images\train\Image_152.jpg,0,0,0,0.30222952365875244,0.1809258908033371,0.15612578392028809,0.17575721442699432,0.18496155738830566,0,0.40277326107025146,0.16177409887313843,0.1045176312327385,0.1020197868347168,0.22891518473625183,0,0.4065488874912262,0.16050316393375397,0.10517335683107376,0.10575471073389053,0.22201980650424957
1989,image_1526,D:\DataAI\AIEx\newdataset\yolo_f\images\train\Image_1526.jpg,0,0,0,0.3310355842113495,0.1490880250930786,0.17647558450698853,0.16762568056583405,0.17577512562274933,0,0.5887004733085632,0.1016877219080925,0.10250989347696304,0.1115473210811615,0.09555457532405853,0,0.5934171676635742,0.10101078450679779,0.1016327515244484,0.11045002192258835,0.09348925948143005
1992,image_153,D:\DataAI\AIEx\newdataset\yolo_f\images\train\Image_153.jpg,0,0,0,0.3374958038330078,0.142076775431633,0.15873092412948608,0.18658745288848877,0.17510908842086792,0,0.47316330671310425,0.1431245505809784,0.11757183074951172,0.11467371135950089,0.15146666765213013,0,0.4761452376842499,0.13871940970420837,0.1193683072924614,0.11744081228971481,0.14832618832588196
1999,image_154,D:\DataAI\AIEx\newdataset\yolo_f\images\train\Image_154.jpg,0,0,0,0.290284126996994,0.20891378819942474,0.16543158888816833,0.1770707219839096,0.15829980373382568,0,0.4289521872997284,0.21870951354503632,0.1281174123287201,0.11714424192905426,0.10707662999629974,0,0.4252079129219055,0.2234908640384674,0.1293805092573166,0.11630827933549881,0.10561247169971466
2009,image_1555,D:\DataAI\AIEx\newdataset\yolo_f\images\train\Image_1555.jpg,0,0,0,0.33258727192878723,0.136641725897789,0.1630350947380066,0.17887555062770844,0.18886037170886993,0,0.5255440473556519,0.13904152810573578,0.09646506607532501,0.11471164971590042,0.12423769384622574,0,0.5280689597129822,0.14000405371189117,0.09523520618677139,0.11354268342256546,0.12314911931753159
2012,image_156,D:\DataAI\AIEx\newdataset\yolo_f\images\train\Image_156.jpg,0,0,1,0.23628611862659454,0.25800204277038574,0.1629839837551117,0.17505322396755219,0.16767466068267822,0,0.3523351550102234,0.27643299102783203,0.12422847002744675,0.11988688260316849,0.12711653113365173,0,0.34564220905303955,0.28386756777763367,0.1264791190624237,0.11924048513174057,0.1247706189751625
2017,image_1564,D:\DataAI\AIEx\newdataset\yolo_f\images\train\Image_1564.jpg,0,0,0,0.31116151809692383,0.18847453594207764,0.1750563085079193,0.15949144959449768,0.16581624746322632,0,0.5846704244613647,0.11795524507761002,0.10219395905733109,0.09623848646879196,0.09894189983606339,0,0.5928373336791992,0.11437799036502838,0.10147077590227127,0.09562445431947708,0.09568942338228226
2022,image_1569,D:\DataAI\AIEx\newdataset\yolo_f\images\train\Image_1569.jpg,0,0,0,0.36176028847694397,0.159803569316864,0.1691761314868927,0.15957242250442505,0.14968758821487427,0,0.6449068784713745,0.09741851687431335,0.09070699661970139,0.09277527034282684,0.07419229298830032,0,0.6502814292907715,0.09553156793117523,0.08916027843952179,0.09296884387731552,0.07205791026353836
2025,image_1571,D:\DataAI\AIEx\newdataset\yolo_f\images\train\Image_1571.jpg,0,0,0,0.33392733335494995,0.15564332902431488,0.18194782733917236,0.16165857017040253,0.16682292520999908,0,0.607186496257782,0.09891584515571594,0.10528627038002014,0.09217537939548492,0.09643609076738358,0,0.616012692451477,0.09588061273097992,0.10384966433048248,0.09133873879909515,0.0929182693362236
2035,image_1580,D:\DataAI\AIEx\newdataset\yolo_f\images\train\Image_1580.jpg,0,0,0,0.37656378746032715,0.11389374732971191,0.18069316446781158,0.16026119887828827,0.16858811676502228,0,0.6316676735877991,0.08933121711015701,0.09590104222297668,0.09257158637046814,0.09052848070859909,0,0.6358235478401184,0.08845482021570206,0.09501252323389053,0.09236863255500793,0.08834049105644226
2041,image_1586,D:\DataAI\AIEx\newdataset\yolo_f\images\train\Image_1586.jpg,0,0,0,0.30007895827293396,0.14824531972408295,0.2020588368177414,0.16022436320781708,0.18939246237277985,0,0.5643892884254456,0.09835878759622574,0.12035656720399857,0.09973207861185074,0.11716331541538239,0,0.5695077776908875,0.09746384620666504,0.11885271966457367,0.09921054542064667,0.114965058863163
2045,image_159,D:\DataAI\AIEx\newdataset\yolo_f\images\train\Image_159.jpg,0,0,0,0.29790621995925903,0.19776363670825958,0.15574948489665985,0.18133729696273804,0.16724331676959991,0,0.45866718888282776,0.1926160603761673,0.11069097369909286,0.11648610234260559,0.12153971195220947,0,0.4571410119533539,0.195111945271492,0.11196839809417725,0.11662478744983673,0.11915387958288193
2052,image_1596,D:\DataAI\AIEx\newdataset\yolo_f\images\train\Image_1596.jpg,0,0,0,0.3318013548851013,0.13767126202583313,0.20304445922374725,0.16290025413036346,0.16458271443843842,0,0.612909197807312,0.08254840224981308,0.11298925429582596,0.09284673631191254,0.09870642423629761,0,0.6211808323860168,0.07986046373844147,0.11168234795331955,0.09195512533187866,0.09532121568918228
2054,image_1598,D:\DataAI\AIEx\newdataset\yolo_f\images\train\Image_1598.jpg,0,0,0,0.3465498089790344,0.1451391577720642,0.1731715053319931,0.17065630853176117,0.1644832044839859,0,0.6060848236083984,0.09883113950490952,0.10124536603689194,0.09630447626113892,0.09753411263227463,0,0.612389862537384,0.09757672250270844,0.10015198588371277,0.0954851284623146,0.09439629316329956
2055,image_1599,D:\DataAI\AIEx\newdataset\yolo_f\images\train\Image_1599.jpg,0,0,0,0.372578501701355,0.12412509322166443,0.1704379916191101,0.16761371493339539,0.1652446687221527,0,0.62926185131073,0.08484949171543121,0.09721586108207703,0.09570201486349106,0.09297078102827072,0,0.6344561576843262,0.08372003585100174,0.09656175971031189,0.09518123418092728,0.09008076041936874
2062,image_1604,D:\DataAI\AIEx\newdataset\yolo_f\images\train\Image_1604.jpg,0,0,0,0.31742754578590393,0.14916042983531952,0.1847601979970932,0.16762317717075348,0.1810286045074463,0,0.6154630184173584,0.09594732522964478,0.09572726488113403,0.09306901693344116,0.09979336708784103,0,0.6213154196739197,0.0948428064584732,0.09424620866775513,0.09278392046689987,0.09681160002946854
2063,image_1605,D:\DataAI\AIEx\newdataset\yolo_f\images\train\Image_1605.jpg,0,0,0,0.34893372654914856,0.12497879564762115,0.17350001633167267,0.16945327818393707,0.18313424289226532,0,0.624509871006012,0.08526000380516052,0.08574747294187546,0.09938811510801315,0.10509459674358368,0,0.6292785406112671,0.08448561280965805,0.08467169851064682,0.0995095893740654,0.10205459594726562
2072,image_1613,D:\DataAI\AIEx\newdataset\yolo_f\images\train\Image_1613.jpg,0,0,0,0.3505134582519531,0.1333676427602768,0.16373039782047272,0.17168709635734558,0.18070143461227417,0,0.6391584277153015,0.09135711193084717,0.07643551379442215,0.09819483757019043,0.09485413879156113,0,0.6420290470123291,0.09147002547979355,0.07568958401679993,0.09847087413072586,0.09234048426151276
2075,image_1616,D:\DataAI\AIEx\newdataset\yolo_f\images\train\Image_1616.jpg,0,0,0,0.3583267331123352,0.13822172582149506,0.1558358520269394,0.17598888278007507,0.17162685096263885,0,0.6466206908226013,0.09218724071979523,0.07608581334352493,0.09816500544548035,0.0869411900639534,0,0.6486283540725708,0.09220828115940094,0.07560287415981293,0.09868429601192474,0.0848761796951294
2077,image_1618,D:\DataAI\AIEx\newdataset\yolo_f\images\train\Image_1618.jpg,0,0,0,0.3359028398990631,0.13972419500350952,0.1717432588338852,0.17218466103076935,0.18044507503509521,0,0.6144982576370239,0.0931033119559288,0.09434862434864044,0.1010395735502243,0.09701025485992432,0,0.6214581727981567,0.09145739674568176,0.09239133447408676,0.1002206802368164,0.09447242319583893
2082,image_1622,D:\DataAI\AIEx\newdataset\yolo_f\images\train\Image_1622.jpg,0,0,0,0.35236188769340515,0.1291152983903885,0.1744801104068756,0.16436010599136353,0.1796826273202896,0,0.6320295333862305,0.08386567234992981,0.09651403874158859,0.0958198606967926,0.09177093207836151,0,0.6392630934715271,0.08248769491910934,0.09411439299583435,0.09520947933197021,0.08892534673213959
2085,image_1625,D:\DataAI\AIEx\newdataset\yolo_f\images\train\Image_1625.jpg,0,0,0,0.32677891850471497,0.15350854396820068,0.16921666264533997,0.17368590831756592,0.17680995166301727,0,0.62717205286026,0.0925244614481926,0.08731593936681747,0.10104154050350189,0.09194603562355042,0,0.6344209313392639,0.09098091721534729,0.08574733138084412,0.10012836754322052,0.08872242271900177
2093,image_1632,D:\DataAI\AIEx\newdataset\yolo_f\images\train\Image_1632.jpg,0,0,0,0.39723536372184753,0.0817401260137558,0.20291291177272797,0.182583749294281,0.1355278044939041,0,0.6392738819122314,0.061767179518938065,0.11474433541297913,0.10706372559070587,0.07715090364217758,0,0.641793966293335,0.061008866876363754,0.11399854719638824,0.10662619769573212,0.07657236605882645
2095,image_1634,D:\DataAI\AIEx\newdataset\yolo_f\images\train\Image_1634.jpg,0,0,0,0.37151017785072327,0.09327182918787003,0.19710847735404968,0.1803516149520874,0.15775790810585022,0,0.5891831517219543,0.09228765219449997,0.10682661831378937,0.11388032883405685,0.09782232344150543,0,0.5926259756088257,0.09264010190963745,0.10571750998497009,0.11310296505689621,0.09591346234083176
2096,image_1635,D:\DataAI\AIEx\newdataset\yolo_f\images\train\Image_1635.jpg,0,0,0,0.3713936507701874,0.0908195972442627,0.2162804752588272,0.17701905965805054,0.14448726177215576,0,0.6303158402442932,0.06950252503156662,0.11509894579648972,0.10423640161752701,0.08084636926651001,0,0.6362252235412598,0.0681987851858139,0.11348769068717957,0.10347441583871841,0.07861391454935074
2107,image_1645,D:\DataAI\AIEx\newdataset\yolo_f\images\train\Image_1645.jpg,0,0,0,0.3325919806957245,0.15540668368339539,0.14965717494487762,0.1685062050819397,0.19383788108825684,0,0.511450469493866,0.128189355134964,0.09464485198259354,0.10168691724538803,0.16402840614318848,0,0.5211566686630249,0.12496763467788696,0.095638707280159,0.10145646333694458,0.15678055584430695
2112,image_165,D:\DataAI\AIEx\newdataset\yolo_f\images\train\Image_165.jpg,0,0,0,0.3089310824871063,0.1611638218164444,0.17876850068569183,0.18247878551483154,0.16865776479244232,0,0.43117988109588623,0.17657995223999023,0.1469997763633728,0.13010884821414948,0.11513151228427887,0,0.4291297495365143,0.18013738095760345,0.1476496309041977,0.12890669703483582,0.11417656391859055
2113,image_1650,D:\DataAI\AIEx\newdataset\yolo_f\images\train\Image_1650.jpg,0,0,0,0.3257112205028534,0.15613804757595062,0.17811791598796844,0.1636233925819397,0.17640942335128784,0,0.5374653935432434,0.11155179888010025,0.13197191059589386,0.10176752507686615,0.1172434389591217,0,0.5428080558776855,0.11086862534284592,0.13125503063201904,0.10116997361183167,0.11389835178852081
2117,image_1654,D:\DataAI\AIEx\newdataset\yolo_f\images\train\Image_1654.jpg,0,0,0,0.3547939360141754,0.14259499311447144,0.14931067824363708,0.18030035495758057,0.1730000376701355,0,0.618747889995575,0.09633830934762955,0.08617831021547318,0.10116027295589447,0.09757515788078308,0,0.6233356595039368,0.09542693942785263,0.08633565157651901,0.09973644465208054,0.09516537189483643
2125,image_1661,D:\DataAI\AIEx\newdataset\yolo_f\images\train\Image_1661.jpg,0,0,1,0.2236657589673996,0.2992304861545563,0.13049599528312683,0.13630032539367676,0.21030746400356293,0,0.37130263447761536,0.24228739738464355,0.09587781876325607,0.09247209131717682,0.19805999100208282,0,0.3855237364768982,0.2295355647802353,0.09559091925621033,0.09281957149505615,0.1965302675962448
2128,image_1664,D:\DataAI\AIEx\newdataset\yolo_f\images\train\Image_1664.jpg,0,0,0,0.3393159508705139,0.12975649535655975,0.18758505582809448,0.1632307916879654,0.18011166155338287,0,0.5754480957984924,0.08646547049283981,0.11595245450735092,0.09566213190555573,0.1264718472957611,0,0.5825093388557434,0.08516662567853928,0.11469272524118423,0.09519839286804199,0.12243285030126572
2139,image_1674,D:\DataAI\AIEx\newdataset\yolo_f\images\train\Image_1674.jpg,0,0,0,0.300062894821167,0.21505776047706604,0.16716420650482178,0.1502618044614792,0.1674533635377884,0,0.5101451277732849,0.1764240860939026,0.12161461263895035,0.0976123958826065,0.09420372545719147,0,0.5161438584327698,0.1736169457435608,0.12070459127426147,0.09728505462408066,0.09224952757358551
2140,image_1675,D:\DataAI\AIEx\newdataset\yolo_f\images\train\Image_1675.jpg,0,0,0,0.3416144549846649,0.16731825470924377,0.16525408625602722,0.15857954323291779,0.16723372042179108,0,0.5797814726829529,0.12374593317508698,0.09931532293558121,0.09564978629350662,0.10150749981403351,0,0.5833348035812378,0.12273778766393661,0.09930038452148438,0.09499184042215347,0.09963517636060715
2147,image_1681,D:\DataAI\AIEx\newdataset\yolo_f\images\train\Image_1681.jpg,0,0,0,0.3547980785369873,0.12295328825712204,0.18070973455905914,0.16874906420707703,0.1727898269891739,0,0.5899787545204163,0.10113459825515747,0.10044240951538086,0.10231222212314606,0.10613194108009338,0,0.5943971276283264,0.1008184626698494,0.09915049374103546,0.1008872464299202,0.10474670678377151
2149,image_1683,D:\DataAI\AIEx\newdataset\yolo_f\images\train\Image_1683.jpg,0,0,0,0.341729074716568,0.139459028840065,0.18220911920070648,0.16639001667499542,0.17021271586418152,0,0.6233539581298828,0.08504839241504669,0.10168106108903885,0.09377725422382355,0.0961393192410469,0,0.6316087245941162,0.08242662996053696,0.10011996328830719,0.0922481119632721,0.09359658509492874
2156,image_169,D:\DataAI\AIEx\newdataset\yolo_f\images\train\Image_169.jpg,0,0,0,0.3023586571216583,0.16491563618183136,0.1633802056312561,0.1718149185180664,0.19753055274486542,0,0.4159051775932312,0.17431673407554626,0.11018094420433044,0.10518502444028854,0.19441209733486176,0,0.41426506638526917,0.17610681056976318,0.11338043957948685,0.10575740784406662,0.19049029052257538
2159,image_1692,D:\DataAI\AIEx\newdataset\yolo_f\images\train\Image_1692.jpg,0,0,0,0.3249052166938782,0.1438499391078949,0.1811586320400238,0.1617843359708786,0.18830186128616333,0,0.6083290576934814,0.07883082330226898,0.09926511347293854,0.09776326268911362,0.11581172794103622,0,0.6187598705291748,0.0755491778254509,0.09756753593683243,0.09542501717805862,0.11269841343164444
2165,image_1698,D:\DataAI\AIEx\newdataset\yolo_f\images\train\Image_1698.jpg,0,0,0,0.33394262194633484,0.1680164784193039,0.17419496178627014,0.15894629061222076,0.16489960253238678,0,0.5494798421859741,0.14340107142925262,0.09943850338459015,0.09385460615158081,0.1138259619474411,0,0.5569427609443665,0.1400979906320572,0.09910305589437485,0.09257350116968155,0.11128269881010056
2169,image_1700,D:\DataAI\AIEx\newdataset\yolo_f\images\train\Image_1700.jpg,0,0,0,0.3735281825065613,0.10598451644182205,0.20391960442066193,0.1719120442867279,0.14465568959712982,0,0.6056216955184937,0.08050503581762314,0.11928769946098328,0.09939853847026825,0.09518700838088989,0,0.6100375652313232,0.07955294847488403,0.11836700141429901,0.09840268641710281,0.0936397910118103
2176,image_1707,D:\DataAI\AIEx\newdataset\yolo_f\images\train\Image_1707.jpg,0,0,0,0.26094111800193787,0.2538525462150574,0.17578813433647156,0.15771037340164185,0.15170776844024658,0,0.5364689230918884,0.16768580675125122,0.10191430151462555,0.10114432126283646,0.09278665482997894,0,0.5362755060195923,0.16952991485595703,0.10246891528367996,0.10120096057653427,0.09052477777004242
2183,image_1713,D:\DataAI\AIEx\newdataset\yolo_f\images\train\Image_1713.jpg,0,0,0,0.3105326294898987,0.19247423112392426,0.16325320303440094,0.16397960484027863,0.1697603464126587,0,0.6070504188537598,0.10944592207670212,0.08562694489955902,0.09662079811096191,0.10125584155321121,0,0.6111363768577576,0.10931987315416336,0.08502501994371414,0.09569940716028214,0.09881934523582458
2188,image_1718,D:\DataAI\AIEx\newdataset\yolo_f\images\train\Image_1718.jpg,0,0,0,0.33173009753227234,0.1948494166135788,0.1341773271560669,0.14994192123413086,0.18930120766162872,0,0.5815665125846863,0.13943462073802948,0.08131793141365051,0.08511705696582794,0.1125638484954834,0,0.5929615497589111,0.1332147717475891,0.08139728009700775,0.08523719012737274,0.10718922317028046
2189,image_1719,D:\DataAI\AIEx\newdataset\yolo_f\images\train\Image_1719.jpg,0,0,0,0.3234916031360626,0.1787036806344986,0.16261819005012512,0.16346843540668488,0.17171815037727356,0,0.6130366325378418,0.10728726536035538,0.08672351390123367,0.09315061569213867,0.09980206936597824,0,0.6172430515289307,0.10753823816776276,0.08562467992305756,0.09241019189357758,0.09718381613492966
2200,image_1729,D:\DataAI\AIEx\newdataset\yolo_f\images\train\Image_1729.jpg,0,0,0,0.3133094906806946,0.2142563909292221,0.15196655690670013,0.16299846768379211,0.1574690192937851,0,0.5886408686637878,0.137381449341774,0.0847221091389656,0.09718349575996399,0.09207206219434738,0,0.5903653502464294,0.13804461061954498,0.08460405468940735,0.0969109982252121,0.0900750383734703
2202,image_1730,D:\DataAI\AIEx\newdataset\yolo_f\images\train\Image_1730.jpg,0,0,0,0.322119802236557,0.19959117472171783,0.14804194867610931,0.17414265871047974,0.15610440075397491,0,0.5703732967376709,0.14546476304531097,0.08737664669752121,0.10961871594190598,0.08716652542352676,0,0.572026252746582,0.14550316333770752,0.08765626698732376,0.10878461599349976,0.08602971583604813
2205,image_1733,D:\DataAI\AIEx\newdataset\yolo_f\images\train\Image_1733.jpg,0,0,0,0.26574259996414185,0.24984587728977203,0.16123558580875397,0.15605247020721436,0.16712349653244019,0,0.5272939801216125,0.17449554800987244,0.09807611256837845,0.09857642650604248,0.10155792534351349,0,0.5273720026016235,0.17590998113155365,0.09832306206226349,0.09877816587686539,0.09961678087711334
2210,image_1738,D:\DataAI\AIEx\newdataset\yolo_f\images\train\Image_1738.jpg,0,0,0,0.29566410183906555,0.15468190610408783,0.18094396591186523,0.1847911775112152,0.18391883373260498,0,0.5496101379394531,0.10327737033367157,0.10866980999708176,0.11603731662034988,0.12240545451641083,0,0.5557431578636169,0.10247956216335297,0.10774615406990051,0.11480296403169632,0.11922817677259445
2217,image_1744,D:\DataAI\AIEx\newdataset\yolo_f\images\train\Image_1744.jpg,0,0,0,0.2892300486564636,0.15709351003170013,0.20538315176963806,0.17959068715572357,0.1687026172876358,0,0.5696419477462769,0.10507625341415405,0.11149895191192627,0.11034845560789108,0.10343440622091293,0,0.5742393732070923,0.10507877171039581,0.11071882396936417,0.10950280725955963,0.1004602238535881
2222,image_1749,D:\DataAI\AIEx\newdataset\yolo_f\images\train\Image_1749.jpg,0,0,0,0.38134825229644775,0.13103803992271423,0.15303747355937958,0.16581642627716064,0.16875983774662018,0,0.6285429000854492,0.10578252375125885,0.08617400377988815,0.09596389532089233,0.08353664726018906,0,0.6315414309501648,0.10562728345394135,0.08525849878787994,0.09592865407466888,0.08164405822753906
2225,image_1751,D:\DataAI\AIEx\newdataset\yolo_f\images\train\Image_1751.jpg,0,0,0,0.3439684212207794,0.14406313002109528,0.1725277602672577,0.16842156648635864,0.17101916670799255,0,0.6345981359481812,0.09268330037593842,0.08275429159402847,0.09867019951343536,0.09129410982131958,0,0.6399341821670532,0.0918128564953804,0.08201427757740021,0.09858806431293488,0.0876506119966507
2227,image_1753,D:\DataAI\AIEx\newdataset\yolo_f\images\train\Image_1753.jpg,0,0,0,0.3293173015117645,0.16287600994110107,0.16735820472240448,0.1711374968290329,0.16931089758872986,0,0.605378270149231,0.11049700528383255,0.09062027186155319,0.09712108224630356,0.09638339281082153,0,0.6110132932662964,0.10916484147310257,0.08949203044176102,0.09652897715568542,0.09380089491605759
2235,image_1760,D:\DataAI\AIEx\newdataset\yolo_f\images\train\Image_1760.jpg,0,0,0,0.3766178488731384,0.13260863721370697,0.16525036096572876,0.16720300912857056,0.15832014381885529,0,0.6460226774215698,0.09393380582332611,0.0852121114730835,0.09046215564012527,0.0843692496418953,0,0.6505752801895142,0.09289173781871796,0.08441656827926636,0.08993937075138092,0.08217703551054001
2238,image_1763,D:\DataAI\AIEx\newdataset\yolo_f\images\train\Image_1763.jpg,0,0,0,0.3539119064807892,0.10161995887756348,0.2013532519340515,0.18083256483078003,0.16228236258029938,0,0.6208412647247314,0.06972022354602814,0.11103620380163193,0.11292897164821625,0.08547337353229523,0,0.6232806444168091,0.06992284208536148,0.11006738990545273,0.11247666925191879,0.0842524915933609
2241,image_1766,D:\DataAI\AIEx\newdataset\yolo_f\images\train\Image_1766.jpg,0,1,1,0.19844281673431396,0.3394743502140045,0.1606854349374771,0.16109076142311096,0.14030665159225464,1,0.31739598512649536,0.3812217712402344,0.10637491196393967,0.1021336019039154,0.09287380427122116,1,0.32066288590431213,0.37901243567466736,0.10624348372220993,0.10167995095252991,0.09240123629570007
2248,image_1772,D:\DataAI\AIEx\newdataset\yolo_f\images\train\Image_1772.jpg,0,0,0,0.3569261431694031,0.14089539647102356,0.15597113966941833,0.1798107773065567,0.16639649868011475,0,0.5082961916923523,0.1640196293592453,0.09794463962316513,0.12656570971012115,0.1031738743185997,0,0.5141479969024658,0.16167688369750977,0.0975562259554863,0.12442237138748169,0.10219649225473404
2252,image_1776,D:\DataAI\AIEx\newdataset\yolo_f\images\train\Image_1776.jpg,0,0,0,0.3456856310367584,0.14781184494495392,0.17878998816013336,0.16718848049640656,0.16052396595478058,0,0.5738900303840637,0.12074694782495499,0.10001472383737564,0.10956904292106628,0.09577925503253937,0,0.5787473320960999,0.11948136985301971,0.09916789084672928,0.10807687789201736,0.09452656656503677
2261,image_1784,D:\DataAI\AIEx\newdataset\yolo_f\images\train\Image_1784.jpg,0,0,0,0.3346410393714905,0.1563825011253357,0.1718023419380188,0.1594000905752182,0.17777404189109802,0,0.5989173054695129,0.10161488503217697,0.09629685431718826,0.10219699889421463,0.10097397118806839,0,0.6061318516731262,0.0994962826371193,0.09538423269987106,0.10077989101409912,0.09820771217346191
2262,image_1785,D:\DataAI\AIEx\newdataset\yolo_f\images\train\Image_1785.jpg,0,0,0,0.33544591069221497,0.16101592779159546,0.16233587265014648,0.17142561078071594,0.16977667808532715,0,0.604220449924469,0.10464191436767578,0.08754901587963104,0.10451316088438034,0.09907539933919907,0,0.6102091670036316,0.10281790047883987,0.08671258389949799,0.10338624566793442,0.09687403589487076
2265,image_1788,D:\DataAI\AIEx\newdataset\yolo_f\images\train\Image_1788.jpg,0,0,0,0.3417091369628906,0.15458953380584717,0.17435432970523834,0.16917449235916138,0.1601725071668625,0,0.6191091537475586,0.09884115308523178,0.09463247656822205,0.09994235634803772,0.08747490495443344,0,0.625999927520752,0.09667205810546875,0.0932571142911911,0.09918370097875595,0.08488722890615463
2271,image_1793,D:\DataAI\AIEx\newdataset\yolo_f\images\train\Image_1793.jpg,0,0,0,0.316028892993927,0.19783149659633636,0.17036683857440948,0.15372976660728455,0.1620430052280426,0,0.6098092794418335,0.1126362532377243,0.09878052771091461,0.09007081389427185,0.08870314061641693,0,0.6180341243743896,0.10878380388021469,0.0971323624253273,0.09006889909505844,0.0859808400273323
2278,image_18,D:\DataAI\AIEx\newdataset\yolo_f\images\train\Image_18.jpg,0,4,4,0.1808866262435913,0.1126413643360138,0.15685579180717468,0.14774484932422638,0.40187138319015503,4,0.13254842162132263,0.06422954052686691,0.09169810265302658,0.09083154052495956,0.6206923723220825,4,0.12998831272125244,0.06322786957025528,0.10186855494976044,0.09229343384504318,0.6126218438148499
2283,image_1803,D:\DataAI\AIEx\newdataset\yolo_f\images\train\Image_1803.jpg,0,0,0,0.3562416732311249,0.11731276661157608,0.1869237869977951,0.16339245438575745,0.1761292964220047,0,0.5640668272972107,0.12682503461837769,0.10718043148517609,0.09543013572692871,0.10649754852056503,0,0.5689195990562439,0.12522995471954346,0.10643497109413147,0.0953698605298996,0.10404559224843979
2289,image_1809,D:\DataAI\AIEx\newdataset\yolo_f\images\train\Image_1809.jpg,0,0,0,0.3079962432384491,0.14818118512630463,0.19813592731952667,0.16067145764827728,0.18501515686511993,0,0.5809467434883118,0.09302286803722382,0.11657401919364929,0.09877173602581024,0.11068464070558548,0,0.5851481556892395,0.09263020008802414,0.11516305804252625,0.09798015654087067,0.10907845199108124
2294,image_1813,D:\DataAI\AIEx\newdataset\yolo_f\images\train\Image_1813.jpg,0,0,0,0.32576096057891846,0.13248978555202484,0.19938740134239197,0.17150866985321045,0.17085322737693787,0,0.5920968651771545,0.08345235139131546,0.11567137390375137,0.1027795672416687,0.10599985718727112,0,0.5985304713249207,0.08259342610836029,0.11392053216695786,0.10187455266714096,0.10308098047971725
2295,image_1814,D:\DataAI\AIEx\newdataset\yolo_f\images\train\Image_1814.jpg,0,0,0,0.31948116421699524,0.12589986622333527,0.20346367359161377,0.17067719995975494,0.1804780662059784,0,0.5875251889228821,0.08403363823890686,0.11369658261537552,0.10236934572458267,0.11237523704767227,0,0.5939540863037109,0.08342485129833221,0.11181273311376572,0.10158980637788773,0.109218530356884
2302,image_1820,D:\DataAI\AIEx\newdataset\yolo_f\images\train\Image_1820.jpg,0,0,0,0.2985738515853882,0.17688210308551788,0.18015971779823303,0.1678907871246338,0.17649351060390472,0,0.5552855730056763,0.1290082335472107,0.10390833020210266,0.09379924833774567,0.11799860000610352,0,0.5635164976119995,0.12634752690792084,0.10286761820316315,0.09334001690149307,0.11392838507890701
2303,image_1821,D:\DataAI\AIEx\newdataset\yolo_f\images\train\Image_1821.jpg,0,0,0,0.33179575204849243,0.1556731015443802,0.17955103516578674,0.16686363518238068,0.16611641645431519,0,0.6033338308334351,0.09905555099248886,0.10272622108459473,0.09563469141721725,0.0992496907711029,0,0.6100921034812927,0.09747698158025742,0.10141044855117798,0.09504745155572891,0.09597305953502655
2313,image_1830,D:\DataAI\AIEx\newdataset\yolo_f\images\train\Image_1830.jpg,0,0,0,0.3296065032482147,0.1325317621231079,0.1864660531282425,0.16944816708564758,0.1819474995136261,0,0.6231004595756531,0.08399055153131485,0.09738458693027496,0.09974348545074463,0.09578096866607666,0,0.62896728515625,0.08294565975666046,0.09640253335237503,0.09929146617650986,0.09239308536052704
2318,image_1835,D:\DataAI\AIEx\newdataset\yolo_f\images\train\Image_1835.jpg,0,0,0,0.34335747361183167,0.13300982117652893,0.1708897203207016,0.17753760516643524,0.17520537972450256,0,0.6237527132034302,0.09035399556159973,0.0814255103468895,0.10513907670974731,0.0993286594748497,0,0.6270887851715088,0.09022869169712067,0.08080478012561798,0.10553405433893204,0.09634368121623993
2321,image_1838,D:\DataAI\AIEx\newdataset\yolo_f\images\train\Image_1838.jpg,0,0,0,0.36252135038375854,0.13562116026878357,0.15400952100753784,0.17944203317165375,0.16840597987174988,0,0.6465898752212524,0.0900970846414566,0.07434428483247757,0.1010967418551445,0.08787201344966888,0,0.649537205696106,0.09001923352479935,0.07363393902778625,0.1011008769273758,0.08570875227451324
2331,image_1847,D:\DataAI\AIEx\newdataset\yolo_f\images\train\Image_1847.jpg,0,0,0,0.3632780909538269,0.13992024958133698,0.16070446372032166,0.17033371329307556,0.1657634824514389,0,0.6459667086601257,0.09609229862689972,0.08501700311899185,0.09613540768623352,0.0767885074019432,0,0.6512067317962646,0.0943954810500145,0.08351743966341019,0.09602611511945724,0.07485424727201462
2332,image_1848,D:\DataAI\AIEx\newdataset\yolo_f\images\train\Image_1848.jpg,0,0,0,0.33495479822158813,0.14930345118045807,0.17027507722377777,0.1746818870306015,0.1707848757505417,0,0.6294216513633728,0.090422622859478,0.08971219509840012,0.10584194213151932,0.08460164815187454,0,0.6350134015083313,0.08943764120340347,0.08811695873737335,0.1051759198307991,0.08225604891777039
2339,image_1854,D:\DataAI\AIEx\newdataset\yolo_f\images\train\Image_1854.jpg,0,0,0,0.37082988023757935,0.08196987211704254,0.2087714672088623,0.1872096061706543,0.1512192189693451,0,0.581081211566925,0.07431580871343613,0.12447554618120193,0.12138194590806961,0.09874550998210907,0,0.5840628743171692,0.07456978410482407,0.12353614717721939,0.12025569379329681,0.09757549315690994
2343,image_1858,D:\DataAI\AIEx\newdataset\yolo_f\images\train\Image_1858.jpg,0,0,0,0.36440837383270264,0.09511426836252213,0.21592064201831818,0.1753629446029663,0.14919373393058777,0,0.6170823574066162,0.0746690109372139,0.11526267230510712,0.10497042536735535,0.08801557868719101,0,0.6229961514472961,0.07357565313577652,0.11374448239803314,0.10408145189285278,0.08560231328010559
2348,image_1862,D:\DataAI\AIEx\newdataset\yolo_f\images\train\Image_1862.jpg,0,0,0,0.3552786409854889,0.10845924913883209,0.18146607279777527,0.18013764917850494,0.1746583878993988,0,0.6239215731620789,0.06544451415538788,0.10383740812540054,0.10337328910827637,0.10342329740524292,0,0.6273919343948364,0.06565637141466141,0.10312876105308533,0.10211553424596786,0.10170738399028778
2356,image_187,D:\DataAI\AIEx\newdataset\yolo_f\images\train\Image_187.jpg,0,0,0,0.3471045196056366,0.13019365072250366,0.149297297000885,0.19794967770576477,0.17545489966869354,0,0.5518770813941956,0.106438547372818,0.09589741379022598,0.12865425646305084,0.11713266372680664,0,0.5525686144828796,0.1066000685095787,0.09677524864673615,0.1287420243024826,0.11531412601470947
2358,image_1871,D:\DataAI\AIEx\newdataset\yolo_f\images\train\Image_1871.jpg,0,1,1,0.2075238972902298,0.2612631916999817,0.18548202514648438,0.1674618273973465,0.17826905846595764,0,0.3763978183269501,0.22332505881786346,0.15479107201099396,0.123163141310215,0.12232287228107452,0,0.3773122727870941,0.22484630346298218,0.15499122440814972,0.12306859344244003,0.11978156864643097
2367,image_188,D:\DataAI\AIEx\newdataset\yolo_f\images\train\Image_188.jpg,0,0,0,0.3746339976787567,0.12055762112140656,0.17120040953159332,0.18473127484321594,0.14887668192386627,0,0.5709459781646729,0.12257959693670273,0.10943590104579926,0.11110691726207733,0.08593165129423141,0,0.5701305866241455,0.12421291321516037,0.10828685015439987,0.11103576421737671,0.08633384108543396
2370,image_1882,D:\DataAI\AIEx\newdataset\yolo_f\images\train\Image_1882.jpg,0,1,0,0.25749069452285767,0.22159601747989655,0.14410541951656342,0.1897190362215042,0.18708887696266174,0,0.5052505731582642,0.13384656608104706,0.09870851039886475,0.1257004737854004,0.13649386167526245,0,0.5043174624443054,0.13698804378509521,0.10053875297307968,0.12467311322689056,0.13348257541656494
2371,image_1883,D:\DataAI\AIEx\newdataset\yolo_f\images\train\Image_1883.jpg,0,1,1,0.2045283317565918,0.3505335748195648,0.13976873457431793,0.16446934640407562,0.1407000571489334,1,0.3269349932670593,0.36213231086730957,0.10061236470937729,0.11985266953706741,0.09046762436628342,1,0.32267794013023376,0.3701454699039459,0.10156668722629547,0.11763771623373032,0.08797221630811691
2376,image_1888,D:\DataAI\AIEx\newdataset\yolo_f\images\train\Image_1888.jpg,0,0,0,0.3229319155216217,0.20535653829574585,0.17392069101333618,0.14608289301395416,0.1517079472541809,0,0.5504834651947021,0.14685650169849396,0.1134926974773407,0.08491117507219315,0.10425617545843124,0,0.5610094666481018,0.14284437894821167,0.11171701550483704,0.08417549729347229,0.1002536416053772
2386,image_1897,D:\DataAI\AIEx\newdataset\yolo_f\images\train\Image_1897.jpg,0,0,0,0.30490103363990784,0.2108854055404663,0.16999195516109467,0.15011946856975555,0.16410210728645325,0,0.5093900561332703,0.17574255168437958,0.12297718971967697,0.09663984924554825,0.09525036066770554,0,0.5148648023605347,0.17322053015232086,0.12198804318904877,0.09642965346574783,0.09349700063467026
2394,image_1903,D:\DataAI\AIEx\newdataset\yolo_f\images\train\Image_1903.jpg,0,0,0,0.3308207094669342,0.13309592008590698,0.1912122219800949,0.16410839557647705,0.18076284229755402,0,0.5570336580276489,0.1139218732714653,0.1100560650229454,0.1009172573685646,0.11807115375995636,0,0.5645378828048706,0.11167797446250916,0.10858169943094254,0.09984862059354782,0.11535388231277466
2395,image_1904,D:\DataAI\AIEx\newdataset\yolo_f\images\train\Image_1904.jpg,0,0,0,0.34928473830223083,0.12182033807039261,0.18572594225406647,0.16679662466049194,0.17637237906455994,0,0.5910604000091553,0.094689279794693,0.1026243343949318,0.10052087157964706,0.1111050695180893,0,0.5964929461479187,0.09360454231500626,0.10142796486616135,0.0992235392332077,0.10925097018480301
2396,image_1905,D:\DataAI\AIEx\newdataset\yolo_f\images\train\Image_1905.jpg,0,0,0,0.3164518475532532,0.17835018038749695,0.17005160450935364,0.1672254502773285,0.16792085766792297,0,0.5746652483940125,0.10669486969709396,0.1023818701505661,0.10297702997922897,0.11328103393316269,0,0.5872862935066223,0.10157140344381332,0.10177247226238251,0.100676029920578,0.10869379341602325
2403,image_1911,D:\DataAI\AIEx\newdataset\yolo_f\images\train\Image_1911.jpg,0,0,0,0.3480643332004547,0.13338440656661987,0.17806291580200195,0.16307798027992249,0.1774103343486786,0,0.6203161478042603,0.06762818992137909,0.09723521023988724,0.0958586260676384,0.11896181851625443,0,0.6292828917503357,0.06572971493005753,0.09592647850513458,0.09425854682922363,0.11480231583118439
2405,image_1913,D:\DataAI\AIEx\newdataset\yolo_f\images\train\Image_1913.jpg,0,0,0,0.320474773645401,0.1454996019601822,0.1823805272579193,0.1642034500837326,0.18744167685508728,0,0.5554237961769104,0.0976940244436264,0.10609086602926254,0.09796956181526184,0.1428217887878418,0,0.5647210478782654,0.09503539651632309,0.10514110326766968,0.09585871547460556,0.1392437368631363
2412,image_192,D:\DataAI\AIEx\newdataset\yolo_f\images\train\Image_192.jpg,0,0,0,0.3350667357444763,0.1159752830862999,0.1691165417432785,0.1956142783164978,0.18422716856002808,0,0.4901886284351349,0.09464040398597717,0.11406039446592331,0.13147349655628204,0.1696370244026184,0,0.4889368414878845,0.09536238759756088,0.11566364765167236,0.13266895711421967,0.16736817359924316
2419,image_1926,D:\DataAI\AIEx\newdataset\yolo_f\images\train\Image_1926.jpg,0,0,0,0.31222060322761536,0.20522724092006683,0.15726546943187714,0.1594582200050354,0.16582846641540527,0,0.601704478263855,0.12997454404830933,0.08536206930875778,0.09592793136835098,0.0870310366153717,0,0.6032528281211853,0.13139040768146515,0.08494459837675095,0.09529635310173035,0.08511579781770706
2423,image_193,D:\DataAI\AIEx\newdataset\yolo_f\images\train\Image_193.jpg,0,0,0,0.3581485152244568,0.12064814567565918,0.15461105108261108,0.19522081315517426,0.17137150466442108,0,0.5548357963562012,0.09688886255025864,0.10498380661010742,0.12278304994106293,0.12050845474004745,0,0.5543453097343445,0.09736453741788864,0.10526974499225616,0.12286490947008133,0.12015548348426819
2427,image_1933,D:\DataAI\AIEx\newdataset\yolo_f\images\train\Image_1933.jpg,0,0,0,0.2896728217601776,0.21463538706302643,0.16285645961761475,0.1682918518781662,0.16454343497753143,0,0.5482156872749329,0.14950232207775116,0.09551319479942322,0.1051744595170021,0.10159434378147125,0,0.5487307906150818,0.15030437707901,0.09618455171585083,0.10493456572294235,0.09984569996595383
2428,image_1934,D:\DataAI\AIEx\newdataset\yolo_f\images\train\Image_1934.jpg,0,0,0,0.2977897524833679,0.20321087539196014,0.1622302383184433,0.16978920996189117,0.16697995364665985,0,0.5653824210166931,0.13234259188175201,0.09092577546834946,0.10367950797080994,0.10766971111297607,0,0.5694684386253357,0.13129925727844238,0.09078308194875717,0.10299135744571686,0.10545778274536133
2437,image_1942,D:\DataAI\AIEx\newdataset\yolo_f\images\train\Image_1942.jpg,0,0,0,0.3191484212875366,0.1823217123746872,0.16469968855381012,0.15989907085895538,0.1739310920238495,0,0.5987945795059204,0.1134427860379219,0.0900220200419426,0.09220375120639801,0.10553684830665588,0,0.6032291650772095,0.11379827558994293,0.0890054851770401,0.09139245003461838,0.1025746613740921
2443,image_1948,D:\DataAI\AIEx\newdataset\yolo_f\images\train\Image_1948.jpg,0,0,0,0.3281462788581848,0.1635330766439438,0.1782788187265396,0.15388871729373932,0.17615321278572083,0,0.5796368718147278,0.11356416344642639,0.09914548695087433,0.09813131392002106,0.10952215641736984,0,0.5809172987937927,0.11619516462087631,0.0994064211845398,0.09672752767801285,0.10675352811813354
2445,image_195,D:\DataAI\AIEx\newdataset\yolo_f\images\train\Image_195.jpg,0,0,0,0.37729784846305847,0.1149824857711792,0.1814795732498169,0.19154715538024902,0.1346929669380188,0,0.6088353991508484,0.10085596889257431,0.10729619115591049,0.10356052219867706,0.07945200055837631,0,0.6101695895195007,0.10026690363883972,0.10744902491569519,0.10391039401292801,0.07820414751768112
2449,image_1953,D:\DataAI\AIEx\newdataset\yolo_f\images\train\Image_1953.jpg,0,0,0,0.3203596770763397,0.195406973361969,0.15105636417865753,0.1726839393377304,0.16049303114414215,0,0.5707314014434814,0.13845904171466827,0.08781211823225021,0.10805349797010422,0.09494395554065704,0,0.5727800726890564,0.1382140815258026,0.08789843320846558,0.10739797353744507,0.09370940178632736
2453,image_1957,D:\DataAI\AIEx\newdataset\yolo_f\images\train\Image_1957.jpg,0,0,0,0.3144221603870392,0.16516104340553284,0.18069425225257874,0.1595802903175354,0.18014217913150787,0,0.5756127834320068,0.10575098544359207,0.10656317323446274,0.0959198847413063,0.11615311354398727,0,0.5853296518325806,0.10211403667926788,0.10465563088655472,0.09615340828895569,0.11174727976322174
2461,image_1964,D:\DataAI\AIEx\newdataset\yolo_f\images\train\Image_1964.jpg,0,0,0,0.3242933452129364,0.14734262228012085,0.18183672428131104,0.1674002856016159,0.1791270226240158,0,0.5889059901237488,0.09893813729286194,0.10269587486982346,0.09424922615289688,0.11521077901124954,0,0.5975794196128845,0.0966525599360466,0.10095983743667603,0.09412068128585815,0.11068752408027649
2464,image_1967,D:\DataAI\AIEx\newdataset\yolo_f\images\train\Image_1967.jpg,0,0,0,0.29762041568756104,0.14847050607204437,0.2038140594959259,0.18035586178302765,0.16973917186260223,0,0.5737248063087463,0.09974036365747452,0.11012628674507141,0.1103954166173935,0.10601310431957245,0,0.5785418748855591,0.0999801829457283,0.10946398228406906,0.10947249084711075,0.10254151374101639
2471,image_1973,D:\DataAI\AIEx\newdataset\yolo_f\images\train\Image_1973.jpg,0,0,0,0.33053597807884216,0.15928106009960175,0.17755576968193054,0.1617962121963501,0.17083105444908142,0,0.6209395527839661,0.10108347237110138,0.0874820202589035,0.09478035569190979,0.09571459889411926,0,0.6248795390129089,0.10169796645641327,0.08662617206573486,0.0939846932888031,0.09281165897846222
2476,image_1978,D:\DataAI\AIEx\newdataset\yolo_f\images\train\Image_1978.jpg,0,0,0,0.3027447462081909,0.171281099319458,0.16942623257637024,0.17852170765399933,0.1780261993408203,0,0.5838238000869751,0.10358843207359314,0.09138248860836029,0.09716944396495819,0.12403587251901627,0,0.5901459455490112,0.10135933756828308,0.09132256358861923,0.09723394364118576,0.11993822455406189
2480,image_1981,D:\DataAI\AIEx\newdataset\yolo_f\images\train\Image_1981.jpg,0,0,0,0.34432971477508545,0.17160314321517944,0.16778568923473358,0.15193118155002594,0.16435027122497559,0,0.6467090249061584,0.10001606494188309,0.08253910392522812,0.08631449937820435,0.08442135900259018,0,0.6511498689651489,0.09924009442329407,0.08128779381513596,0.08612123876810074,0.08220101147890091
2485,image_1986,D:\DataAI\AIEx\newdataset\yolo_f\images\train\Image_1986.jpg,0,0,0,0.36400943994522095,0.09508005529642105,0.19776341319084167,0.18239066004753113,0.16075646877288818,0,0.6244495511054993,0.06758762896060944,0.1089167669415474,0.11374110728502274,0.08530493825674057,0,0.6273549199104309,0.0677712932229042,0.10774198919534683,0.11310004442930222,0.08403176814317703
2497,image_1998,D:\DataAI\AIEx\newdataset\yolo_f\images\train\Image_1998.jpg,0,0,0,0.34533143043518066,0.13018405437469482,0.17787441611289978,0.1721833497285843,0.17442677915096283,0,0.5441578030586243,0.12427244335412979,0.10131688416004181,0.11776722967624664,0.11248563975095749,0,0.5503786206245422,0.12338115274906158,0.10068438202142715,0.1156802698969841,0.10987560451030731
2500,image_2000,D:\DataAI\AIEx\newdataset\yolo_f\images\train\Image_2000.jpg,0,0,0,0.3414941728115082,0.1434583067893982,0.18232323229312897,0.17006075382232666,0.1626635044813156,0,0.5683663487434387,0.10951583832502365,0.10648169368505478,0.11260659992694855,0.10302954912185669,0,0.5761568546295166,0.10738932341337204,0.10546530038118362,0.11016597598791122,0.10082253813743591
2504,image_2004,D:\DataAI\AIEx\newdataset\yolo_f\images\train\Image_2004.jpg,0,0,0,0.3197211027145386,0.14939390122890472,0.1664004623889923,0.18351630866527557,0.18096822500228882,0,0.585529625415802,0.10217828303575516,0.08769416809082031,0.10837606340646744,0.1162218302488327,0,0.5885519981384277,0.10218263417482376,0.08832408487796783,0.10769633203744888,0.11324495822191238
2506,image_2006,D:\DataAI\AIEx\newdataset\yolo_f\images\train\Image_2006.jpg,0,0,0,0.3412882387638092,0.14678892493247986,0.17709307372570038,0.159116730093956,0.17571312189102173,0,0.6182048916816711,0.10165855288505554,0.08941086381673813,0.08578663319349289,0.10493911057710648,0,0.6227960586547852,0.1010618582367897,0.08887995034456253,0.08558297157287598,0.10167915374040604
2511,image_2015,D:\DataAI\AIEx\newdataset\yolo_f\images\train\Image_2015.jpg,0,0,0,0.3030281066894531,0.20065170526504517,0.1705547273159027,0.15939922630786896,0.16636621952056885,0,0.5544431805610657,0.1413390189409256,0.10064278542995453,0.10289107263088226,0.10068397223949432,0,0.555656909942627,0.14255493879318237,0.10100388526916504,0.10321338474750519,0.09757088869810104
2516,image_2027,D:\DataAI\AIEx\newdataset\yolo_f\images\train\Image_2027.jpg,0,0,0,0.3444635570049286,0.13892191648483276,0.16376665234565735,0.1788732260465622,0.1739746630191803,0,0.5419945120811462,0.1323653906583786,0.10996334254741669,0.1076785996556282,0.10799822211265564,0,0.5383105278015137,0.13547775149345398,0.11227502673864365,0.10832477360963821,0.10561182349920273
2521,image_2036,D:\DataAI\AIEx\newdataset\yolo_f\images\train\Image_2036.jpg,0,0,0,0.30863621830940247,0.18267489969730377,0.17525598406791687,0.15528875589370728,0.17814409732818604,0,0.5462524890899658,0.15209011733531952,0.10254018008708954,0.09606634080410004,0.1030508428812027,0,0.553551435470581,0.1489514708518982,0.10135332494974136,0.09533069282770157,0.10081301629543304
2522,image_2037,D:\DataAI\AIEx\newdataset\yolo_f\images\train\Image_2037.jpg,0,0,0,0.29584166407585144,0.19434840977191925,0.18308530747890472,0.1526530683040619,0.17407158017158508,0,0.5247491598129272,0.1464844048023224,0.12393243610858917,0.09600449353456497,0.10882946103811264,0,0.5327416658401489,0.14413325488567352,0.12205255031585693,0.09517508745193481,0.10589747130870819
2535,image_2056,D:\DataAI\AIEx\newdataset\yolo_f\images\train\Image_2056.jpg,0,0,0,0.332483172416687,0.16841979324817657,0.16583973169326782,0.16952918469905853,0.16372807323932648,0,0.5207568407058716,0.15571700036525726,0.11010503768920898,0.11131197959184647,0.10210922360420227,0,0.5318081974983215,0.15053345263004303,0.10930536687374115,0.1088574230670929,0.09949557483196259
2538,image_2064,D:\DataAI\AIEx\newdataset\yolo_f\images\train\Image_2064.jpg,0,0,0,0.3394695222377777,0.13823021948337555,0.17152410745620728,0.16825611889362335,0.1825200468301773,0,0.5253641605377197,0.12557682394981384,0.11035417020320892,0.10973689705133438,0.12896789610385895,0,0.5348868370056152,0.12213578075170517,0.10983207821846008,0.10754503309726715,0.12560030817985535
2547,image_2079,D:\DataAI\AIEx\newdataset\yolo_f\images\train\Image_2079.jpg,0,0,0,0.32907402515411377,0.1626076102256775,0.17050224542617798,0.17231009900569916,0.1655060052871704,0,0.48438727855682373,0.17009693384170532,0.11238931119441986,0.12146735936403275,0.11165908724069595,0,0.48800766468048096,0.1691555231809616,0.11204604059457779,0.12031270563602448,0.11047803610563278
2552,image_2085,D:\DataAI\AIEx\newdataset\yolo_f\images\train\Image_2085.jpg,0,1,1,0.1660289615392685,0.33882156014442444,0.17618730664253235,0.15532834827899933,0.163633793592453,1,0.22687377035617828,0.4188341498374939,0.12544648349285126,0.10932386666536331,0.11952169984579086,1,0.22798864543437958,0.42208340764045715,0.1269332617521286,0.10696946829557419,0.11602526158094406
2555,image_2088,D:\DataAI\AIEx\newdataset\yolo_f\images\train\Image_2088.jpg,0,1,1,0.17999251186847687,0.3229919373989105,0.1797209233045578,0.15135549008846283,0.16593916714191437,1,0.20663487911224365,0.42138102650642395,0.135407492518425,0.10919594019651413,0.12738068401813507,1,0.20502375066280365,0.4282242953777313,0.13742169737815857,0.10693924874067307,0.1223909854888916
2557,image_2090,D:\DataAI\AIEx\newdataset\yolo_f\images\train\Image_2090.jpg,0,1,1,0.18619875609874725,0.3236064612865448,0.18577557802200317,0.14741307497024536,0.157006174325943,1,0.2159726321697235,0.42155617475509644,0.14524295926094055,0.10465551167726517,0.11257272213697433,1,0.21257324516773224,0.4299769699573517,0.14686033129692078,0.10267554223537445,0.10791400074958801
2569,image_2104,D:\DataAI\AIEx\newdataset\yolo_f\images\train\Image_2104.jpg,0,0,0,0.27868765592575073,0.201221764087677,0.16206210851669312,0.17602232098579407,0.1820061206817627,0,0.4413873851299286,0.1961706429719925,0.10820984840393066,0.11926449835300446,0.13496755063533783,0,0.4477108120918274,0.19223161041736603,0.10813694447278976,0.11804213374853134,0.13387849926948547
2572,image_2109,D:\DataAI\AIEx\newdataset\yolo_f\images\train\Image_2109.jpg,0,1,1,0.16051362454891205,0.3877314627170563,0.14817097783088684,0.14648577570915222,0.1570982038974762,1,0.22143682837486267,0.470173716545105,0.09773629158735275,0.09749630838632584,0.11315683275461197,1,0.2222670018672943,0.47010329365730286,0.09872555732727051,0.09672732651233673,0.1121767908334732
2573,image_211,D:\DataAI\AIEx\newdataset\yolo_f\images\train\Image_211.jpg,0,0,0,0.34015026688575745,0.15158861875534058,0.16284213960170746,0.17630290985107422,0.1691160798072815,0,0.4480934739112854,0.20455814898014069,0.10995946079492569,0.1247871071100235,0.1126018539071083,0,0.4565846920013428,0.19843697547912598,0.10985589027404785,0.1236933171749115,0.11142905056476593
2577,image_2115,D:\DataAI\AIEx\newdataset\yolo_f\images\train\Image_2115.jpg,0,1,1,0.19464802742004395,0.32294201850891113,0.18042437732219696,0.14950889348983765,0.15247666835784912,1,0.2522006332874298,0.3882908225059509,0.13019074499607086,0.11826135218143463,0.11105641722679138,1,0.2542386054992676,0.3903811275959015,0.13013696670532227,0.11586447060108185,0.10937882214784622
2588,image_2133,D:\DataAI\AIEx\newdataset\yolo_f\images\train\Image_2133.jpg,0,1,1,0.22356551885604858,0.3053627610206604,0.16073839366436005,0.1531839370727539,0.15714940428733826,1,0.2930125296115875,0.3749810457229614,0.11318887770175934,0.11424842476844788,0.1045692190527916,1,0.2939663231372833,0.3775023818016052,0.1129339411854744,0.11215191334486008,0.10344544798135757
2591,image_2138,D:\DataAI\AIEx\newdataset\yolo_f\images\train\Image_2138.jpg,0,1,1,0.23830319941043854,0.29086825251579285,0.15941771864891052,0.15061521530151367,0.16079561412334442,0,0.3690875768661499,0.3004091680049896,0.10597604513168335,0.10837622731924057,0.11615099757909775,0,0.37263861298561096,0.3015088737010956,0.1055237278342247,0.10633693635463715,0.11399190872907639
2593,image_214,D:\DataAI\AIEx\newdataset\yolo_f\images\train\Image_214.jpg,0,0,1,0.225656196475029,0.2687772214412689,0.1618167757987976,0.15472227334976196,0.1890275776386261,0,0.4501999318599701,0.17897717654705048,0.1064060851931572,0.11197585612535477,0.15244098007678986,0,0.46357452869415283,0.1736644208431244,0.1060163825750351,0.1103743240237236,0.14637036621570587
2596,image_2146,D:\DataAI\AIEx\newdataset\yolo_f\images\train\Image_2146.jpg,0,1,1,0.2197045236825943,0.28016388416290283,0.17690126597881317,0.1571958065032959,0.1660345196723938,0,0.41785475611686707,0.2079458087682724,0.124391108751297,0.12173501402139664,0.12807336449623108,0,0.4321938157081604,0.20017318427562714,0.12410222738981247,0.11938130855560303,0.12414947152137756
2605,image_2154,D:\DataAI\AIEx\newdataset\yolo_f\images\train\Image_2154.jpg,0,0,0,0.3350699543952942,0.15454670786857605,0.16262255609035492,0.1752329021692276,0.17252787947654724,0,0.44785141944885254,0.20034201443195343,0.11137555539608002,0.12678726017475128,0.11364370584487915,0,0.45464837551116943,0.19603152573108673,0.11123144626617432,0.12530291080474854,0.11278572678565979
2610,image_2159,D:\DataAI\AIEx\newdataset\yolo_f\images\train\Image_2159.jpg,0,1,1,0.1857185959815979,0.3239476680755615,0.16309687495231628,0.14002542197704315,0.18721139430999756,0,0.3829290568828583,0.24110890924930573,0.11778756231069565,0.10088244080543518,0.15729200839996338,0,0.3948109447956085,0.23487387597560883,0.11861429363489151,0.09987572580575943,0.15182512998580933
2612,image_2160,D:\DataAI\AIEx\newdataset\yolo_f\images\train\Image_2160.jpg,0,1,1,0.17933453619480133,0.3388395607471466,0.165090411901474,0.1380617916584015,0.17867368459701538,0,0.33103707432746887,0.28474053740501404,0.12030907720327377,0.09748568385839462,0.1664276272058487,0,0.3442157506942749,0.27534446120262146,0.12150319665670395,0.09703485667705536,0.16190166771411896
2619,image_2167,D:\DataAI\AIEx\newdataset\yolo_f\images\train\Image_2167.jpg,0,1,1,0.2299809604883194,0.2554023563861847,0.16142944991588593,0.15535873174667358,0.1978285014629364,0,0.4487174153327942,0.18694256246089935,0.09887328743934631,0.11034190654754639,0.15512481331825256,0,0.4600726068019867,0.1815529763698578,0.09847963601350784,0.11001353710889816,0.1498812735080719
2621,image_2169,D:\DataAI\AIEx\newdataset\yolo_f\images\train\Image_2169.jpg,0,0,1,0.2606087923049927,0.27826204895973206,0.1416151076555252,0.15977250039577484,0.15974161028862,0,0.41981956362724304,0.26216059923171997,0.09772517532110214,0.11215982586145401,0.10813479125499725,0,0.42603999376296997,0.25903594493865967,0.09730594605207443,0.1106221154332161,0.10699601471424103
2628,image_2178,D:\DataAI\AIEx\newdataset\yolo_f\images\train\Image_2178.jpg,0,0,0,0.31959405541419983,0.1831233650445938,0.16969090700149536,0.1623670756816864,0.16522455215454102,0,0.46540671586990356,0.17812319099903107,0.11919145286083221,0.12258673459291458,0.11469189822673798,0,0.4712678790092468,0.17603358626365662,0.11764790117740631,0.12147503346204758,0.11357559263706207
2633,image_2182,D:\DataAI\AIEx\newdataset\yolo_f\images\train\Image_2182.jpg,0,0,0,0.27216458320617676,0.21845217049121857,0.1741652935743332,0.15490366518497467,0.18031427264213562,0,0.48683345317840576,0.15658719837665558,0.11738081276416779,0.10458406060934067,0.1346144825220108,0,0.4965733587741852,0.15352322161197662,0.11683988571166992,0.10280070453882217,0.1302628070116043
2636,image_2185,D:\DataAI\AIEx\newdataset\yolo_f\images\train\Image_2185.jpg,0,0,0,0.2971383333206177,0.18247535824775696,0.1653667539358139,0.17359121143817902,0.18142834305763245,0,0.49818041920661926,0.12739518284797668,0.10793614387512207,0.11494971066713333,0.15153853595256805,0,0.5091206431388855,0.12308503687381744,0.10795384645462036,0.11244458705186844,0.14739586412906647
2639,image_2189,D:\DataAI\AIEx\newdataset\yolo_f\images\train\Image_2189.jpg,0,0,0,0.33702608942985535,0.15395770967006683,0.17393150925636292,0.16500592231750488,0.17007869482040405,0,0.5347115397453308,0.10522065311670303,0.10880893468856812,0.1108374074101448,0.14042149484157562,0,0.5434345602989197,0.10309397429227829,0.10766667872667313,0.10919266939163208,0.13661210238933563
2650,image_2199,D:\DataAI\AIEx\newdataset\yolo_f\images\train\Image_2199.jpg,0,0,1,0.2321760505437851,0.25578466057777405,0.16630859673023224,0.16252432763576508,0.1832064390182495,0,0.4543968737125397,0.17333905398845673,0.10804042965173721,0.11413659900426865,0.15008708834648132,0,0.4634600281715393,0.1700163036584854,0.10752955824136734,0.11395274102687836,0.14504140615463257
2651,image_22,D:\DataAI\AIEx\newdataset\yolo_f\images\train\Image_22.jpg,0,4,4,0.154863640666008,0.1417529582977295,0.16561344265937805,0.1345745474100113,0.4031953513622284,4,0.10325319319963455,0.07438616454601288,0.08907344937324524,0.07777118682861328,0.6555159687995911,4,0.10558471083641052,0.07436607033014297,0.09840282052755356,0.08079076558351517,0.640855610370636
2659,image_2207,D:\DataAI\AIEx\newdataset\yolo_f\images\train\Image_2207.jpg,0,0,0,0.3666187822818756,0.14731238782405853,0.17724817991256714,0.16215281188488007,0.14666788280010223,0,0.6321893334388733,0.0907781645655632,0.10067090392112732,0.1016685888171196,0.07469305396080017,0,0.6373863816261292,0.08991405367851257,0.0989091545343399,0.10008451342582703,0.07370595633983612
2663,image_2210,D:\DataAI\AIEx\newdataset\yolo_f\images\train\Image_2210.jpg,0,1,1,0.2423086017370224,0.2756545841693878,0.15598858892917633,0.16158483922481537,0.16446343064308167,0,0.3674452602863312,0.31056708097457886,0.10000045597553253,0.11401133239269257,0.10797587782144547,0,0.3728583753108978,0.3097001612186432,0.0995890200138092,0.1118963435292244,0.10595608502626419
2667,image_2215,D:\DataAI\AIEx\newdataset\yolo_f\images\train\Image_2215.jpg,0,0,0,0.2732451558113098,0.21888971328735352,0.15206585824489594,0.16506987810134888,0.19072933495044708,0,0.38841626048088074,0.2712706923484802,0.09484189748764038,0.11585093289613724,0.12962019443511963,0,0.3939613401889801,0.27122944593429565,0.0938950702548027,0.11383640766143799,0.12707771360874176
2673,image_2221,D:\DataAI\AIEx\newdataset\yolo_f\images\train\Image_2221.jpg,0,0,0,0.355326384305954,0.1110169067978859,0.17734317481517792,0.18380185961723328,0.17251171171665192,0,0.5293761491775513,0.0882011130452156,0.12458202987909317,0.1352483630180359,0.12259227782487869,0,0.5363960862159729,0.08618773519992828,0.12363504618406296,0.1337919384241104,0.11998915672302246
2679,image_2227,D:\DataAI\AIEx\newdataset\yolo_f\images\train\Image_2227.jpg,0,0,0,0.3186018168926239,0.1256767362356186,0.17859293520450592,0.17632783949375153,0.20080067217350006,0,0.5214419960975647,0.09091418236494064,0.11781248450279236,0.12369624525308609,0.14613507688045502,0,0.5321467518806458,0.08862880617380142,0.11710022389888763,0.12098380923271179,0.14114044606685638
2681,image_2229,D:\DataAI\AIEx\newdataset\yolo_f\images\train\Image_2229.jpg,0,0,0,0.3146556615829468,0.1561901718378067,0.18365727365016937,0.162583589553833,0.18291328847408295,0,0.4926868677139282,0.11346588283777237,0.12559524178504944,0.1202414408326149,0.14801059663295746,0,0.5000031590461731,0.11128894239664078,0.12526194751262665,0.11870742589235306,0.1447385549545288
2694,image_2240,D:\DataAI\AIEx\newdataset\yolo_f\images\train\Image_2240.jpg,0,1,1,0.20400722324848175,0.29285529255867004,0.15872392058372498,0.15626490116119385,0.1881486475467682,0,0.3485425114631653,0.2529621422290802,0.12013556063175201,0.10691122710704803,0.17144854366779327,0,0.36014682054519653,0.24570566415786743,0.12224721908569336,0.10687923431396484,0.1650211215019226
2695,image_2241,D:\DataAI\AIEx\newdataset\yolo_f\images\train\Image_2241.jpg,0,2,2,0.1837669014930725,0.18486067652702332,0.2950553297996521,0.16567166149616241,0.17064544558525085,2,0.11763937026262283,0.08996124565601349,0.493163526058197,0.1786281168460846,0.12060775607824326,2,0.12083364278078079,0.0913669541478157,0.4844888150691986,0.17727404832839966,0.12603653967380524
2706,image_2255,D:\DataAI\AIEx\newdataset\yolo_f\images\train\Image_2255.jpg,0,2,1,0.1557336449623108,0.3124454915523529,0.18177320063114166,0.1569991558790207,0.19304856657981873,1,0.15402382612228394,0.2961232662200928,0.23547834157943726,0.13587777316570282,0.17849679291248322,1,0.15403036773204803,0.30432751774787903,0.23129980266094208,0.1333932727575302,0.17694900929927826
2713,image_2261,D:\DataAI\AIEx\newdataset\yolo_f\images\train\Image_2261.jpg,0,2,1,0.16407489776611328,0.25446149706840515,0.25017067790031433,0.15855450928211212,0.1727384328842163,2,0.1526760309934616,0.2722901999950409,0.30952608585357666,0.13137418031692505,0.1341334730386734,2,0.151573047041893,0.27756467461586,0.3077234923839569,0.12992215156555176,0.13321666419506073
2719,image_2267,D:\DataAI\AIEx\newdataset\yolo_f\images\train\Image_2267.jpg,0,1,1,0.19662600755691528,0.2991759181022644,0.17558716237545013,0.14749066531658173,0.18112020194530487,1,0.28570935130119324,0.3441125154495239,0.1338171511888504,0.1059262752532959,0.13043473660945892,1,0.2858976125717163,0.34893983602523804,0.13368843495845795,0.10581588745117188,0.12565827369689941
2722,image_227,D:\DataAI\AIEx\newdataset\yolo_f\images\train\Image_227.jpg,0,1,1,0.24861110746860504,0.2823960781097412,0.1744043081998825,0.14242994785308838,0.15215855836868286,0,0.3843875527381897,0.28730738162994385,0.12224921584129333,0.10374067723751068,0.10231523960828781,0,0.3867703378200531,0.288787841796875,0.12129777669906616,0.1020093485713005,0.10113463550806046
2723,image_2270,D:\DataAI\AIEx\newdataset\yolo_f\images\train\Image_2270.jpg,0,1,1,0.1884218454360962,0.3159339129924774,0.17970193922519684,0.14379601180553436,0.17214630544185638,0,0.3730115294456482,0.2399846911430359,0.12785808742046356,0.1052946224808693,0.15385103225708008,0,0.38876277208328247,0.23310402035713196,0.1274084448814392,0.10473550856113434,0.14598926901817322
2735,image_2281,D:\DataAI\AIEx\newdataset\yolo_f\images\train\Image_2281.jpg,0,1,1,0.20385733246803284,0.30975332856178284,0.17508962750434875,0.14092440903186798,0.17037534713745117,0,0.4065536558628082,0.2574816942214966,0.12293511629104614,0.09313733875751495,0.11989215761423111,0,0.41611042618751526,0.248522087931633,0.12232692539691925,0.09472634643316269,0.11831420660018921
2736,image_2282,D:\DataAI\AIEx\newdataset\yolo_f\images\train\Image_2282.jpg,0,1,1,0.1874007284641266,0.31106698513031006,0.1859840452671051,0.13857725262641907,0.176970973610878,1,0.27324217557907104,0.3542942702770233,0.13333864510059357,0.09675375372171402,0.14237116277217865,1,0.2766299843788147,0.354969322681427,0.13360534608364105,0.09534995257854462,0.13944537937641144
2742,image_2288,D:\DataAI\AIEx\newdataset\yolo_f\images\train\Image_2288.jpg,0,1,1,0.20030391216278076,0.2944919466972351,0.17518267035484314,0.14627313613891602,0.1837483048439026,0,0.3287816345691681,0.2872859239578247,0.1300053745508194,0.10488873720169067,0.14903834462165833,0,0.33496496081352234,0.2867259085178375,0.13006502389907837,0.10363539308309555,0.14460872113704681
2752,image_2298,D:\DataAI\AIEx\newdataset\yolo_f\images\train\Image_2298.jpg,0,1,1,0.21420453488826752,0.32585451006889343,0.1612575203180313,0.15460050106048584,0.1440829038619995,1,0.305164635181427,0.38448143005371094,0.10528102517127991,0.10784739255905151,0.09722557663917542,1,0.3044981360435486,0.3900243937969208,0.10479699820280075,0.10580873489379883,0.09487172961235046
2753,image_2299,D:\DataAI\AIEx\newdataset\yolo_f\images\train\Image_2299.jpg,0,0,0,0.3091756999492645,0.15314672887325287,0.174904003739357,0.17363341152668,0.18914012610912323,0,0.524919867515564,0.09557853639125824,0.11183073371648788,0.1252468079328537,0.14242398738861084,0,0.5350596308708191,0.0937093049287796,0.11116920411586761,0.12325288355350494,0.13680896162986755
2754,image_23,D:\DataAI\AIEx\newdataset\yolo_f\images\train\Image_23.jpg,0,4,4,0.16899360716342926,0.1268415004014969,0.15460315346717834,0.1332460194826126,0.4163157045841217,4,0.1130828708410263,0.06727245450019836,0.08230677247047424,0.07376015931367874,0.663577675819397,4,0.11489386856555939,0.06702100485563278,0.09211976826190948,0.07651982456445694,0.6494455337524414
2765,image_231,D:\DataAI\AIEx\newdataset\yolo_f\images\train\Image_231.jpg,0,0,0,0.26604166626930237,0.22092576324939728,0.16511239111423492,0.15323114395141602,0.19468900561332703,0,0.4613776206970215,0.16875162720680237,0.10864876955747604,0.10753855109214783,0.15368343889713287,0,0.4752539098262787,0.16277213394641876,0.10790456831455231,0.10582556575536728,0.1482437402009964
2767,image_2311,D:\DataAI\AIEx\newdataset\yolo_f\images\train\Image_2311.jpg,0,0,0,0.31534063816070557,0.14577187597751617,0.17223383486270905,0.18070773780345917,0.18594589829444885,0,0.5130225419998169,0.11264323443174362,0.11202675849199295,0.12558618187904358,0.13672129809856415,0,0.5219436883926392,0.1120813861489296,0.11160753667354584,0.12270883470773697,0.13165856897830963
2777,image_2321,D:\DataAI\AIEx\newdataset\yolo_f\images\train\Image_2321.jpg,0,4,0,0.33171841502189636,0.163119375705719,0.15996931493282318,0.17438209056854248,0.17081080377101898,0,0.5757749080657959,0.10718942433595657,0.0997968465089798,0.11667715013027191,0.10056167840957642,0,0.5844703912734985,0.10410051047801971,0.09853839129209518,0.11473435163497925,0.09815632551908493
2780,image_2326,D:\DataAI\AIEx\newdataset\yolo_f\images\train\Image_2326.jpg,0,0,1,0.2099374234676361,0.28521251678466797,0.176009401679039,0.15383879840373993,0.17500180006027222,1,0.30906030535697937,0.3124076724052429,0.13173335790634155,0.12205208092927933,0.12474662810564041,0,0.31330952048301697,0.31249645352363586,0.13221335411071777,0.11974464356899261,0.12223605811595917
2784,image_233,D:\DataAI\AIEx\newdataset\yolo_f\images\train\Image_233.jpg,0,0,0,0.2799782156944275,0.20502516627311707,0.17396192252635956,0.15366317331790924,0.18737156689167023,0,0.5118434429168701,0.14153416454792023,0.11127617955207825,0.10306614637374878,0.13228005170822144,0,0.5225711464881897,0.1377614140510559,0.10972760617733002,0.10214541852474213,0.12779439985752106
2792,image_2339,D:\DataAI\AIEx\newdataset\yolo_f\images\train\Image_2339.jpg,0,1,1,0.19817984104156494,0.33176523447036743,0.16737914085388184,0.14906877279281616,0.15360699594020844,0,0.3319304585456848,0.31511908769607544,0.12661747634410858,0.11856584995985031,0.10776709020137787,0,0.3345527648925781,0.3150041103363037,0.1265358030796051,0.11704903841018677,0.10685832798480988
2794,image_2340,D:\DataAI\AIEx\newdataset\yolo_f\images\train\Image_2340.jpg,0,1,1,0.20604802668094635,0.31681835651397705,0.1669013798236847,0.15369515120983124,0.15653711557388306,0,0.3830823302268982,0.25823357701301575,0.1283787190914154,0.12393119931221008,0.10637421160936356,0,0.3858875036239624,0.2583566904067993,0.12802624702453613,0.12225603312253952,0.10547348856925964
2798,image_2344,D:\DataAI\AIEx\newdataset\yolo_f\images\train\Image_2344.jpg,0,2,2,0.15312190353870392,0.23967093229293823,0.24859586358070374,0.16336464881896973,0.1952466517686844,2,0.14077766239643097,0.2092762291431427,0.331134557723999,0.14607003331184387,0.17274150252342224,2,0.14129146933555603,0.2139873504638672,0.3305618166923523,0.14334002137184143,0.17081937193870544
2811,image_2357,D:\DataAI\AIEx\newdataset\yolo_f\images\train\Image_2357.jpg,0,2,2,0.15467354655265808,0.14953938126564026,0.34114503860473633,0.17019225656986237,0.18444973230361938,2,0.11069532483816147,0.09157542139291763,0.5203627943992615,0.15224094688892365,0.12512558698654175,2,0.11080735921859741,0.09136474132537842,0.5225285887718201,0.14965283870697021,0.1256464421749115
2812,image_2358,D:\DataAI\AIEx\newdataset\yolo_f\images\train\Image_2358.jpg,0,2,2,0.16838593780994415,0.12825961410999298,0.3311205506324768,0.19061602652072906,0.1816178411245346,2,0.10193970054388046,0.07067357748746872,0.5158891677856445,0.178058460354805,0.13343901932239532,2,0.10378062725067139,0.07218029350042343,0.5141750574111938,0.17399458587169647,0.13586944341659546
2817,image_2362,D:\DataAI\AIEx\newdataset\yolo_f\images\train\Image_2362.jpg,0,2,2,0.18260139226913452,0.16978809237480164,0.31314581632614136,0.16355423629283905,0.17091046273708344,2,0.1218668669462204,0.09793925285339355,0.5000727772712708,0.16298000514507294,0.11714107543230057,2,0.12351426482200623,0.09931591153144836,0.497307687997818,0.16009490191936493,0.11976724863052368
2824,image_237,D:\DataAI\AIEx\newdataset\yolo_f\images\train\Image_237.jpg,0,0,0,0.2900639474391937,0.19417953491210938,0.16813170909881592,0.1627298891544342,0.1848948895931244,0,0.49840661883354187,0.14475904405117035,0.10603394359350204,0.11211029440164566,0.13868999481201172,0,0.5059893727302551,0.14281880855560303,0.106371209025383,0.10996077209711075,0.13485980033874512
2827,image_2372,D:\DataAI\AIEx\newdataset\yolo_f\images\train\Image_2372.jpg,0,2,2,0.18489782512187958,0.12867464125156403,0.31014734506607056,0.19570060074329376,0.18057957291603088,2,0.09814844280481339,0.05380294844508171,0.517553985118866,0.21318484842777252,0.11730976402759552,2,0.10173328965902328,0.05628403648734093,0.5099218487739563,0.21059732139110565,0.12146349251270294
2834,image_2379,D:\DataAI\AIEx\newdataset\yolo_f\images\train\Image_2379.jpg,0,2,2,0.19204026460647583,0.17433151602745056,0.2938707172870636,0.16920608282089233,0.17055141925811768,2,0.1494017094373703,0.12945058941841125,0.43182170391082764,0.14684225618839264,0.14248375594615936,2,0.15001891553401947,0.13050760328769684,0.43321558833122253,0.1433837115764618,0.14287413656711578
2839,image_2386,D:\DataAI\AIEx\newdataset\yolo_f\images\train\Image_2386.jpg,0,2,2,0.16364002227783203,0.148004412651062,0.329425185918808,0.17677901685237885,0.1821514219045639,2,0.09530254453420639,0.07393601536750793,0.5197381377220154,0.17287428677082062,0.13814905285835266,2,0.0974612757563591,0.07514926046133041,0.5164006948471069,0.1708240509033203,0.14016467332839966
2844,image_2393,D:\DataAI\AIEx\newdataset\yolo_f\images\train\Image_2393.jpg,0,2,3,0.16352470219135284,0.1470145434141159,0.234694242477417,0.2735006511211395,0.1812659204006195,3,0.09910508990287781,0.08841348439455032,0.267728716135025,0.39503809809684753,0.1497146487236023,3,0.1014883816242218,0.09270036965608597,0.2700536847114563,0.3838006556034088,0.15195690095424652
2850,image_24,D:\DataAI\AIEx\newdataset\yolo_f\images\train\Image_24.jpg,0,4,4,0.17860211431980133,0.12672510743141174,0.14998097717761993,0.14225651323795319,0.4024352729320526,4,0.13238859176635742,0.0722726583480835,0.08450348675251007,0.07983608543872833,0.6309991478919983,4,0.13045457005500793,0.0706295594573021,0.09489677846431732,0.08193420618772507,0.6220849752426147
2852,image_2400,D:\DataAI\AIEx\newdataset\yolo_f\images\train\Image_2400.jpg,0,3,3,0.16117678582668304,0.13937033712863922,0.2220015674829483,0.2765713036060333,0.2008800357580185,3,0.10045716911554337,0.07733658701181412,0.2423722892999649,0.40355414152145386,0.17627978324890137,3,0.10239947587251663,0.07955410331487656,0.2455276995897293,0.39378225803375244,0.17873640358448029
2853,image_2401,D:\DataAI\AIEx\newdataset\yolo_f\images\train\Image_2401.jpg,0,3,3,0.1840614676475525,0.14433081448078156,0.21190325915813446,0.27254951000213623,0.18715496361255646,3,0.10854040086269379,0.0774640291929245,0.3031279444694519,0.36635470390319824,0.14451290667057037,3,0.11094174534082413,0.0810621976852417,0.30882108211517334,0.3526347279548645,0.1465402990579605
2861,image_2410,D:\DataAI\AIEx\newdataset\yolo_f\images\train\Image_2410.jpg,0,3,3,0.18061242997646332,0.13140039145946503,0.2532276511192322,0.2753150463104248,0.1594444364309311,2,0.10780775547027588,0.06617725640535355,0.4090777337551117,0.3022559583187103,0.11468125134706497,2,0.11031607538461685,0.06843248009681702,0.4039369821548462,0.30072295665740967,0.1165914535522461
2866,image_2419,D:\DataAI\AIEx\newdataset\yolo_f\images\train\Image_2419.jpg,0,2,2,0.1899619698524475,0.1455438733100891,0.33088675141334534,0.17572061717510223,0.15788674354553223,2,0.1337905079126358,0.0764693096280098,0.5530092716217041,0.1368391364812851,0.0998917818069458,2,0.13612978160381317,0.07808131724596024,0.5466102361679077,0.1371474266052246,0.10203130543231964
2872,image_2426,D:\DataAI\AIEx\newdataset\yolo_f\images\train\Image_2426.jpg,0,2,2,0.25327929854393005,0.14888383448123932,0.2693062126636505,0.17131878435611725,0.15721188485622406,0,0.4987953305244446,0.1435200572013855,0.1575600802898407,0.11129442602396011,0.08883003890514374,0,0.4905824661254883,0.14653700590133667,0.16102738678455353,0.1132761687040329,0.08857692778110504
2873,image_2427,D:\DataAI\AIEx\newdataset\yolo_f\images\train\Image_2427.jpg,0,2,2,0.15330299735069275,0.16076874732971191,0.3215038478374481,0.15484195947647095,0.20958244800567627,2,0.18086156249046326,0.17065446078777313,0.35461366176605225,0.119663767516613,0.17420653998851776,2,0.17908447980880737,0.1682351529598236,0.3605387806892395,0.1211995780467987,0.17094196379184723
2877,image_2432,D:\DataAI\AIEx\newdataset\yolo_f\images\train\Image_2432.jpg,0,1,1,0.20967914164066315,0.35001078248023987,0.13958585262298584,0.14872579276561737,0.15199849009513855,0,0.46629345417022705,0.21491849422454834,0.10991187393665314,0.11490364372730255,0.09397256374359131,0,0.4666081666946411,0.2148374617099762,0.11050508171319962,0.11411681026220322,0.09393244981765747
2887,image_2444,D:\DataAI\AIEx\newdataset\yolo_f\images\train\Image_2444.jpg,0,2,2,0.20214861631393433,0.20209485292434692,0.28899550437927246,0.1534753441810608,0.15328571200370789,2,0.25178006291389465,0.23818157613277435,0.2802194356918335,0.1230967715382576,0.10672219842672348,2,0.2501703202724457,0.2441493570804596,0.277146577835083,0.1215452253818512,0.10698855668306351
2889,image_2447,D:\DataAI\AIEx\newdataset\yolo_f\images\train\Image_2447.jpg,0,2,2,0.17903244495391846,0.15401408076286316,0.323620080947876,0.191293865442276,0.1520395576953888,2,0.11668728291988373,0.08401760458946228,0.523934006690979,0.1773557960987091,0.0980052798986435,2,0.11885496228933334,0.08736671507358551,0.5175321698188782,0.175882950425148,0.10036320239305496
2894,image_2454,D:\DataAI\AIEx\newdataset\yolo_f\images\train\Image_2454.jpg,0,2,2,0.1717735379934311,0.12410211563110352,0.3712176978588104,0.15458422899246216,0.17832235991954803,2,0.09811128675937653,0.058423399925231934,0.5985634326934814,0.14137838780879974,0.10352351516485214,2,0.100913867354393,0.06067988649010658,0.5942736268043518,0.1376476287841797,0.10648500919342041
2900,image_2463,D:\DataAI\AIEx\newdataset\yolo_f\images\train\Image_2463.jpg,0,2,2,0.18754281103610992,0.2178032100200653,0.28230440616607666,0.15885084867477417,0.15349869430065155,2,0.18412919342517853,0.2185356467962265,0.35259222984313965,0.13329894840717316,0.11144392937421799,2,0.183522030711174,0.22284017503261566,0.3509311079978943,0.13062475621700287,0.11208197474479675
2905,image_2469,D:\DataAI\AIEx\newdataset\yolo_f\images\train\Image_2469.jpg,0,1,1,0.17164860665798187,0.3268640637397766,0.18667015433311462,0.15531916916370392,0.15949805080890656,1,0.16792099177837372,0.45967525243759155,0.15002401173114777,0.11418967694044113,0.10819008201360703,1,0.16696800291538239,0.46103477478027344,0.15137751400470734,0.11245939135551453,0.1081603467464447
2912,image_2475,D:\DataAI\AIEx\newdataset\yolo_f\images\train\Image_2475.jpg,0,2,2,0.1725219190120697,0.11030618101358414,0.37595123052597046,0.1555207371711731,0.185699924826622,2,0.1267421841621399,0.06612814217805862,0.562598705291748,0.13672710955142975,0.10780390352010727,2,0.1303935945034027,0.06880178302526474,0.5543521642684937,0.13567903637886047,0.11077345162630081
2917,image_2480,D:\DataAI\AIEx\newdataset\yolo_f\images\train\Image_2480.jpg,0,0,0,0.26022785902023315,0.2390594333410263,0.15831099450588226,0.1572365164756775,0.1851651519536972,0,0.5064690709114075,0.14931394159793854,0.09956541657447815,0.10252395272254944,0.1421276181936264,0,0.5206568837165833,0.14403046667575836,0.098964162170887,0.1001930758357048,0.1361553817987442
2921,image_2487,D:\DataAI\AIEx\newdataset\yolo_f\images\train\Image_2487.jpg,0,1,1,0.18738336861133575,0.3298596739768982,0.17002469301223755,0.14196491241455078,0.17076735198497772,1,0.28508543968200684,0.34533846378326416,0.12904007732868195,0.10834208875894547,0.13219387829303741,1,0.2903764545917511,0.34347400069236755,0.1302599310874939,0.10690338164567947,0.12898628413677216
2928,image_250,D:\DataAI\AIEx\newdataset\yolo_f\images\train\Image_250.jpg,0,0,0,0.363985151052475,0.14504851400852203,0.17720447480678558,0.16639840602874756,0.14736348390579224,0,0.6257655024528503,0.09473118185997009,0.10072945803403854,0.10497980564832687,0.07379405945539474,0,0.6307831406593323,0.09377885609865189,0.09917711466550827,0.10327650606632233,0.07298432290554047
2937,image_2516,D:\DataAI\AIEx\newdataset\yolo_f\images\train\Image_2516.jpg,0,2,2,0.19158466160297394,0.1690671592950821,0.2558928430080414,0.1993318498134613,0.1841234415769577,2,0.12595927715301514,0.08962209522724152,0.4169749319553375,0.21456758677959442,0.1528761088848114,2,0.12763428688049316,0.09117937088012695,0.41696321964263916,0.21025757491588593,0.15396559238433838
2941,image_2520,D:\DataAI\AIEx\newdataset\yolo_f\images\train\Image_2520.jpg,0,2,2,0.17637041211128235,0.12031032890081406,0.2943851947784424,0.21936087310314178,0.18957318365573883,2,0.11233671009540558,0.06255315244197845,0.4471539556980133,0.2389933317899704,0.13896292448043823,2,0.11363065987825394,0.06329112499952316,0.44635525345802307,0.2354247272014618,0.14129820466041565
2942,image_2521,D:\DataAI\AIEx\newdataset\yolo_f\images\train\Image_2521.jpg,0,2,2,0.18161556124687195,0.1348741054534912,0.2560458183288574,0.22988994419574738,0.19757454097270966,2,0.11933835595846176,0.07239734381437302,0.3817819356918335,0.2644166946411133,0.16206565499305725,2,0.12020386010408401,0.07290109246969223,0.3832969665527344,0.2598101794719696,0.16378790140151978
2943,image_2522,D:\DataAI\AIEx\newdataset\yolo_f\images\train\Image_2522.jpg,0,2,2,0.16749796271324158,0.1332208216190338,0.33334723114967346,0.1970318704843521,0.16890212893486023,2,0.10629979521036148,0.06523554772138596,0.5135051608085632,0.20557843148708344,0.10938110947608948,2,0.10741608589887619,0.06448246538639069,0.5150083303451538,0.20078833401203156,0.11230474710464478
2957,image_2541,D:\DataAI\AIEx\newdataset\yolo_f\images\train\Image_2541.jpg,0,0,0,0.29681912064552307,0.20763042569160461,0.15843255817890167,0.17183201014995575,0.16528593003749847,0,0.49641692638397217,0.14105816185474396,0.10736707597970963,0.1236175149679184,0.13154040277004242,0,0.508628249168396,0.13740503787994385,0.1066734790802002,0.12076016515493393,0.12653307616710663
2959,image_2546,D:\DataAI\AIEx\newdataset\yolo_f\images\train\Image_2546.jpg,0,0,1,0.22668740153312683,0.24625571072101593,0.1646532565355301,0.1550854593515396,0.2073182463645935,0,0.39118802547454834,0.18143875896930695,0.1059579998254776,0.11245091259479523,0.2089642584323883,0,0.4087928831577301,0.17437970638275146,0.10708548128604889,0.11149799823760986,0.19824399054050446
2963,image_2558,D:\DataAI\AIEx\newdataset\yolo_f\images\train\Image_2558.jpg,0,0,1,0.19389694929122925,0.2872309386730194,0.16409063339233398,0.15756690502166748,0.19721455872058868,0,0.39313405752182007,0.18963514268398285,0.11688010394573212,0.1305626630783081,0.16978800296783447,0,0.4050196707248688,0.18442948162555695,0.11700915545225143,0.12884102761745453,0.16470059752464294
2966,image_2560,D:\DataAI\AIEx\newdataset\yolo_f\images\train\Image_2560.jpg,0,0,0,0.33192557096481323,0.16152438521385193,0.1732683777809143,0.17072120308876038,0.16256047785282135,0,0.5613223910331726,0.11347893625497818,0.12107234448194504,0.11032017320394516,0.0938061997294426,0,0.5647109150886536,0.11367709934711456,0.11917420476675034,0.10950841754674911,0.09292934834957123
2972,image_2574,D:\DataAI\AIEx\newdataset\yolo_f\images\train\Image_2574.jpg,0,2,2,0.15928547084331512,0.15612201392650604,0.31041041016578674,0.18703646957874298,0.18714559078216553,2,0.10758723318576813,0.09054644405841827,0.4663236141204834,0.18755091726779938,0.1479918211698532,2,0.11111266911029816,0.09234423190355301,0.4494040310382843,0.19325344264507294,0.15388557314872742
2977,image_2579,D:\DataAI\AIEx\newdataset\yolo_f\images\train\Image_2579.jpg,0,2,2,0.13740167021751404,0.11674591153860092,0.3599264323711395,0.20884600281715393,0.1770799607038498,2,0.07200842350721359,0.056552495807409286,0.4496721625328064,0.2972077429294586,0.12455920875072479,2,0.0747983306646347,0.055481210350990295,0.44242510199546814,0.3012101650238037,0.12608522176742554
2988,image_2590,D:\DataAI\AIEx\newdataset\yolo_f\images\train\Image_2590.jpg,0,2,2,0.17160660028457642,0.15476571023464203,0.32933008670806885,0.15651358664035797,0.18778395652770996,2,0.1618695706129074,0.1413499116897583,0.38505393266677856,0.11294861137866974,0.19877800345420837,2,0.16616256535053253,0.14029158651828766,0.37463101744651794,0.11501776427030563,0.20389705896377563
2992,image_2599,D:\DataAI\AIEx\newdataset\yolo_f\images\train\Image_2599.jpg,0,1,1,0.2280322164297104,0.3430476188659668,0.14037519693374634,0.1645558476448059,0.12398911267518997,0,0.39931559562683105,0.31918495893478394,0.09661222994327545,0.10463123768568039,0.0802559033036232,0,0.40347132086753845,0.3162001669406891,0.09716255962848663,0.10405494272708893,0.07911103218793869
2999,image_2609,D:\DataAI\AIEx\newdataset\yolo_f\images\train\Image_2609.jpg,0,3,2,0.15414364635944366,0.136704683303833,0.264566570520401,0.22992342710494995,0.21466164290905,2,0.11719634383916855,0.08671175688505173,0.3430904746055603,0.23026058077812195,0.22274085879325867,2,0.11720729619264603,0.08931101113557816,0.34350448846817017,0.2269223928451538,0.22305482625961304
3000,image_261,D:\DataAI\AIEx\newdataset\yolo_f\images\train\Image_261.jpg,0,0,0,0.3471249043941498,0.11130470782518387,0.18280628323554993,0.17594744265079498,0.18281660974025726,0,0.5512180328369141,0.08124963194131851,0.11573981493711472,0.12426550686359406,0.12752698361873627,0,0.5601648092269897,0.0793129950761795,0.11447151005268097,0.12169773131608963,0.12435300648212433
3005,image_2618,D:\DataAI\AIEx\newdataset\yolo_f\images\train\Image_2618.jpg,0,2,2,0.15275603532791138,0.16992950439453125,0.34078216552734375,0.15719224512577057,0.17934000492095947,2,0.10638434439897537,0.0958552360534668,0.5533239245414734,0.13179533183574677,0.11264116317033768,2,0.10856828093528748,0.09625578671693802,0.5494524240493774,0.13101911544799805,0.114704430103302
3014,image_2633,D:\DataAI\AIEx\newdataset\yolo_f\images\train\Image_2633.jpg,0,1,1,0.2035198211669922,0.329689621925354,0.15669555962085724,0.1518092304468155,0.15828575193881989,1,0.3021239638328552,0.3129288852214813,0.12685146927833557,0.12588752806186676,0.13220813870429993,1,0.3068062663078308,0.3117827773094177,0.12827785313129425,0.12315903604030609,0.12997405230998993
3015,image_2634,D:\DataAI\AIEx\newdataset\yolo_f\images\train\Image_2634.jpg,0,1,1,0.19149363040924072,0.3314604163169861,0.15829616785049438,0.15887312591075897,0.15987662971019745,1,0.30023863911628723,0.31251293420791626,0.13098087906837463,0.1253836303949356,0.13088390231132507,1,0.3020775318145752,0.31185704469680786,0.1329343169927597,0.12355439364910126,0.1295766979455948
3021,image_2640,D:\DataAI\AIEx\newdataset\yolo_f\images\train\Image_2640.jpg,0,2,1,0.18561731278896332,0.2527264654636383,0.22518303990364075,0.16622595489025116,0.17024722695350647,1,0.20950879156589508,0.291452020406723,0.19960039854049683,0.13547629117965698,0.1639624834060669,1,0.21112298965454102,0.2923568785190582,0.20237761735916138,0.13142240047454834,0.16272015869617462
3029,image_2652,D:\DataAI\AIEx\newdataset\yolo_f\images\train\Image_2652.jpg,0,0,0,0.2916429340839386,0.16816659271717072,0.17091237008571625,0.17198826372623444,0.1972898244857788,0,0.3471788167953491,0.12602294981479645,0.15492133796215057,0.12649479508399963,0.2453821748495102,0,0.35257408022880554,0.1267356276512146,0.1538352519273758,0.12420504540205002,0.24265004694461823
3035,image_2661,D:\DataAI\AIEx\newdataset\yolo_f\images\train\Image_2661.jpg,0,2,2,0.13092739880084991,0.21224963665008545,0.2800544202327728,0.16339975595474243,0.2133687287569046,2,0.1125226840376854,0.13381627202033997,0.4437811076641083,0.15506958961486816,0.15481027960777283,2,0.11314546316862106,0.13628700375556946,0.4348331093788147,0.15688535571098328,0.1588490754365921
3042,image_2671,D:\DataAI\AIEx\newdataset\yolo_f\images\train\Image_2671.jpg,0,2,2,0.17758451402187347,0.2002377063035965,0.27154457569122314,0.17703042924404144,0.17360278964042664,2,0.12162215262651443,0.10162575542926788,0.4541860818862915,0.1826639473438263,0.1399020254611969,2,0.1218889132142067,0.10404367744922638,0.4531444013118744,0.17784316837787628,0.14307983219623566
3043,image_2672,D:\DataAI\AIEx\newdataset\yolo_f\images\train\Image_2672.jpg,0,2,2,0.159968301653862,0.15256015956401825,0.27608320116996765,0.232001394033432,0.17938697338104248,3,0.09082847833633423,0.07932985574007034,0.3328031897544861,0.3603455722332001,0.13669291138648987,3,0.0937766283750534,0.07941726595163345,0.31582924723625183,0.3704279661178589,0.1405489146709442
3045,image_2674,D:\DataAI\AIEx\newdataset\yolo_f\images\train\Image_2674.jpg,0,2,4,0.16461771726608276,0.16716724634170532,0.2303193062543869,0.20033520460128784,0.23756052553653717,4,0.12461142241954803,0.1565840095281601,0.20633338391780853,0.17029611766338348,0.34217512607574463,4,0.12394863367080688,0.14227788150310516,0.21398326754570007,0.16977934539318085,0.35001087188720703
3052,image_2687,D:\DataAI\AIEx\newdataset\yolo_f\images\train\Image_2687.jpg,0,2,2,0.13762271404266357,0.1409149467945099,0.3133675754070282,0.20928163826465607,0.19881315529346466,2,0.07493311166763306,0.061080943793058395,0.45868292450904846,0.2590925991535187,0.14621037244796753,2,0.07737807184457779,0.05981094017624855,0.4535611569881439,0.2624869644641876,0.14676284790039062
3054,image_2693,D:\DataAI\AIEx\newdataset\yolo_f\images\train\Image_2693.jpg,0,2,2,0.14936038851737976,0.17401781678199768,0.2825911343097687,0.2155584692955017,0.17847216129302979,2,0.08632218092679977,0.07283395528793335,0.44927170872688293,0.25095540285110474,0.1406167447566986,2,0.08737591654062271,0.07194512337446213,0.4467768967151642,0.2512269914150238,0.14267504215240479
3056,image_2695,D:\DataAI\AIEx\newdataset\yolo_f\images\train\Image_2695.jpg,0,3,3,0.15109437704086304,0.18377351760864258,0.18894244730472565,0.29267603158950806,0.18351367115974426,3,0.07369197905063629,0.09322839975357056,0.24980290234088898,0.4102295935153961,0.17304718494415283,3,0.0765467956662178,0.0949760377407074,0.25410696864128113,0.4007236659526825,0.173646479845047
3064,image_2710,D:\DataAI\AIEx\newdataset\yolo_f\images\train\Image_2710.jpg,0,3,3,0.1672002673149109,0.16633765399456024,0.17825265228748322,0.3031098544597626,0.18509961664676666,3,0.09798842668533325,0.08952503651380539,0.14565643668174744,0.5298054218292236,0.1370246559381485,3,0.09793352335691452,0.0921688824892044,0.153915673494339,0.5111934542655945,0.14478839933872223
3071,image_2727,D:\DataAI\AIEx\newdataset\yolo_f\images\train\Image_2727.jpg,0,3,3,0.16718199849128723,0.19787725806236267,0.19376857578754425,0.2774277627468109,0.16374437510967255,3,0.10860688984394073,0.11814319342374802,0.2987077534198761,0.3753300607204437,0.09921210259199142,3,0.10994061827659607,0.12484710663557053,0.30522143840789795,0.356913685798645,0.10307715088129044
3074,image_273,D:\DataAI\AIEx\newdataset\yolo_f\images\train\Image_273.jpg,0,0,1,0.20019878447055817,0.3066427707672119,0.16659383475780487,0.15520046651363373,0.1713641881942749,0,0.3700951039791107,0.24030128121376038,0.12332286685705185,0.10940634459257126,0.15687435865402222,0,0.38581353425979614,0.23066231608390808,0.12308371067047119,0.10932537913322449,0.15111508965492249
3085,image_2744,D:\DataAI\AIEx\newdataset\yolo_f\images\train\Image_2744.jpg,0,4,4,0.1735549420118332,0.10362067818641663,0.18472295999526978,0.16816139221191406,0.36994001269340515,4,0.08987224847078323,0.046302713453769684,0.13307493925094604,0.11636853963136673,0.6143814921379089,4,0.09204648435115814,0.0465884804725647,0.1353108435869217,0.11849077045917511,0.6075634360313416
3088,image_275,D:\DataAI\AIEx\newdataset\yolo_f\images\train\Image_275.jpg,0,0,0,0.2765524983406067,0.18900246918201447,0.18000398576259613,0.17513471841812134,0.179306298494339,0,0.5101304054260254,0.1310071498155594,0.1121332049369812,0.10644742846488953,0.1402818262577057,0,0.5216060280799866,0.12504851818084717,0.11195195466279984,0.1066003367304802,0.1347932070493698
3091,image_2755,D:\DataAI\AIEx\newdataset\yolo_f\images\train\Image_2755.jpg,0,1,1,0.1850365251302719,0.3088745176792145,0.1712704300880432,0.16189542412757874,0.17292313277721405,0,0.312896192073822,0.2763752043247223,0.1252358853816986,0.12170133739709854,0.1637914478778839,0,0.31232982873916626,0.2808881103992462,0.12595517933368683,0.1204187199473381,0.1604081243276596
3100,image_277,D:\DataAI\AIEx\newdataset\yolo_f\images\train\Image_277.jpg,0,2,2,0.18130581080913544,0.17653562128543854,0.3002637028694153,0.16514155268669128,0.17675331234931946,2,0.11637728661298752,0.08849291503429413,0.49731871485710144,0.17499952018260956,0.12281150370836258,2,0.11914226412773132,0.08953182399272919,0.48970067501068115,0.17383727431297302,0.12778793275356293
3107,image_2779,D:\DataAI\AIEx\newdataset\yolo_f\images\train\Image_2779.jpg,0,2,2,0.2082851678133011,0.1443769782781601,0.2768121659755707,0.1757601499557495,0.19476553797721863,2,0.19269345700740814,0.0993155837059021,0.41244059801101685,0.12795066833496094,0.1675996631383896,2,0.19778986275196075,0.09836580604314804,0.4085107743740082,0.12557277083396912,0.1697608232498169
3108,image_278,D:\DataAI\AIEx\newdataset\yolo_f\images\train\Image_278.jpg,0,2,2,0.1834965944290161,0.17491188645362854,0.3118002712726593,0.1567772477865219,0.17301400005817413,2,0.12544187903404236,0.09269106388092041,0.5057546496391296,0.15768975019454956,0.11842271685600281,2,0.1279209405183792,0.09420237690210342,0.5013472437858582,0.15471751987934113,0.12181193381547928
3118,image_2796,D:\DataAI\AIEx\newdataset\yolo_f\images\train\Image_2796.jpg,0,1,1,0.18787482380867004,0.3917948305606842,0.1441493183374405,0.1534191370010376,0.12276191264390945,1,0.2781887352466583,0.4354507327079773,0.10615547746419907,0.10014603286981583,0.08005906641483307,1,0.27775606513023376,0.4367096424102783,0.1068483367562294,0.10000552982091904,0.07868043333292007
3126,image_2807,D:\DataAI\AIEx\newdataset\yolo_f\images\train\Image_2807.jpg,0,0,0,0.2740030884742737,0.21714995801448822,0.14113454520702362,0.16969536244869232,0.19801706075668335,0,0.4260796308517456,0.204291433095932,0.09473339468240738,0.13480687141418457,0.1400887817144394,0,0.4254344701766968,0.2089637666940689,0.09604590386152267,0.13210433721542358,0.13745149970054626
3128,image_281,D:\DataAI\AIEx\newdataset\yolo_f\images\train\Image_281.jpg,0,2,2,0.17430557310581207,0.12734468281269073,0.33629289269447327,0.17447727918624878,0.1875796616077423,2,0.1003146767616272,0.06091069430112839,0.5498209595680237,0.15986202657222748,0.12909168004989624,2,0.10233759880065918,0.06202881038188934,0.5466567277908325,0.15664255619049072,0.132334366440773
3133,image_2824,D:\DataAI\AIEx\newdataset\yolo_f\images\train\Image_2824.jpg,0,0,0,0.36597996950149536,0.16658435761928558,0.1664610654115677,0.16730724275112152,0.13366734981536865,0,0.5551521182060242,0.16868746280670166,0.11166217923164368,0.09281769394874573,0.07168054580688477,0,0.5557808876037598,0.16819941997528076,0.11222423613071442,0.09323857724666595,0.07055695354938507
3136,image_2830,D:\DataAI\AIEx\newdataset\yolo_f\images\train\Image_2830.jpg,0,1,1,0.2054489403963089,0.2862347960472107,0.1459929496049881,0.17113737761974335,0.1911858767271042,1,0.28461310267448425,0.3522924780845642,0.09556608647108078,0.12285342812538147,0.1446748673915863,1,0.28240588307380676,0.3565422296524048,0.09665726870298386,0.12202658504247665,0.14236806333065033
3147,image_285,D:\DataAI\AIEx\newdataset\yolo_f\images\train\Image_285.jpg,0,2,1,0.15970173478126526,0.32854849100112915,0.19663900136947632,0.14445653557777405,0.17065422236919403,1,0.21103347837924957,0.4122053384780884,0.15654751658439636,0.10158087313175201,0.11863286793231964,1,0.2075875997543335,0.41868701577186584,0.15602992475032806,0.10031486302614212,0.11738060414791107
3148,image_2850,D:\DataAI\AIEx\newdataset\yolo_f\images\train\Image_2850.jpg,0,0,1,0.2369168996810913,0.26106178760528564,0.16169373691082,0.14485913515090942,0.1954684555530548,0,0.4096600115299225,0.20637036859989166,0.10535082221031189,0.09714214503765106,0.1814766377210617,0,0.41835230588912964,0.20152892172336578,0.10712265968322754,0.09763035178184509,0.17536582052707672
3149,image_2850,D:\DataAI\AIEx\newdataset\yolo_f\images\train\Image_2850.jpg,0,0,0,0.27033624053001404,0.24584239721298218,0.14446254074573517,0.1738332211971283,0.16552554070949554,0,0.3392023742198944,0.270174115896225,0.11289112269878387,0.12345193326473236,0.154280424118042,0,0.34167715907096863,0.2710834741592407,0.11320450156927109,0.12241585552692413,0.1516190618276596
3157,image_2857,D:\DataAI\AIEx\newdataset\yolo_f\images\train\Image_2857.jpg,0,0,0,0.33162567019462585,0.18408341705799103,0.15252523124217987,0.16950951516628265,0.162256121635437,0,0.48354631662368774,0.11619560420513153,0.10863086581230164,0.12947233021259308,0.16215482354164124,0,0.4903104603290558,0.11454077064990997,0.10999879240989685,0.12818193435668945,0.15696798264980316
3159,image_2861,D:\DataAI\AIEx\newdataset\yolo_f\images\train\Image_2861.jpg,0,0,0,0.293508917093277,0.2026868760585785,0.17814883589744568,0.1640523076057434,0.16160304844379425,0,0.43892645835876465,0.15631823241710663,0.1309695988893509,0.12289232015609741,0.1508934497833252,0,0.4461658298969269,0.1532934010028839,0.13142447173595428,0.12221822142601013,0.1468980610370636
3163,image_287,D:\DataAI\AIEx\newdataset\yolo_f\images\train\Image_287.jpg,0,1,1,0.13015955686569214,0.37846776843070984,0.15973593294620514,0.1409814953804016,0.19065527617931366,1,0.14380516111850739,0.4078906774520874,0.18730632960796356,0.11558020859956741,0.14541763067245483,1,0.14253099262714386,0.4138919413089752,0.1855621188879013,0.11388696730136871,0.14412793517112732
3169,image_2883,D:\DataAI\AIEx\newdataset\yolo_f\images\train\Image_2883.jpg,0,4,4,0.16804225742816925,0.11977788805961609,0.1772060990333557,0.1748228222131729,0.36015093326568604,4,0.08746884018182755,0.05831536278128624,0.13032473623752594,0.14210587739944458,0.5817852020263672,4,0.0908486470580101,0.05753641948103905,0.13780881464481354,0.14377407729625702,0.5700320601463318
3171,image_2886,D:\DataAI\AIEx\newdataset\yolo_f\images\train\Image_2886.jpg,0,4,4,0.1576891541481018,0.18555721640586853,0.19337905943393707,0.14980259537696838,0.313571959733963,4,0.08523092418909073,0.07441136240959167,0.09281610697507858,0.09580881893634796,0.6517328023910522,4,0.08978335559368134,0.07535620778799057,0.10024356842041016,0.10125172138214111,0.6333652138710022
3175,image_29,D:\DataAI\AIEx\newdataset\yolo_f\images\train\Image_29.jpg,0,0,1,0.20519720017910004,0.29975301027297974,0.14419737458229065,0.16503383219242096,0.1858186423778534,1,0.26046237349510193,0.3248787224292755,0.11468523740768433,0.13066619634628296,0.16930747032165527,1,0.2618848383426666,0.3276793956756592,0.11807508766651154,0.129083052277565,0.16327765583992004
3183,image_2914,D:\DataAI\AIEx\newdataset\yolo_f\images\train\Image_2914.jpg,0,0,0,0.3040350377559662,0.20406939089298248,0.16377787292003632,0.1790829449892044,0.149034783244133,0,0.5520974397659302,0.12785619497299194,0.09078417718410492,0.10099328309297562,0.12826891243457794,0,0.5551716685295105,0.1277095079421997,0.09302067011594772,0.10183323174715042,0.12226495891809464
3190,image_2923,D:\DataAI\AIEx\newdataset\yolo_f\images\train\Image_2923.jpg,0,1,1,0.20168308913707733,0.3102927803993225,0.15109702944755554,0.15010866522789001,0.1868184506893158,1,0.32141315937042236,0.3217732012271881,0.10969232022762299,0.10206491500139236,0.14505647122859955,1,0.31468629837036133,0.3318256437778473,0.11161545664072037,0.10266977548599243,0.13920283317565918
3195,image_293,D:\DataAI\AIEx\newdataset\yolo_f\images\train\Image_293.jpg,0,0,1,0.18106599152088165,0.339431494474411,0.17474527657032013,0.133577361702919,0.17117993533611298,1,0.3047749102115631,0.3455502986907959,0.12997907400131226,0.09437374770641327,0.12532195448875427,1,0.308208167552948,0.34663909673690796,0.12863261997699738,0.09404600411653519,0.12247409671545029
3202,image_2937,D:\DataAI\AIEx\newdataset\yolo_f\images\train\Image_2937.jpg,0,4,4,0.17732927203178406,0.12177197635173798,0.15836317837238312,0.14707675576210022,0.395458847284317,4,0.12393532693386078,0.0632031187415123,0.09351295232772827,0.08998525142669678,0.6293633580207825,4,0.12584532797336578,0.06253277510404587,0.10332726687192917,0.09265034645795822,0.6156442761421204
3203,image_2938,D:\DataAI\AIEx\newdataset\yolo_f\images\train\Image_2938.jpg,0,4,4,0.16267310082912445,0.12814345955848694,0.16039355099201202,0.14002379775047302,0.4087660610675812,4,0.10611917078495026,0.06672557443380356,0.08695874363183975,0.08186561614274979,0.6583308577537537,4,0.10899732261896133,0.06664960831403732,0.09646186977624893,0.08468376845121384,0.6432073712348938
3212,image_2949,D:\DataAI\AIEx\newdataset\yolo_f\images\train\Image_2949.jpg,0,1,1,0.21019870042800903,0.2851807475090027,0.14795638620853424,0.16044963896274567,0.19621451199054718,1,0.2311040759086609,0.3092096149921417,0.10917447507381439,0.12398054450750351,0.2265312373638153,1,0.2305699735879898,0.31530436873435974,0.11408770829439163,0.12311152368783951,0.21692641079425812
3215,image_2951,D:\DataAI\AIEx\newdataset\yolo_f\images\train\Image_2951.jpg,0,1,1,0.2215491235256195,0.26501163840293884,0.15386947989463806,0.17154227197170258,0.18802745640277863,0,0.3405053913593292,0.23299115896224976,0.10781454294919968,0.14004254341125488,0.17864631116390228,0,0.34321701526641846,0.23204828798770905,0.11084920912981033,0.1391821801662445,0.17470329999923706
3221,image_296,D:\DataAI\AIEx\newdataset\yolo_f\images\train\Image_296.jpg,0,1,1,0.1735500544309616,0.3186587691307068,0.1895499974489212,0.13851456344127655,0.17972658574581146,1,0.21675662696361542,0.3655935227870941,0.1807391196489334,0.1026567667722702,0.13425388932228088,1,0.21534349024295807,0.37496301531791687,0.1785917580127716,0.1017003282904625,0.12940138578414917
3226,image_2966,D:\DataAI\AIEx\newdataset\yolo_f\images\train\Image_2966.jpg,0,1,1,0.23142725229263306,0.3185397684574127,0.1552533209323883,0.15962934494018555,0.13515031337738037,0,0.3562242090702057,0.297360897064209,0.12860986590385437,0.1073572114109993,0.11044778674840927,0,0.3563121259212494,0.29682910442352295,0.12965905666351318,0.10796891897916794,0.10923083871603012
3231,image_2974,D:\DataAI\AIEx\newdataset\yolo_f\images\train\Image_2974.jpg,0,0,0,0.3500622510910034,0.14900760352611542,0.1703585535287857,0.17942748963832855,0.1511441320180893,0,0.5853555202484131,0.12254951894283295,0.104587122797966,0.10158905386924744,0.08591879904270172,0,0.5889780521392822,0.11962077021598816,0.10379917174577713,0.1018681600689888,0.08573392778635025
3236,image_2979,D:\DataAI\AIEx\newdataset\yolo_f\images\train\Image_2979.jpg,0,0,0,0.28354838490486145,0.21257492899894714,0.1416967362165451,0.17207401990890503,0.19010592997074127,0,0.5108963847160339,0.1842419058084488,0.08941084891557693,0.10314443707466125,0.1123063936829567,0,0.5090618133544922,0.18602287769317627,0.09026145190000534,0.10396641492843628,0.11068744957447052
3238,image_2980,D:\DataAI\AIEx\newdataset\yolo_f\images\train\Image_2980.jpg,0,0,0,0.311305433511734,0.17273752391338348,0.17557227611541748,0.17797094583511353,0.1624138355255127,0,0.5697107911109924,0.13746178150177002,0.1065719947218895,0.10071299225091934,0.08554242551326752,0,0.571521520614624,0.1356397122144699,0.1063777282834053,0.10108494758605957,0.0853760838508606
3246,image_2988,D:\DataAI\AIEx\newdataset\yolo_f\images\train\Image_2988.jpg,0,2,2,0.17557629942893982,0.12673687934875488,0.30111342668533325,0.2079179286956787,0.18865551054477692,2,0.12816749513149261,0.07968253642320633,0.4208526313304901,0.2127329558134079,0.15856435894966125,2,0.13043184578418732,0.08242345601320267,0.41574907302856445,0.21106886863708496,0.1603267639875412
3247,image_2989,D:\DataAI\AIEx\newdataset\yolo_f\images\train\Image_2989.jpg,0,2,2,0.19701531529426575,0.17726677656173706,0.24882738292217255,0.19664715230464935,0.18024341762065887,2,0.23042403161525726,0.20990009605884552,0.25446727871894836,0.17612798511981964,0.12908059358596802,2,0.22972410917282104,0.21285109221935272,0.2556205987930298,0.17335233092308044,0.128451868891716
3250,image_2992,D:\DataAI\AIEx\newdataset\yolo_f\images\train\Image_2992.jpg,0,2,2,0.18357865512371063,0.12437227368354797,0.25473907589912415,0.21874894201755524,0.21856102347373962,2,0.14411775767803192,0.08297461271286011,0.31325477361679077,0.22191530466079712,0.23773755133152008,2,0.1483888030052185,0.084152452647686,0.30734288692474365,0.22151410579681396,0.2386016994714737
3252,image_2994,D:\DataAI\AIEx\newdataset\yolo_f\images\train\Image_2994.jpg,0,2,3,0.18559910356998444,0.12545128166675568,0.23162585496902466,0.2350786328315735,0.22224508225917816,2,0.14804629981517792,0.09180748462677002,0.3051622807979584,0.2145208865404129,0.24046309292316437,2,0.14993707835674286,0.09583473205566406,0.2985985577106476,0.2154187709093094,0.2402108907699585
3265,image_3007,D:\DataAI\AIEx\newdataset\yolo_f\images\train\Image_3007.jpg,0,1,1,0.16518498957157135,0.31562766432762146,0.2088179737329483,0.1444658488035202,0.1659034937620163,1,0.19217261672019958,0.3193270266056061,0.24965254962444305,0.10340143740177155,0.13544638454914093,1,0.19262851774692535,0.32708364725112915,0.24423280358314514,0.10149658471345901,0.13455849885940552
3271,image_3013,D:\DataAI\AIEx\newdataset\yolo_f\images\train\Image_3013.jpg,0,1,1,0.1659117341041565,0.32877472043037415,0.1752334088087082,0.15703904628753662,0.17304107546806335,1,0.1851285994052887,0.3504648208618164,0.18325933814048767,0.1212804839015007,0.1598668247461319,1,0.1836559921503067,0.3546617925167084,0.1844630390405655,0.11828760802745819,0.15893156826496124
3273,image_3016,D:\DataAI\AIEx\newdataset\yolo_f\images\train\Image_3016.jpg,0,2,2,0.1548261195421219,0.24239282310009003,0.27977338433265686,0.17484478652477264,0.14816288650035858,2,0.14629115164279938,0.20424512028694153,0.3893822431564331,0.14270801842212677,0.11737346649169922,2,0.14552047848701477,0.20728470385074615,0.38982588052749634,0.13893723487854004,0.11843166500329971
3275,image_3018,D:\DataAI\AIEx\newdataset\yolo_f\images\train\Image_3018.jpg,0,2,2,0.15418925881385803,0.14063315093517303,0.35441890358924866,0.19355924427509308,0.157199427485466,2,0.10665898025035858,0.08916488289833069,0.4916558265686035,0.1807759702205658,0.131744384765625,2,0.10696016997098923,0.09032823890447617,0.492559015750885,0.17705170810222626,0.13310085237026215
3282,image_3028,D:\DataAI\AIEx\newdataset\yolo_f\images\train\Image_3028.jpg,0,2,2,0.16740956902503967,0.159235879778862,0.3484838306903839,0.13213960826396942,0.19273114204406738,2,0.13180384039878845,0.08635416626930237,0.5626453757286072,0.09534072130918503,0.12385598570108414,2,0.13395434617996216,0.08731183409690857,0.5552977919578552,0.09550315141677856,0.1279328614473343
3284,image_303,D:\DataAI\AIEx\newdataset\yolo_f\images\train\Image_303.jpg,0,2,1,0.1807955801486969,0.3430674374103546,0.17364145815372467,0.13867996633052826,0.16381557285785675,1,0.29274147748947144,0.3177309036254883,0.12999315559864044,0.10067020356655121,0.15886427462100983,1,0.3030107021331787,0.31254953145980835,0.13068266212940216,0.09988286346197128,0.15387430787086487
3285,image_3030,D:\DataAI\AIEx\newdataset\yolo_f\images\train\Image_3030.jpg,0,2,2,0.169178768992424,0.11408361047506332,0.3837243914604187,0.14422538876533508,0.18878787755966187,2,0.10693755745887756,0.05526973307132721,0.6107228994369507,0.10814552754163742,0.11892429739236832,2,0.11085789650678635,0.05546783283352852,0.6043890118598938,0.10824883729219437,0.12103646248579025
3293,image_304,D:\DataAI\AIEx\newdataset\yolo_f\images\train\Image_304.jpg,0,0,1,0.18801362812519073,0.32214340567588806,0.17784908413887024,0.1347769945859909,0.17721690237522125,0,0.35527724027633667,0.2567656636238098,0.12447865307331085,0.09589125961065292,0.16758722066879272,0,0.37387576699256897,0.24495065212249756,0.12479721754789352,0.09534324705600739,0.16103315353393555
3294,image_3040,D:\DataAI\AIEx\newdataset\yolo_f\images\train\Image_3040.jpg,0,1,1,0.18387895822525024,0.32115986943244934,0.17512622475624084,0.14053769409656525,0.17929725348949432,1,0.21636204421520233,0.35339590907096863,0.14686670899391174,0.09471586346626282,0.1886594444513321,1,0.21597442030906677,0.35585108399391174,0.14809222519397736,0.0950130745768547,0.18506920337677002
3303,image_3052,D:\DataAI\AIEx\newdataset\yolo_f\images\train\Image_3052.jpg,0,0,0,0.3234178125858307,0.1565292775630951,0.15372589230537415,0.17596684396266937,0.1903601437807083,0,0.49862027168273926,0.12674452364444733,0.09919258207082748,0.10758557170629501,0.1678570806980133,0,0.5035375952720642,0.12291315197944641,0.10095319896936417,0.10780250281095505,0.16479364037513733
3306,image_3055,D:\DataAI\AIEx\newdataset\yolo_f\images\train\Image_3055.jpg,0,0,0,0.2883967459201813,0.181602343916893,0.17884744703769684,0.17823299765586853,0.17292051017284393,0,0.42778459191322327,0.15744058787822723,0.1350187361240387,0.11489740759134293,0.1648586541414261,0,0.4201984703540802,0.16401073336601257,0.13781088590621948,0.11624523252248764,0.1617346554994583
3315,image_3065,D:\DataAI\AIEx\newdataset\yolo_f\images\train\Image_3065.jpg,0,0,0,0.3027166724205017,0.18017269670963287,0.16699522733688354,0.18597528338432312,0.16414010524749756,0,0.5084482431411743,0.14622440934181213,0.11051944643259048,0.12218068540096283,0.11262724548578262,0,0.5074867606163025,0.14722253382205963,0.11290080100297928,0.12156204134225845,0.11082790791988373
3318,image_3069,D:\DataAI\AIEx\newdataset\yolo_f\images\train\Image_3069.jpg,0,0,0,0.3110400438308716,0.19526952505111694,0.1761300414800644,0.1593654453754425,0.15819494426250458,0,0.5632804036140442,0.14058180153369904,0.1012316420674324,0.09316713362932205,0.10173899680376053,0,0.567523181438446,0.14036056399345398,0.100319504737854,0.09236127883195877,0.09943549335002899
3329,image_3081,D:\DataAI\AIEx\newdataset\yolo_f\images\train\Image_3081.jpg,0,0,0,0.35220348834991455,0.1498355120420456,0.1594788283109665,0.18283937871456146,0.15564276278018951,0,0.5220171809196472,0.1315518021583557,0.12042197585105896,0.11443334817886353,0.11157578229904175,0,0.5287368297576904,0.127791628241539,0.1196548119187355,0.115860216319561,0.10795649886131287
3330,image_3082,D:\DataAI\AIEx\newdataset\yolo_f\images\train\Image_3082.jpg,0,0,0,0.34781622886657715,0.1621391773223877,0.15763331949710846,0.1776198446750641,0.15479137003421783,0,0.5148536562919617,0.14574484527111053,0.11643123626708984,0.1151181012392044,0.10785224288702011,0,0.5180490016937256,0.14462554454803467,0.11665178835391998,0.11526982486248016,0.1054038405418396
3332,image_3085,D:\DataAI\AIEx\newdataset\yolo_f\images\train\Image_3085.jpg,0,0,0,0.33490458130836487,0.18433229625225067,0.1441817730665207,0.18313774466514587,0.1534436047077179,0,0.4667978882789612,0.16571775078773499,0.1266137957572937,0.12373369187116623,0.11713690310716629,0,0.4692167341709137,0.16521160304546356,0.1246151402592659,0.12417405098676682,0.116782546043396
3342,image_3095,D:\DataAI\AIEx\newdataset\yolo_f\images\train\Image_3095.jpg,0,0,2,0.21646428108215332,0.19695845246315002,0.24921923875808716,0.17784225940704346,0.15951573848724365,2,0.21340125799179077,0.1656382977962494,0.32377737760543823,0.1538192182779312,0.1433638632297516,2,0.21684744954109192,0.16916969418525696,0.32196155190467834,0.14886915683746338,0.14315205812454224
3344,image_3097,D:\DataAI\AIEx\newdataset\yolo_f\images\train\Image_3097.jpg,0,2,2,0.19723370671272278,0.17937631905078888,0.2534533739089966,0.18712148070335388,0.1828150898218155,2,0.20418396592140198,0.13779813051223755,0.3176802098751068,0.15772390365600586,0.18261373043060303,2,0.2037516087293625,0.14154759049415588,0.31469810009002686,0.15375563502311707,0.1862470507621765
3352,image_3107,D:\DataAI\AIEx\newdataset\yolo_f\images\train\Image_3107.jpg,0,2,2,0.20870088040828705,0.19206148386001587,0.24408408999443054,0.18028122186660767,0.17487230896949768,0,0.25269830226898193,0.1881379932165146,0.23241668939590454,0.1406831592321396,0.18606384098529816,0,0.251491904258728,0.19508442282676697,0.23137328028678894,0.13844986259937286,0.18360057473182678
3354,image_3109,D:\DataAI\AIEx\newdataset\yolo_f\images\train\Image_3109.jpg,0,0,2,0.1919114589691162,0.1761646717786789,0.26197922229766846,0.1825084388256073,0.18743619322776794,2,0.2033575475215912,0.14997610449790955,0.31420958042144775,0.14955724775791168,0.18289950489997864,2,0.20904406905174255,0.1539488434791565,0.30800166726112366,0.14754916727542877,0.18145619332790375
3363,image_3118,D:\DataAI\AIEx\newdataset\yolo_f\images\train\Image_3118.jpg,0,0,0,0.3021167814731598,0.13947370648384094,0.17695212364196777,0.18577508628368378,0.1956823170185089,0,0.36964887380599976,0.12949329614639282,0.16851739585399628,0.11961700767278671,0.21272338926792145,0,0.3718644678592682,0.12905102968215942,0.16888999938964844,0.12134712189435959,0.2088472992181778
3364,image_312,D:\DataAI\AIEx\newdataset\yolo_f\images\train\Image_312.jpg,0,0,1,0.1924072653055191,0.28887784481048584,0.1791936457157135,0.16134527325630188,0.17817601561546326,1,0.31828171014785767,0.3262956440448761,0.12779128551483154,0.10171367228031158,0.12591765820980072,1,0.32008522748947144,0.32742446660995483,0.12735015153884888,0.10163331776857376,0.1235068216919899
3372,image_3128,D:\DataAI\AIEx\newdataset\yolo_f\images\train\Image_3128.jpg,0,0,1,0.23415876924991608,0.26823461055755615,0.1574867069721222,0.17326712608337402,0.16685281693935394,0,0.3471378982067108,0.28548094630241394,0.120066337287426,0.11994288116693497,0.1273718923330307,0,0.3401716351509094,0.29313212633132935,0.12232179194688797,0.11927217245101929,0.12510226666927338
3376,image_3131,D:\DataAI\AIEx\newdataset\yolo_f\images\train\Image_3131.jpg,0,0,0,0.25519511103630066,0.23017992079257965,0.1643579602241516,0.17261449992656708,0.1776524782180786,0,0.3513236343860626,0.24910058081150055,0.13252972066402435,0.11628631502389908,0.1507597267627716,0,0.3490240275859833,0.25254106521606445,0.1351555734872818,0.11616521328687668,0.147114098072052
3380,image_3139,D:\DataAI\AIEx\newdataset\yolo_f\images\train\Image_3139.jpg,0,0,0,0.3202126920223236,0.15895436704158783,0.17981183528900146,0.17133668065071106,0.16968438029289246,0,0.4975443184375763,0.13336274027824402,0.1174037978053093,0.1142907440662384,0.13739833235740662,0,0.49662071466445923,0.13385172188282013,0.11904300004243851,0.1140797808766365,0.1364048570394516
3384,image_3142,D:\DataAI\AIEx\newdataset\yolo_f\images\train\Image_3142.jpg,0,0,0,0.38065311312675476,0.1357956975698471,0.16419275104999542,0.18851277232170105,0.1308455765247345,0,0.5985310077667236,0.12027747184038162,0.10341918468475342,0.1005479022860527,0.07722447067499161,0,0.5999354124069214,0.11963577568531036,0.10319117456674576,0.10101757943630219,0.07622004300355911
3389,image_3147,D:\DataAI\AIEx\newdataset\yolo_f\images\train\Image_3147.jpg,0,0,0,0.32676130533218384,0.14393708109855652,0.14429539442062378,0.19948962330818176,0.18551652133464813,0,0.5423200726509094,0.11269253492355347,0.09338326007127762,0.13280539214611053,0.11879876255989075,0,0.5439343452453613,0.11150647699832916,0.09413318336009979,0.13272522389888763,0.1177007406949997
3393,image_3150,D:\DataAI\AIEx\newdataset\yolo_f\images\train\Image_3150.jpg,0,0,0,0.3351612091064453,0.17154230177402496,0.17656248807907104,0.18330492079257965,0.13342908024787903,0,0.546922504901886,0.1629824936389923,0.10749208927154541,0.10122241824865341,0.08138049393892288,0,0.5504351258277893,0.160695880651474,0.10714022070169449,0.10131047666072845,0.08041830360889435
3398,image_3155,D:\DataAI\AIEx\newdataset\yolo_f\images\train\Image_3155.jpg,0,0,0,0.30656155943870544,0.12312546372413635,0.1843482255935669,0.16578835248947144,0.22017638385295868,0,0.41517776250839233,0.14475958049297333,0.11549589782953262,0.10058791935443878,0.22397878766059875,0,0.41669148206710815,0.14453350007534027,0.11772670596837997,0.10148512572050095,0.21956318616867065
3400,image_3159,D:\DataAI\AIEx\newdataset\yolo_f\images\train\Image_3159.jpg,0,0,0,0.32543009519577026,0.18337668478488922,0.13448083400726318,0.1810169816017151,0.17569540441036224,0,0.5331393480300903,0.15140479803085327,0.08373326063156128,0.11497720330953598,0.11674538254737854,0,0.5422762632369995,0.1478886902332306,0.0838908925652504,0.11562369763851166,0.11032046377658844
3413,image_3178,D:\DataAI\AIEx\newdataset\yolo_f\images\train\Image_3178.jpg,0,0,2,0.23803310096263885,0.19130976498126984,0.25430864095687866,0.15461617708206177,0.16173233091831207,2,0.26586514711380005,0.18540899455547333,0.30750808119773865,0.12121584266424179,0.12000197172164917,2,0.26779231429100037,0.18783549964427948,0.3048393726348877,0.11905957013368607,0.12047327309846878
3417,image_3183,D:\DataAI\AIEx\newdataset\yolo_f\images\train\Image_3183.jpg,0,0,0,0.23856960237026215,0.2366507351398468,0.18229106068611145,0.16727423667907715,0.17521438002586365,0,0.37847238779067993,0.20837311446666718,0.14169836044311523,0.13033580780029297,0.14112035930156708,0,0.38210737705230713,0.20719210803508759,0.1433611959218979,0.12902002036571503,0.13831932842731476
3420,image_3190,D:\DataAI\AIEx\newdataset\yolo_f\images\train\Image_3190.jpg,0,2,2,0.16350260376930237,0.16433003544807434,0.2832089960575104,0.20375597476959229,0.18520240485668182,2,0.1225549578666687,0.091005340218544,0.44578105211257935,0.1955733299255371,0.14508534967899323,2,0.1249360665678978,0.09217922389507294,0.4370138645172119,0.19810731709003448,0.14776352047920227
3427,image_32,D:\DataAI\AIEx\newdataset\yolo_f\images\train\Image_32.jpg,0,0,1,0.22684189677238464,0.25153231620788574,0.15424397587776184,0.17234037816524506,0.19504143297672272,0,0.3600217401981354,0.20930922031402588,0.10471053421497345,0.13952769339084625,0.18643081188201904,0,0.36351144313812256,0.20798805356025696,0.10806887596845627,0.13829661905765533,0.18213509023189545
3432,image_3208,D:\DataAI\AIEx\newdataset\yolo_f\images\train\Image_3208.jpg,0,2,2,0.15574383735656738,0.14192207157611847,0.3482005000114441,0.1629287153482437,0.19120487570762634,2,0.08872242271900177,0.07009461522102356,0.5610443353652954,0.16248491406440735,0.1176537275314331,2,0.0907391607761383,0.07031770050525665,0.5528877377510071,0.1634993553161621,0.12255603075027466
3439,image_3218,D:\DataAI\AIEx\newdataset\yolo_f\images\train\Image_3218.jpg,0,2,2,0.15571196377277374,0.19639138877391815,0.28529638051986694,0.16304555535316467,0.19955478608608246,2,0.09963500499725342,0.08598192781209946,0.5271856784820557,0.15292802453041077,0.1342693567276001,2,0.09983855485916138,0.08816734701395035,0.5195340514183044,0.15397121012210846,0.13848885893821716
3442,image_3220,D:\DataAI\AIEx\newdataset\yolo_f\images\train\Image_3220.jpg,0,2,2,0.15189354121685028,0.20203512907028198,0.3081097900867462,0.1542845219373703,0.18367701768875122,2,0.08887268602848053,0.0875115767121315,0.5749603509902954,0.13694244623184204,0.1117129921913147,2,0.08993642777204514,0.09076147526502609,0.5665537118911743,0.13831044733524323,0.11443794518709183
3443,image_3220,D:\DataAI\AIEx\newdataset\yolo_f\images\train\Image_3220.jpg,0,2,2,0.15247464179992676,0.1244569793343544,0.3833100199699402,0.15816451609134674,0.1815938651561737,2,0.10621686279773712,0.06739555299282074,0.511929988861084,0.18553891777992249,0.12891866266727448,2,0.10884484648704529,0.06926672905683517,0.5025890469551086,0.18751288950443268,0.1317865550518036
3452,image_3231,D:\DataAI\AIEx\newdataset\yolo_f\images\train\Image_3231.jpg,0,2,2,0.158677875995636,0.1571059674024582,0.3569439947605133,0.16420947015285492,0.1630626916885376,2,0.08231793344020844,0.06207337602972984,0.6189137101173401,0.14044634997844696,0.096248559653759,2,0.08589743077754974,0.06328796595335007,0.6127846837043762,0.13824044167995453,0.09978944808244705
3453,image_3233,D:\DataAI\AIEx\newdataset\yolo_f\images\train\Image_3233.jpg,0,2,2,0.1651587039232254,0.18275019526481628,0.31925567984580994,0.17596548795700073,0.15686987340450287,2,0.10520967841148376,0.08884211629629135,0.5557858347892761,0.1612403243780136,0.08892203122377396,2,0.10661128163337708,0.09067244827747345,0.5515455007553101,0.15887896716594696,0.09229179471731186
3458,image_324,D:\DataAI\AIEx\newdataset\yolo_f\images\train\Image_324.jpg,0,0,0,0.3357475996017456,0.12985514104366302,0.1725553721189499,0.18112914264202118,0.1807127296924591,0,0.5600268244743347,0.08518031984567642,0.10539162904024124,0.11889804899692535,0.13050314784049988,0,0.5694376826286316,0.0839037075638771,0.10410337895154953,0.1158730536699295,0.12668220698833466
3466,image_3250,D:\DataAI\AIEx\newdataset\yolo_f\images\train\Image_3250.jpg,0,2,2,0.14944644272327423,0.12801934778690338,0.38070249557495117,0.15134476125240326,0.19048698246479034,2,0.0741623044013977,0.05489328131079674,0.6301875114440918,0.140353262424469,0.10040365159511566,2,0.07637608051300049,0.05555467680096626,0.6241047382354736,0.1391143500804901,0.10485013574361801
3474,image_3261,D:\DataAI\AIEx\newdataset\yolo_f\images\train\Image_3261.jpg,0,2,2,0.17508654296398163,0.15638884902000427,0.28762099146842957,0.20230577886104584,0.1785978525876999,2,0.09147465974092484,0.06571934372186661,0.4244072437286377,0.29119575023651123,0.12720295786857605,2,0.09186075627803802,0.06974445283412933,0.4221286177635193,0.28298819065093994,0.133278027176857
3477,image_3264,D:\DataAI\AIEx\newdataset\yolo_f\images\train\Image_3264.jpg,0,2,2,0.16320787370204926,0.13570918142795563,0.3452509641647339,0.1668831706047058,0.1889488250017166,2,0.0789785087108612,0.05604619160294533,0.5979090332984924,0.1630038619041443,0.10406239330768585,2,0.08132800459861755,0.058197133243083954,0.5889562368392944,0.1617736518383026,0.10974500328302383
3480,image_3269,D:\DataAI\AIEx\newdataset\yolo_f\images\train\Image_3269.jpg,0,2,2,0.18305741250514984,0.14841340482234955,0.2660004496574402,0.22209933400154114,0.18042944371700287,2,0.09995215386152267,0.059496041387319565,0.41040199995040894,0.318101704120636,0.11204810440540314,2,0.10169278085231781,0.06199019402265549,0.4024009108543396,0.31732285022735596,0.11659327149391174
3491,image_3280,D:\DataAI\AIEx\newdataset\yolo_f\images\train\Image_3280.jpg,0,2,2,0.14958932995796204,0.1424696147441864,0.29827040433883667,0.2094559371471405,0.20021475851535797,3,0.07750619202852249,0.05862743780016899,0.34236523509025574,0.36631739139556885,0.1551837921142578,3,0.07910475879907608,0.06140374019742012,0.3445338010787964,0.3545930087566376,0.16036468744277954
3493,image_3283,D:\DataAI\AIEx\newdataset\yolo_f\images\train\Image_3283.jpg,0,2,2,0.15646538138389587,0.1534155160188675,0.2813793122768402,0.2183925062417984,0.19034729897975922,3,0.08096259087324142,0.07233094424009323,0.3485606014728546,0.3541523218154907,0.1439935564994812,2,0.08208007365465164,0.07495243847370148,0.3633543848991394,0.3298971652984619,0.14971596002578735
3499,image_3295,D:\DataAI\AIEx\newdataset\yolo_f\images\train\Image_3295.jpg,0,2,2,0.17014670372009277,0.14545084536075592,0.32382217049598694,0.173310324549675,0.1872699111700058,2,0.08637171983718872,0.06213977932929993,0.5606722831726074,0.17901432514190674,0.1118018627166748,2,0.0883820429444313,0.06521151959896088,0.5500761270523071,0.1794748455286026,0.11685549467802048
3505,image_3303,D:\DataAI\AIEx\newdataset\yolo_f\images\train\Image_3303.jpg,0,2,2,0.16301938891410828,0.12431918829679489,0.35029205679893494,0.17761334776878357,0.18475602567195892,2,0.08915489912033081,0.05991791561245918,0.5583716034889221,0.18402835726737976,0.10852724313735962,2,0.09121712297201157,0.06174326315522194,0.5499985218048096,0.18419119715690613,0.11284996569156647
3512,image_3312,D:\DataAI\AIEx\newdataset\yolo_f\images\train\Image_3312.jpg,0,2,2,0.1634567379951477,0.1293802708387375,0.3534144163131714,0.16132378578186035,0.19242480397224426,2,0.08450470864772797,0.06074460968375206,0.5831605195999146,0.1624114066362381,0.10917877405881882,2,0.08721049875020981,0.06295813620090485,0.5739438533782959,0.16164065897464752,0.11424680799245834
3515,image_3315,D:\DataAI\AIEx\newdataset\yolo_f\images\train\Image_3315.jpg,0,2,2,0.1646050214767456,0.16353054344654083,0.31460073590278625,0.17741170525550842,0.1798519343137741,2,0.09510974586009979,0.06612620502710342,0.5159770250320435,0.2131054848432541,0.10968155413866043,2,0.09747978299856186,0.06814327836036682,0.5055380463600159,0.2137293964624405,0.11510945856571198
3517,image_3318,D:\DataAI\AIEx\newdataset\yolo_f\images\train\Image_3318.jpg,0,2,2,0.16392363607883453,0.13975778222084045,0.34913820028305054,0.15951521694660187,0.1876652091741562,2,0.079582579433918,0.05450417473912239,0.5894842743873596,0.15955990552902222,0.1168690100312233,2,0.08249089121818542,0.05711209401488304,0.5798887014389038,0.15797196328639984,0.12253634631633759
3523,image_3327,D:\DataAI\AIEx\newdataset\yolo_f\images\train\Image_3327.jpg,0,2,2,0.15320050716400146,0.15709657967090607,0.29232731461524963,0.21781755983829498,0.17955809831619263,2,0.10307732969522476,0.09707754105329514,0.42574062943458557,0.22745603322982788,0.14664840698242188,2,0.10474707186222076,0.10072129964828491,0.42153215408325195,0.22538504004478455,0.14761437475681305
3533,image_3343,D:\DataAI\AIEx\newdataset\yolo_f\images\train\Image_3343.jpg,0,2,2,0.17149695754051208,0.14035621285438538,0.3273285925388336,0.17897354066371918,0.18184471130371094,2,0.09229642897844315,0.06520134210586548,0.4856988191604614,0.2301565557718277,0.12664684653282166,2,0.09690626710653305,0.06686840206384659,0.47527411580085754,0.23090413212776184,0.1300470381975174
3534,image_3343,D:\DataAI\AIEx\newdataset\yolo_f\images\train\Image_3343.jpg,0,2,2,0.17418357729911804,0.20348584651947021,0.25299546122550964,0.16971805691719055,0.19961708784103394,2,0.14015430212020874,0.12077305465936661,0.35611867904663086,0.2426336109638214,0.1403203159570694,2,0.14209148287773132,0.1236296147108078,0.3496231138706207,0.23854383826255798,0.14611190557479858
3535,image_3343,D:\DataAI\AIEx\newdataset\yolo_f\images\train\Image_3343.jpg,0,2,2,0.18873362243175507,0.17907015979290009,0.26024478673934937,0.18846780061721802,0.18348369002342224,2,0.12851208448410034,0.09636199474334717,0.4273272752761841,0.21272461116313934,0.13507406413555145,2,0.12897643446922302,0.09719651937484741,0.4242531359195709,0.21206794679164886,0.13750599324703217
3536,image_3343,D:\DataAI\AIEx\newdataset\yolo_f\images\train\Image_3343.jpg,0,2,2,0.1827385276556015,0.1446334570646286,0.30564695596694946,0.17885993421077728,0.18812112510204315,2,0.1222364529967308,0.08211391419172287,0.42847874760627747,0.22286714613437653,0.14430366456508636,2,0.124436154961586,0.08007489889860153,0.42939090728759766,0.22043347358703613,0.1456645429134369
3537,image_3343,D:\DataAI\AIEx\newdataset\yolo_f\images\train\Image_3343.jpg,0,2,2,0.16143584251403809,0.14854374527931213,0.30542951822280884,0.1949368268251419,0.18965409696102142,2,0.10717810690402985,0.07756871730089188,0.41867679357528687,0.26676830649375916,0.12980817258358002,2,0.10889307409524918,0.07724756002426147,0.4158725142478943,0.26457950472831726,0.13340727984905243
3538,image_3343,D:\DataAI\AIEx\newdataset\yolo_f\images\train\Image_3343.jpg,0,2,2,0.1617460995912552,0.1568976491689682,0.3035242557525635,0.1920502781867981,0.18578170239925385,2,0.09529557824134827,0.07999398559331894,0.41546201705932617,0.2777189016342163,0.1315295249223709,2,0.09725437313318253,0.08058144152164459,0.40763139724731445,0.27912637591362,0.13540641963481903
3541,image_3349,D:\DataAI\AIEx\newdataset\yolo_f\images\train\Image_3349.jpg,0,2,2,0.1788153052330017,0.1239934042096138,0.3252769410610199,0.17620056867599487,0.1957138031721115,2,0.10721056908369064,0.06990676373243332,0.4782618582248688,0.19257384538650513,0.15204690396785736,2,0.11063721776008606,0.06923132389783859,0.48095160722732544,0.1871674358844757,0.15201236307621002
3542,image_3349,D:\DataAI\AIEx\newdataset\yolo_f\images\train\Image_3349.jpg,0,2,2,0.1935717910528183,0.15911361575126648,0.32208576798439026,0.15573477745056152,0.16949398815631866,2,0.15505842864513397,0.07645341008901596,0.526111900806427,0.1359635293483734,0.10641279071569443,2,0.15662053227424622,0.07901772856712341,0.5200530886650085,0.13545091450214386,0.10885771363973618
3550,image_3354,D:\DataAI\AIEx\newdataset\yolo_f\images\train\Image_3354.jpg,0,2,2,0.17750218510627747,0.1613399237394333,0.24239873886108398,0.21637409925460815,0.20238512754440308,2,0.11427479982376099,0.08674108237028122,0.34589123725891113,0.2975473701953888,0.15554551780223846,2,0.11736833304166794,0.08785375952720642,0.3460500240325928,0.2892758548259735,0.15945197641849518
3551,image_3354,D:\DataAI\AIEx\newdataset\yolo_f\images\train\Image_3354.jpg,0,2,2,0.1652967780828476,0.13676922023296356,0.32791203260421753,0.18658357858657837,0.18343837559223175,2,0.08621767908334732,0.052239660173654556,0.547474205493927,0.17760975658893585,0.13645873963832855,2,0.08930578082799911,0.053507525473833084,0.5392932891845703,0.17992323637008667,0.13797013461589813
3556,image_3365,D:\DataAI\AIEx\newdataset\yolo_f\images\train\Image_3365.jpg,0,2,2,0.1807040572166443,0.11364571750164032,0.34761735796928406,0.15703962743282318,0.20099321007728577,2,0.11360342055559158,0.05916112661361694,0.5586510300636292,0.14303644001483917,0.12554799020290375,2,0.11773335188627243,0.061660636216402054,0.546973466873169,0.1425885111093521,0.13104407489299774
3571,image_337,D:\DataAI\AIEx\newdataset\yolo_f\images\train\Image_337.jpg,0,0,1,0.2423536777496338,0.24423100054264069,0.17875467240810394,0.15060605108737946,0.18405455350875854,0,0.4621860384941101,0.1784350872039795,0.1216515451669693,0.10545920580625534,0.13226814568042755,0,0.46776050329208374,0.17830374836921692,0.12105036526918411,0.10367407649755478,0.12921132147312164
3575,image_3374,D:\DataAI\AIEx\newdataset\yolo_f\images\train\Image_3374.jpg,0,2,2,0.16373373568058014,0.20087170600891113,0.24276500940322876,0.2156037986278534,0.17702575027942657,2,0.08779191225767136,0.09371073544025421,0.3426167666912079,0.29005858302116394,0.18582195043563843,2,0.09065304696559906,0.09475968778133392,0.340550035238266,0.28471845388412476,0.18931877613067627
3576,image_3374,D:\DataAI\AIEx\newdataset\yolo_f\images\train\Image_3374.jpg,0,0,1,0.22648932039737701,0.2767902612686157,0.17076149582862854,0.14749492704868317,0.17846398055553436,2,0.23201623558998108,0.22601228952407837,0.25664225220680237,0.12029582262039185,0.16503341495990753,2,0.23304900527000427,0.2268078625202179,0.25398173928260803,0.11986856907606125,0.16629286110401154
3577,image_3374,D:\DataAI\AIEx\newdataset\yolo_f\images\train\Image_3374.jpg,0,2,2,0.17437677085399628,0.11781688034534454,0.29123786091804504,0.21440353989601135,0.2021649181842804,2,0.10159850865602493,0.05645543336868286,0.3582374155521393,0.3549964725971222,0.12871217727661133,2,0.10257618129253387,0.05783906206488609,0.3793906569480896,0.3264543414115906,0.13373970985412598
3578,image_3374,D:\DataAI\AIEx\newdataset\yolo_f\images\train\Image_3374.jpg,0,2,2,0.1850159466266632,0.1196996346116066,0.3173617124557495,0.19674809277057648,0.1811746060848236,2,0.11259743571281433,0.05377441644668579,0.4399905502796173,0.2620410621166229,0.13159647583961487,2,0.11152476817369461,0.05694926530122757,0.4526071846485138,0.24267037212848663,0.1362484097480774
3579,image_3374,D:\DataAI\AIEx\newdataset\yolo_f\images\train\Image_3374.jpg,0,2,2,0.17941612005233765,0.10516121238470078,0.3249208331108093,0.1846654713153839,0.20583635568618774,2,0.10895667970180511,0.050370313227176666,0.5071563720703125,0.1779785007238388,0.15553809702396393,2,0.11022751778364182,0.05170010030269623,0.5064198970794678,0.1739976853132248,0.15765480697155
3589,image_3390,D:\DataAI\AIEx\newdataset\yolo_f\images\train\Image_3390.jpg,0,2,3,0.17822545766830444,0.18546918034553528,0.19745488464832306,0.2332598865032196,0.20559056103229523,3,0.09499002993106842,0.08940328657627106,0.2710641622543335,0.356673002243042,0.18786951899528503,3,0.09900577366352081,0.09200650453567505,0.2711200416088104,0.34838634729385376,0.18948142230510712
3590,image_3390,D:\DataAI\AIEx\newdataset\yolo_f\images\train\Image_3390.jpg,0,2,2,0.16135738790035248,0.1561511754989624,0.3009878695011139,0.17548900842666626,0.20601452887058258,2,0.09264886379241943,0.09086447954177856,0.43409067392349243,0.18549658358097076,0.1968993991613388,2,0.09447866678237915,0.0916091799736023,0.4359939992427826,0.1800467073917389,0.19787143170833588
3591,image_3390,D:\DataAI\AIEx\newdataset\yolo_f\images\train\Image_3390.jpg,0,2,2,0.17734551429748535,0.16926641762256622,0.2831834554672241,0.19626443088054657,0.17394019663333893,2,0.10390670597553253,0.08940564095973969,0.4033207893371582,0.2449391484260559,0.15842776000499725,2,0.10600821673870087,0.09198256582021713,0.4118427038192749,0.23134028911590576,0.15882626175880432
3592,image_3390,D:\DataAI\AIEx\newdataset\yolo_f\images\train\Image_3390.jpg,0,2,2,0.19453758001327515,0.14905202388763428,0.3042731285095215,0.1713460087776184,0.18079133331775665,2,0.12680299580097198,0.07412506639957428,0.46067413687705994,0.19067859649658203,0.14771915972232819,2,0.12969018518924713,0.07427264004945755,0.4558038115501404,0.18946194648742676,0.15077149868011475
3593,image_3390,D:\DataAI\AIEx\newdataset\yolo_f\images\train\Image_3390.jpg,0,2,1,0.13581858575344086,0.3131987154483795,0.22834058105945587,0.15790951251983643,0.16473263502120972,1,0.14169467985630035,0.30043771862983704,0.2995636761188507,0.1352672129869461,0.1230366975069046,1,0.1418604701757431,0.3078278601169586,0.2950223982334137,0.1334550827741623,0.1218341737985611
3594,image_3390,D:\DataAI\AIEx\newdataset\yolo_f\images\train\Image_3390.jpg,0,3,3,0.188056081533432,0.1630084216594696,0.2305273562669754,0.24046555161476135,0.17794254422187805,3,0.11107845604419708,0.0852307602763176,0.3284357488155365,0.3314434885978699,0.14381153881549835,2,0.11363089084625244,0.08929973840713501,0.3371412456035614,0.31053900718688965,0.1493891328573227
3595,image_3390,D:\DataAI\AIEx\newdataset\yolo_f\images\train\Image_3390.jpg,0,3,3,0.1655614674091339,0.18510471284389496,0.18563348054885864,0.27844735980033875,0.18525300920009613,3,0.09172125160694122,0.11505985260009766,0.19170837104320526,0.41636717319488525,0.1851433962583542,3,0.09514924138784409,0.11758124828338623,0.1985151171684265,0.4041091799736023,0.18464523553848267
3621,image_3405,D:\DataAI\AIEx\newdataset\yolo_f\images\train\Image_3405.jpg,0,3,2,0.17221766710281372,0.12004386633634567,0.32953715324401855,0.18839427828788757,0.18980702757835388,2,0.09248034656047821,0.05686580762267113,0.5310838222503662,0.1933722198009491,0.12619778513908386,2,0.09374278038740158,0.05796321853995323,0.5317843556404114,0.18722519278526306,0.12928436696529388
3622,image_3405,D:\DataAI\AIEx\newdataset\yolo_f\images\train\Image_3405.jpg,0,3,2,0.16450609266757965,0.18815705180168152,0.24997299909591675,0.2208021879196167,0.17656171321868896,2,0.09593618661165237,0.09408538788557053,0.35341066122055054,0.30223748087882996,0.15433034300804138,2,0.09748965501785278,0.09762267768383026,0.3618515133857727,0.2866148054599762,0.15642137825489044
3623,image_3405,D:\DataAI\AIEx\newdataset\yolo_f\images\train\Image_3405.jpg,0,3,3,0.1591450273990631,0.20355886220932007,0.20771600306034088,0.25578737258911133,0.1737927347421646,2,0.10894443839788437,0.11879163235425949,0.3429981768131256,0.2940058708190918,0.13525992631912231,2,0.10917966067790985,0.12157358974218369,0.34201139211654663,0.2867647707462311,0.14047057926654816
3626,image_3412,D:\DataAI\AIEx\newdataset\yolo_f\images\train\Image_3412.jpg,0,2,2,0.1523042768239975,0.19774484634399414,0.25940626859664917,0.20276780426502228,0.18777678906917572,2,0.09965876489877701,0.10426507890224457,0.41903483867645264,0.23305831849575043,0.14398305118083954,2,0.10085492581129074,0.10519582778215408,0.4195653796195984,0.22955699265003204,0.14482685923576355
3636,image_3423,D:\DataAI\AIEx\newdataset\yolo_f\images\train\Image_3423.jpg,0,1,1,0.20889422297477722,0.3152806758880615,0.1615981012582779,0.14438839256763458,0.16983859241008759,1,0.2262684851884842,0.3342844247817993,0.16051612794399261,0.1354704201221466,0.14346052706241608,1,0.22532816231250763,0.3397119641304016,0.16313163936138153,0.13043853640556335,0.1413896530866623
3642,image_3438,D:\DataAI\AIEx\newdataset\yolo_f\images\train\Image_3438.jpg,0,2,2,0.18386417627334595,0.2093518227338791,0.2736116945743561,0.15338778495788574,0.17978447675704956,2,0.18731969594955444,0.2194644659757614,0.32728466391563416,0.14190658926963806,0.12402457743883133,2,0.18847692012786865,0.22130081057548523,0.3241390883922577,0.14079536497592926,0.12528784573078156
3648,image_3451,D:\DataAI\AIEx\newdataset\yolo_f\images\train\Image_3451.jpg,0,2,2,0.15208987891674042,0.19584326446056366,0.2582351863384247,0.1932474821805954,0.20058414340019226,2,0.12746542692184448,0.139056995511055,0.3653770685195923,0.2198954075574875,0.14820508658885956,2,0.12557297945022583,0.14145688712596893,0.3634217381477356,0.2192937433719635,0.15025468170642853
3653,image_3463,D:\DataAI\AIEx\newdataset\yolo_f\images\train\Image_3463.jpg,0,2,2,0.18509039282798767,0.14313089847564697,0.3342214524745941,0.15749143064022064,0.1800658106803894,2,0.11488722264766693,0.06839632987976074,0.5459287762641907,0.1480790078639984,0.12270864099264145,2,0.11752492934465408,0.06692180037498474,0.544493556022644,0.14587338268756866,0.1251862645149231
3658,image_3470,D:\DataAI\AIEx\newdataset\yolo_f\images\train\Image_3470.jpg,0,2,2,0.18641135096549988,0.15915633738040924,0.29754477739334106,0.167012557387352,0.18987499177455902,2,0.12678509950637817,0.08342212438583374,0.4668397009372711,0.1492834985256195,0.17366957664489746,2,0.12983767688274384,0.08572821319103241,0.4654788672924042,0.1453152447938919,0.17363999783992767
3661,image_3476,D:\DataAI\AIEx\newdataset\yolo_f\images\train\Image_3476.jpg,0,2,2,0.18568633496761322,0.09480419754981995,0.3742579221725464,0.15629373490810394,0.1889578402042389,2,0.13828617334365845,0.056514810770750046,0.5697895288467407,0.1199483722448349,0.11546117812395096,2,0.14148926734924316,0.05810844153165817,0.5612502098083496,0.11962135136127472,0.11953073740005493
3666,image_3483,D:\DataAI\AIEx\newdataset\yolo_f\images\train\Image_3483.jpg,0,2,2,0.20140208303928375,0.16244536638259888,0.2839604914188385,0.17677147686481476,0.17542053759098053,2,0.17216655611991882,0.10496688634157181,0.40808531641960144,0.14959003031253815,0.16519127786159515,2,0.17496371269226074,0.11076746881008148,0.39944595098495483,0.1469060480594635,0.16791684925556183
3669,image_349,D:\DataAI\AIEx\newdataset\yolo_f\images\train\Image_349.jpg,0,2,2,0.17473730444908142,0.16770082712173462,0.2997755706310272,0.19040216505527496,0.1673841029405594,2,0.11421747505664825,0.09888516366481781,0.46587833762168884,0.19092945754528046,0.13008953630924225,2,0.1133907362818718,0.1001974418759346,0.46862348914146423,0.18615227937698364,0.13163600862026215
3674,image_3496,D:\DataAI\AIEx\newdataset\yolo_f\images\train\Image_3496.jpg,0,2,2,0.1921640783548355,0.18666963279247284,0.2673821449279785,0.16421444714069366,0.1895696222782135,2,0.13031162321567535,0.11157060414552689,0.44485709071159363,0.15625396370887756,0.1570066660642624,2,0.13338525593280792,0.11069739609956741,0.44372740387916565,0.1543026566505432,0.15788723528385162
3681,image_3506,D:\DataAI\AIEx\newdataset\yolo_f\images\train\Image_3506.jpg,0,2,2,0.15447372198104858,0.1566280722618103,0.32912468910217285,0.17534199357032776,0.1844315528869629,2,0.12512314319610596,0.08096197992563248,0.4529956579208374,0.21050408482551575,0.13041503727436066,2,0.13043668866157532,0.08479103446006775,0.4451565742492676,0.20732665061950684,0.13228905200958252
3689,image_3515,D:\DataAI\AIEx\newdataset\yolo_f\images\train\Image_3515.jpg,0,2,2,0.18044136464595795,0.21840639412403107,0.24337932467460632,0.164134681224823,0.19363829493522644,1,0.17675147950649261,0.28245308995246887,0.27765461802482605,0.13335973024368286,0.1297810971736908,1,0.17782682180404663,0.28270217776298523,0.2777109146118164,0.13091392815113068,0.13084617257118225
3691,image_3517,D:\DataAI\AIEx\newdataset\yolo_f\images\train\Image_3517.jpg,0,2,2,0.180304616689682,0.1543160080909729,0.3101148307323456,0.15678580105304718,0.19847877323627472,2,0.10998326539993286,0.0632958859205246,0.5352131724357605,0.14332997798919678,0.14817769825458527,2,0.11275055259466171,0.06398557871580124,0.5266574025154114,0.14322026073932648,0.1533862054347992
3696,image_3522,D:\DataAI\AIEx\newdataset\yolo_f\images\train\Image_3522.jpg,0,2,2,0.1644226610660553,0.15043948590755463,0.3235008716583252,0.15457917749881744,0.20705781877040863,2,0.10039513558149338,0.07110799849033356,0.5519366264343262,0.1266079545021057,0.14995230734348297,2,0.10299194604158401,0.07333116233348846,0.541485071182251,0.12732207775115967,0.15486977994441986
3702,image_353,D:\DataAI\AIEx\newdataset\yolo_f\images\train\Image_353.jpg,0,2,2,0.17072026431560516,0.13888795673847198,0.3357175290584564,0.17341101169586182,0.1812632977962494,2,0.10708138346672058,0.08095032721757889,0.5250028371810913,0.1606655716896057,0.1262999325990677,2,0.10784294456243515,0.08036371320486069,0.5281376242637634,0.15655143558979034,0.12710429728031158
3706,image_3539,D:\DataAI\AIEx\newdataset\yolo_f\images\train\Image_3539.jpg,0,2,2,0.18832631409168243,0.2376418262720108,0.24684488773345947,0.18187463283538818,0.1453123390674591,2,0.17190846800804138,0.18606269359588623,0.37499651312828064,0.15641935169696808,0.11061298102140427,2,0.17031827569007874,0.1949557363986969,0.37014901638031006,0.15316657721996307,0.11141041666269302
3713,image_3548,D:\DataAI\AIEx\newdataset\yolo_f\images\train\Image_3548.jpg,0,2,2,0.16872404515743256,0.11007892340421677,0.34824180603027344,0.18946576118469238,0.18348947167396545,2,0.12655821442604065,0.06537958979606628,0.5259530544281006,0.14931240677833557,0.13279670476913452,2,0.1278936266899109,0.06719174981117249,0.5229513645172119,0.14670026302337646,0.13526301085948944
3715,image_355,D:\DataAI\AIEx\newdataset\yolo_f\images\train\Image_355.jpg,0,2,2,0.1485690474510193,0.12729552388191223,0.36566850543022156,0.16477999091148376,0.19368690252304077,2,0.09251636266708374,0.07179737091064453,0.5683008432388306,0.14271308481693268,0.12467236071825027,2,0.09356825053691864,0.07146618515253067,0.5686740875244141,0.14054115116596222,0.1257503628730774
3725,image_3564,D:\DataAI\AIEx\newdataset\yolo_f\images\train\Image_3564.jpg,0,2,2,0.17996299266815186,0.18375566601753235,0.260959267616272,0.1900780200958252,0.18524397909641266,2,0.14773914217948914,0.14712268114089966,0.3445715308189392,0.1631605178117752,0.19740614295005798,2,0.15043817460536957,0.15348325669765472,0.3394016921520233,0.15999829769134521,0.1966785043478012
3727,image_3569,D:\DataAI\AIEx\newdataset\yolo_f\images\train\Image_3569.jpg,0,2,2,0.15042105317115784,0.17744290828704834,0.3037094175815582,0.18360008299350739,0.1848265677690506,2,0.10261190682649612,0.08345562219619751,0.5094242691993713,0.16645491123199463,0.138053297996521,2,0.10700152814388275,0.08408871293067932,0.49663981795310974,0.16984888911247253,0.14242099225521088
3736,image_3584,D:\DataAI\AIEx\newdataset\yolo_f\images\train\Image_3584.jpg,0,2,2,0.1468629688024521,0.1685246378183365,0.32381027936935425,0.16589657962322235,0.19490556418895721,2,0.09663436561822891,0.09582874923944473,0.35456857085227966,0.16220736503601074,0.29076099395751953,2,0.09649575501680374,0.08871258795261383,0.3417668342590332,0.16215863823890686,0.31086620688438416
3738,image_3589,D:\DataAI\AIEx\newdataset\yolo_f\images\train\Image_3589.jpg,0,2,2,0.14730249345302582,0.12274041771888733,0.36521467566490173,0.16994333267211914,0.19479909539222717,2,0.08632351458072662,0.05810876935720444,0.4968011677265167,0.1949048489332199,0.16386175155639648,2,0.09211646765470505,0.057480338960886,0.48807293176651,0.19746814668178558,0.16486211121082306
3739,image_3589,D:\DataAI\AIEx\newdataset\yolo_f\images\train\Image_3589.jpg,0,0,0,0.27565068006515503,0.0952439159154892,0.1861373484134674,0.19300587475299835,0.24996215105056763,4,0.2481745183467865,0.07650148868560791,0.12413906306028366,0.1675586700439453,0.383626252412796,4,0.24386757612228394,0.07927311211824417,0.1313207745552063,0.1663733273744583,0.3791652023792267
3740,image_3589,D:\DataAI\AIEx\newdataset\yolo_f\images\train\Image_3589.jpg,0,0,0,0.28349918127059937,0.16959148645401,0.1811416894197464,0.1727616935968399,0.1930059790611267,0,0.35960349440574646,0.14100433886051178,0.12679827213287354,0.1309126615524292,0.2416812628507614,0,0.3580751419067383,0.14351032674312592,0.12727752327919006,0.12842541933059692,0.2427116483449936
3747,image_3595,D:\DataAI\AIEx\newdataset\yolo_f\images\train\Image_3595.jpg,0,0,0,0.23443254828453064,0.20985974371433258,0.22861365973949432,0.16119936108589172,0.16589473187923431,1,0.24779435992240906,0.2664251923561096,0.21956217288970947,0.1463102102279663,0.11990804970264435,1,0.24496206641197205,0.26532119512557983,0.22436784207820892,0.14498481154441833,0.12036409229040146
3748,image_3595,D:\DataAI\AIEx\newdataset\yolo_f\images\train\Image_3595.jpg,0,0,0,0.31314483284950256,0.2157638520002365,0.15288162231445312,0.16086445748806,0.157345250248909,0,0.3830670714378357,0.23910146951675415,0.13375608623027802,0.1318015456199646,0.1122739240527153,0,0.3664337992668152,0.2518535554409027,0.14122065901756287,0.12949535250663757,0.11099662631750107
3756,image_360,D:\DataAI\AIEx\newdataset\yolo_f\images\train\Image_360.jpg,0,2,2,0.16103465855121613,0.13296106457710266,0.31503772735595703,0.19602230191230774,0.19494415819644928,2,0.09293556213378906,0.07495730370283127,0.4450955092906952,0.21964043378829956,0.1673712581396103,2,0.09543626010417938,0.07788234949111938,0.44356396794319153,0.2131841778755188,0.16993321478366852
3770,image_3626,D:\DataAI\AIEx\newdataset\yolo_f\images\train\Image_3626.jpg,0,0,0,0.3398134112358093,0.15973322093486786,0.1744232028722763,0.15771889686584473,0.168311208486557,0,0.45028191804885864,0.10936663299798965,0.11814722418785095,0.1300637423992157,0.19214050471782684,0,0.460006982088089,0.10628502815961838,0.12091802060604095,0.12922613322734833,0.18356388807296753
3772,image_3632,D:\DataAI\AIEx\newdataset\yolo_f\images\train\Image_3632.jpg,0,4,4,0.23742876946926117,0.1784953624010086,0.16945835947990417,0.15683996677398682,0.25777754187583923,4,0.30149349570274353,0.14512668550014496,0.11013989895582199,0.10962378978729248,0.33361613750457764,4,0.30003276467323303,0.14053885638713837,0.11442599445581436,0.1076691746711731,0.33733314275741577
3779,image_3646,D:\DataAI\AIEx\newdataset\yolo_f\images\train\Image_3646.jpg,0,4,4,0.17198820412158966,0.12352427840232849,0.19229738414287567,0.1607821136713028,0.3514080047607422,4,0.08509782701730728,0.05010582506656647,0.0893118754029274,0.10155022144317627,0.6739341616630554,4,0.08915049582719803,0.05123507231473923,0.09649527817964554,0.10461167246103287,0.6585074663162231
3782,image_365,D:\DataAI\AIEx\newdataset\yolo_f\images\train\Image_365.jpg,0,3,2,0.16700208187103271,0.14166991412639618,0.30824077129364014,0.19395314157009125,0.1891341209411621,2,0.10564547032117844,0.08741070330142975,0.45410504937171936,0.20521974563598633,0.14761903882026672,2,0.10702969133853912,0.0917184054851532,0.44948282837867737,0.20118242502212524,0.15058667957782745
3788,image_3665,D:\DataAI\AIEx\newdataset\yolo_f\images\train\Image_3665.jpg,0,4,4,0.19716773927211761,0.10541839152574539,0.21099154651165009,0.171739861369133,0.3146824240684509,4,0.11943873018026352,0.04890855401754379,0.11266519874334335,0.12250028550624847,0.596487283706665,4,0.12475624680519104,0.04994286969304085,0.12049518525600433,0.12626032531261444,0.578545331954956
3796,image_3673,D:\DataAI\AIEx\newdataset\yolo_f\images\train\Image_3673.jpg,0,4,4,0.16960395872592926,0.15269120037555695,0.19209834933280945,0.16993311047554016,0.3156734108924866,4,0.09594714641571045,0.07980489730834961,0.12184464931488037,0.11869744956493378,0.5837059020996094,4,0.0984075739979744,0.08070803433656693,0.12901951372623444,0.1223079264163971,0.5695570111274719
3799,image_3679,D:\DataAI\AIEx\newdataset\yolo_f\images\train\Image_3679.jpg,0,4,4,0.18410587310791016,0.12043951451778412,0.20398809015750885,0.17526288330554962,0.31620365381240845,4,0.09861283004283905,0.05941060557961464,0.10874144732952118,0.13091452419757843,0.6023206114768982,4,0.10288366675376892,0.060692958533763885,0.11686700582504272,0.13588808476924896,0.5836682319641113
3806,image_3688,D:\DataAI\AIEx\newdataset\yolo_f\images\train\Image_3688.jpg,0,4,4,0.2120886743068695,0.15447990596294403,0.1866479367017746,0.15496574342250824,0.2918177545070648,4,0.22475451231002808,0.10505090653896332,0.13115812838077545,0.11130025237798691,0.42773619294166565,4,0.22294820845127106,0.10081082582473755,0.14027999341487885,0.11170066148042679,0.42426031827926636
3814,image_37,D:\DataAI\AIEx\newdataset\yolo_f\images\train\Image_37.jpg,0,0,0,0.3733998239040375,0.1080581322312355,0.17149747908115387,0.184181809425354,0.16286277770996094,0,0.5138788223266602,0.10424702614545822,0.12579931318759918,0.12192056328058243,0.1341542750597,0,0.5155177712440491,0.10290326178073883,0.12632188200950623,0.12328995764255524,0.13196714222431183
3817,image_3703,D:\DataAI\AIEx\newdataset\yolo_f\images\train\Image_3703.jpg,0,1,1,0.10818684101104736,0.3634850084781647,0.20806914567947388,0.16511240601539612,0.15514659881591797,4,0.09183916449546814,0.26472586393356323,0.1966702938079834,0.17163774371147156,0.27512693405151367,4,0.09318617731332779,0.26028090715408325,0.20927037298679352,0.16719654202461243,0.2700660228729248
3820,image_3708,D:\DataAI\AIEx\newdataset\yolo_f\images\train\Image_3708.jpg,0,0,0,0.28766652941703796,0.13886453211307526,0.19712582230567932,0.15325501561164856,0.2230881154537201,0,0.42456570267677307,0.0896739512681961,0.14635400474071503,0.1116238459944725,0.2277825027704239,0,0.42384329438209534,0.08905953913927078,0.14952205121517181,0.11076770722866058,0.22680743038654327
3830,image_3729,D:\DataAI\AIEx\newdataset\yolo_f\images\train\Image_3729.jpg,0,4,4,0.15674516558647156,0.14534737169742584,0.19087320566177368,0.17623691260814667,0.3307972550392151,4,0.08881645649671555,0.07190515846014023,0.0998939797282219,0.14737951755523682,0.5920049548149109,4,0.09090556204319,0.0750538557767868,0.10864533483982086,0.15120522677898407,0.574190080165863
3831,image_3729,D:\DataAI\AIEx\newdataset\yolo_f\images\train\Image_3729.jpg,0,0,0,0.35819533467292786,0.10437534749507904,0.2063167840242386,0.1458214819431305,0.18529103696346283,0,0.48377174139022827,0.08104986697435379,0.13651980459690094,0.10748041421175003,0.19117817282676697,0,0.48729613423347473,0.08013364672660828,0.13847512006759644,0.1052192822098732,0.18887580931186676
3832,image_3729,D:\DataAI\AIEx\newdataset\yolo_f\images\train\Image_3729.jpg,0,4,4,0.15065832436084747,0.1399582326412201,0.21448439359664917,0.15828637778759003,0.3366127610206604,4,0.08343382924795151,0.07513851672410965,0.12426037341356277,0.11443670839071274,0.6027305126190186,4,0.0873585194349289,0.07617431879043579,0.13685137033462524,0.12010830640792847,0.5795074701309204
3836,image_3731,D:\DataAI\AIEx\newdataset\yolo_f\images\train\Image_3731.jpg,0,4,4,0.16818253695964813,0.12084931135177612,0.19526496529579163,0.16420555114746094,0.351497620344162,4,0.0883137509226799,0.0558382086455822,0.09641584008932114,0.10495457053184509,0.6544776558876038,4,0.0910463035106659,0.0563882552087307,0.10612371563911438,0.10918577760457993,0.6372559666633606
3840,image_3737,D:\DataAI\AIEx\newdataset\yolo_f\images\train\Image_3737.jpg,0,1,1,0.1700609028339386,0.29358792304992676,0.2131561040878296,0.15855982899665833,0.16463527083396912,1,0.1913771629333496,0.32674816250801086,0.19051478803157806,0.1157359778881073,0.1756238490343094,1,0.1903253197669983,0.32563692331314087,0.19647277891635895,0.11460534483194351,0.17295967042446136
3841,image_3737,D:\DataAI\AIEx\newdataset\yolo_f\images\train\Image_3737.jpg,0,4,4,0.24588917195796967,0.12292616069316864,0.177316352725029,0.15318924188613892,0.3006790578365326,0,0.34070077538490295,0.1488461047410965,0.14040066301822662,0.11408455669879913,0.2559678852558136,0,0.34387972950935364,0.1506248414516449,0.13923823833465576,0.11259761452674866,0.25365960597991943
3849,image_3742,D:\DataAI\AIEx\newdataset\yolo_f\images\train\Image_3742.jpg,0,1,1,0.1720603108406067,0.3398103415966034,0.17236076295375824,0.16347438097000122,0.15229418873786926,1,0.18298321962356567,0.31011366844177246,0.13826511800289154,0.1276296079158783,0.24100835621356964,1,0.1762719750404358,0.3066368103027344,0.14576886594295502,0.12683461606502533,0.24448765814304352
3858,image_3749,D:\DataAI\AIEx\newdataset\yolo_f\images\train\Image_3749.jpg,0,4,4,0.1993199735879898,0.12493562698364258,0.17055058479309082,0.14125698804855347,0.3639368414878845,4,0.19864824414253235,0.08233936131000519,0.1048985943198204,0.09344609081745148,0.5206677913665771,4,0.20507580041885376,0.08299007266759872,0.1102745309472084,0.09417439252138138,0.5074851512908936
3859,image_3749,D:\DataAI\AIEx\newdataset\yolo_f\images\train\Image_3749.jpg,0,4,4,0.15035149455070496,0.12496665120124817,0.19323845207691193,0.16078154742717743,0.3706618547439575,4,0.08023082464933395,0.05594708397984505,0.09458351135253906,0.10111948847770691,0.6681190729141235,4,0.08079007267951965,0.057008836418390274,0.10278777033090591,0.10752261430025101,0.651890754699707
3861,image_3750,D:\DataAI\AIEx\newdataset\yolo_f\images\train\Image_3750.jpg,0,4,4,0.19120436906814575,0.13456805050373077,0.16524137556552887,0.14511501789093018,0.36387112736701965,4,0.208408385515213,0.08816135674715042,0.10774470120668411,0.10215622931718826,0.4935292899608612,4,0.21493159234523773,0.08909326791763306,0.11335209757089615,0.10223744809627533,0.4803856313228607
3862,image_3750,D:\DataAI\AIEx\newdataset\yolo_f\images\train\Image_3750.jpg,0,4,4,0.15247929096221924,0.14274251461029053,0.19428828358650208,0.1557430922985077,0.3547467887401581,4,0.09709485620260239,0.08466587960720062,0.11269321292638779,0.12366630882024765,0.5818796753883362,4,0.0990595668554306,0.08776767551898956,0.12249307334423065,0.12982483208179474,0.5608548521995544
3869,image_3754,D:\DataAI\AIEx\newdataset\yolo_f\images\train\Image_3754.jpg,0,4,4,0.15727399289608002,0.1474025845527649,0.18299643695354462,0.14528007805347443,0.36704692244529724,4,0.08152016997337341,0.07226639240980148,0.10098645091056824,0.09372903406620026,0.6514979600906372,4,0.08357161283493042,0.07197735458612442,0.1124211773276329,0.09947482496500015,0.6325550079345703
3870,image_3754,D:\DataAI\AIEx\newdataset\yolo_f\images\train\Image_3754.jpg,0,4,4,0.14270064234733582,0.147670716047287,0.2038806825876236,0.16350603103637695,0.3422418534755707,4,0.07141698896884918,0.06704218685626984,0.12792782485485077,0.13340432941913605,0.6002086400985718,4,0.07435374706983566,0.06930701434612274,0.13877899944782257,0.1391259878873825,0.5784342288970947
3873,image_3757,D:\DataAI\AIEx\newdataset\yolo_f\images\train\Image_3757.jpg,0,4,4,0.1697770357131958,0.1350371390581131,0.18663278222084045,0.1557566225528717,0.35279640555381775,4,0.11258824914693832,0.08728715777397156,0.11471284180879593,0.0934034064412117,0.5920083522796631,4,0.11540805548429489,0.08785984665155411,0.12127041071653366,0.09480637311935425,0.5806553363800049
3874,image_3757,D:\DataAI\AIEx\newdataset\yolo_f\images\train\Image_3757.jpg,0,4,4,0.12738846242427826,0.16357511281967163,0.19441674649715424,0.16627651453018188,0.3483431339263916,4,0.07234212756156921,0.10507524013519287,0.11975609511137009,0.11027929931879044,0.5925472378730774,4,0.07561850547790527,0.10891322046518326,0.13121798634529114,0.11517653614282608,0.5690737366676331
3896,image_3768,D:\DataAI\AIEx\newdataset\yolo_f\images\train\Image_3768.jpg,0,4,4,0.16269056499004364,0.1302393078804016,0.1825471967458725,0.14088566601276398,0.3836371898651123,4,0.14401401579380035,0.08642269670963287,0.10527665913105011,0.0840601846575737,0.580226480960846,4,0.15226027369499207,0.08899296075105667,0.1115230843424797,0.0859021544456482,0.561321496963501
3897,image_3768,D:\DataAI\AIEx\newdataset\yolo_f\images\train\Image_3768.jpg,0,4,4,0.16759806871414185,0.14983589947223663,0.19822001457214355,0.16584333777427673,0.3185026943683624,4,0.13896654546260834,0.07820142060518265,0.1070840135216713,0.10649284720420837,0.5692551732063293,4,0.13969768583774567,0.07976773381233215,0.11427293717861176,0.11239808797836304,0.5538636445999146
3910,image_3774,D:\DataAI\AIEx\newdataset\yolo_f\images\train\Image_3774.jpg,0,1,1,0.2199515998363495,0.2633480131626129,0.16279809176921844,0.14853434264659882,0.20536789298057556,0,0.4081574082374573,0.17853115499019623,0.11099516600370407,0.11125040054321289,0.19106581807136536,0,0.41229140758514404,0.1817968338727951,0.11158918589353561,0.10962523519992828,0.18469728529453278
3911,image_3774,D:\DataAI\AIEx\newdataset\yolo_f\images\train\Image_3774.jpg,0,1,1,0.1568952053785324,0.36241188645362854,0.1695113331079483,0.14853046834468842,0.16265110671520233,1,0.2023671716451645,0.40998196601867676,0.13525208830833435,0.11213056743144989,0.1402682214975357,1,0.20278507471084595,0.41372185945510864,0.13795682787895203,0.109211266040802,0.1363249123096466
3914,image_3778,D:\DataAI\AIEx\newdataset\yolo_f\images\train\Image_3778.jpg,0,0,0,0.30909520387649536,0.1907508373260498,0.16254675388336182,0.14366598427295685,0.19394122064113617,0,0.4978408217430115,0.163677379488945,0.11102955788373947,0.10220053791999817,0.12525169551372528,0,0.5024400353431702,0.16207528114318848,0.1101243868470192,0.10147301852703094,0.12388729304075241
3915,image_3778,D:\DataAI\AIEx\newdataset\yolo_f\images\train\Image_3778.jpg,0,1,1,0.16350677609443665,0.3656468987464905,0.17340879142284393,0.16854225099086761,0.12889531254768372,1,0.22143051028251648,0.37619033455848694,0.1404467225074768,0.12596797943115234,0.135964497923851,1,0.21806880831718445,0.3789559602737427,0.14791633188724518,0.1246703490614891,0.1303885281085968
3924,image_3784,D:\DataAI\AIEx\newdataset\yolo_f\images\train\Image_3784.jpg,0,1,1,0.17426688969135284,0.3382861018180847,0.15742172300815582,0.15163424611091614,0.17839109897613525,1,0.24809880554676056,0.37697237730026245,0.1264912337064743,0.11268793046474457,0.13574965298175812,1,0.25170835852622986,0.37884217500686646,0.12818561494350433,0.11096020042896271,0.13030372560024261
3925,image_3784,D:\DataAI\AIEx\newdataset\yolo_f\images\train\Image_3784.jpg,0,0,0,0.32405540347099304,0.15545716881752014,0.17051705718040466,0.17871062457561493,0.171259805560112,0,0.5528842210769653,0.1224798858165741,0.10358191281557083,0.12602511048316956,0.09502889961004257,0,0.5556581020355225,0.1242712140083313,0.10378202795982361,0.12390191853046417,0.09238667786121368
3926,image_3784,D:\DataAI\AIEx\newdataset\yolo_f\images\train\Image_3784.jpg,0,4,4,0.15027472376823425,0.10913696885108948,0.20597624778747559,0.14233830571174622,0.3922736942768097,4,0.11252307891845703,0.05259362980723381,0.1037176176905632,0.08083712309598923,0.650328516960144,4,0.12104915827512741,0.05359480157494545,0.11377658694982529,0.08539179712533951,0.6261876821517944
3927,image_3784,D:\DataAI\AIEx\newdataset\yolo_f\images\train\Image_3784.jpg,0,4,4,0.15146572887897491,0.1183880865573883,0.20711778104305267,0.16480638086795807,0.35822200775146484,4,0.07318974286317825,0.04773443192243576,0.10800761729478836,0.1035703495144844,0.6674978733062744,4,0.07681695371866226,0.049533676356077194,0.1172582358121872,0.11151791363954544,0.6448732614517212
3929,image_3788,D:\DataAI\AIEx\newdataset\yolo_f\images\train\Image_3788.jpg,0,0,0,0.287072092294693,0.13617493212223053,0.1256851851940155,0.18112881481647491,0.26993903517723083,4,0.2786899507045746,0.13009332120418549,0.11406192928552628,0.1692875623703003,0.30786725878715515,4,0.2913663983345032,0.12998782098293304,0.11411097645759583,0.1720937043428421,0.29244107007980347
3941,image_3802,D:\DataAI\AIEx\newdataset\yolo_f\images\train\Image_3802.jpg,0,1,1,0.17919927835464478,0.31996187567710876,0.1781884878873825,0.1402333825826645,0.18241699039936066,1,0.26469340920448303,0.32649940252304077,0.13503417372703552,0.10868141800165176,0.1650915890932083,1,0.2649039328098297,0.3272601366043091,0.13886839151382446,0.10662467777729034,0.16234280169010162
3943,image_3805,D:\DataAI\AIEx\newdataset\yolo_f\images\train\Image_3805.jpg,0,1,1,0.15485554933547974,0.34670066833496094,0.18721887469291687,0.15051129460334778,0.16071361303329468,1,0.20742805302143097,0.37997546792030334,0.15137331187725067,0.11349084973335266,0.14773233234882355,1,0.2038361132144928,0.382519006729126,0.15605400502681732,0.1109112948179245,0.1466795951128006
3954,image_3820,D:\DataAI\AIEx\newdataset\yolo_f\images\train\Image_3820.jpg,0,2,1,0.1793244183063507,0.3250926733016968,0.19514207541942596,0.15430064499378204,0.1461401730775833,1,0.2485366016626358,0.3686891198158264,0.16325215995311737,0.11637427657842636,0.10314784198999405,1,0.24833354353904724,0.36759766936302185,0.16663680970668793,0.1149192526936531,0.10251273214817047
3964,image_3834,D:\DataAI\AIEx\newdataset\yolo_f\images\train\Image_3834.jpg,0,4,4,0.16909675300121307,0.11753597110509872,0.22501254081726074,0.18591615557670593,0.30243855714797974,4,0.09110619127750397,0.05268372222781181,0.15451303124427795,0.1814577579498291,0.5202392935752869,4,0.0952589139342308,0.0544641837477684,0.1693669706583023,0.18912550806999207,0.4917844235897064
3965,image_3835,D:\DataAI\AIEx\newdataset\yolo_f\images\train\Image_3835.jpg,0,4,4,0.1489294469356537,0.1097956970334053,0.21973717212677002,0.16413205862045288,0.3574056029319763,4,0.07609463483095169,0.05292447283864021,0.1372622549533844,0.12075670063495636,0.6129619479179382,4,0.07899826765060425,0.05353328958153725,0.14876794815063477,0.12503765523433685,0.5936627388000488
3970,image_3839,D:\DataAI\AIEx\newdataset\yolo_f\images\train\Image_3839.jpg,0,4,4,0.18072672188282013,0.12883083522319794,0.1886817365884781,0.14121916890144348,0.36054152250289917,4,0.12282887101173401,0.08100701868534088,0.12442712485790253,0.09231263399124146,0.5794243812561035,4,0.12670108675956726,0.082501620054245,0.13144710659980774,0.09365659952163696,0.5656936764717102
3975,image_3848,D:\DataAI\AIEx\newdataset\yolo_f\images\train\Image_3848.jpg,0,4,4,0.16871723532676697,0.15183407068252563,0.19872009754180908,0.16914969682693481,0.3115788698196411,4,0.12650200724601746,0.07377886772155762,0.09218122810125351,0.10892955958843231,0.5986083745956421,4,0.13069786131381989,0.07254767417907715,0.10071654617786407,0.11251258105039597,0.5835253596305847
3979,image_3851,D:\DataAI\AIEx\newdataset\yolo_f\images\train\Image_3851.jpg,0,4,4,0.16272667050361633,0.09246914088726044,0.24012693762779236,0.1449558138847351,0.35972145199775696,4,0.12158656120300293,0.06795015931129456,0.16762378811836243,0.11721844971179962,0.5256210565567017,4,0.12070830911397934,0.0660778060555458,0.1802586019039154,0.11869758367538452,0.5142577886581421
3980,image_3851,D:\DataAI\AIEx\newdataset\yolo_f\images\train\Image_3851.jpg,0,4,4,0.14426566660404205,0.13088734447956085,0.20318447053432465,0.16242845356464386,0.3592340648174286,4,0.094405397772789,0.06013786792755127,0.09737754613161087,0.09056582301855087,0.6575133204460144,4,0.09836666285991669,0.06285259872674942,0.1062653660774231,0.09895829856395721,0.6335570812225342
3987,image_386,D:\DataAI\AIEx\newdataset\yolo_f\images\train\Image_386.jpg,0,1,1,0.16700270771980286,0.2947138845920563,0.23448243737220764,0.1517917960882187,0.15200917422771454,1,0.1842942237854004,0.3654209077358246,0.21892870962619781,0.11952920258045197,0.11182701587677002,1,0.1840790957212448,0.36765530705451965,0.22011347115039825,0.11704311519861221,0.11110905557870865
3992,image_3863,D:\DataAI\AIEx\newdataset\yolo_f\images\train\Image_3863.jpg,0,4,4,0.2184600830078125,0.16917307674884796,0.1604451686143875,0.16738004982471466,0.2845415771007538,4,0.2601335346698761,0.1004701480269432,0.10217098891735077,0.11650913953781128,0.42071619629859924,4,0.2547970712184906,0.09803132712841034,0.10751590132713318,0.11451937258243561,0.4251363277435303
3993,image_3863,D:\DataAI\AIEx\newdataset\yolo_f\images\train\Image_3863.jpg,0,0,0,0.26470524072647095,0.17320014536380768,0.1844596266746521,0.17890571057796478,0.1987292766571045,0,0.38378044962882996,0.16153565049171448,0.13096007704734802,0.13497962057590485,0.18874415755271912,0,0.3916979432106018,0.15778151154518127,0.1350192278623581,0.1327001005411148,0.1828012764453888
4002,image_387,D:\DataAI\AIEx\newdataset\yolo_f\images\train\Image_387.jpg,0,1,1,0.19688117504119873,0.24968910217285156,0.24686744809150696,0.1569070816040039,0.14965516328811646,1,0.2282879799604416,0.3333066403865814,0.21235620975494385,0.12218189984560013,0.10386727005243301,1,0.22867392003536224,0.33702701330184937,0.21104435622692108,0.1199229434132576,0.1033317819237709
4017,image_388,D:\DataAI\AIEx\newdataset\yolo_f\images\train\Image_388.jpg,0,1,1,0.13931454718112946,0.3208976686000824,0.20802591741085052,0.1352795660495758,0.19648227095603943,1,0.13139061629772186,0.35238903760910034,0.24296008050441742,0.12289899587631226,0.1503613293170929,1,0.13255594670772552,0.3515912890434265,0.2436063289642334,0.12104228883981705,0.15120409429073334
4025,image_3892,D:\DataAI\AIEx\newdataset\yolo_f\images\train\Image_3892.jpg,0,1,1,0.1514577567577362,0.4516274631023407,0.12967421114444733,0.13508377969264984,0.13215677440166473,1,0.18761523067951202,0.4244064688682556,0.1235555112361908,0.11170458793640137,0.1527182012796402,1,0.18538770079612732,0.4316834807395935,0.1254437267780304,0.1096663624048233,0.14781877398490906
4027,image_3894,D:\DataAI\AIEx\newdataset\yolo_f\images\train\Image_3894.jpg,0,1,1,0.1796519160270691,0.3446725606918335,0.1474495828151703,0.15007475018501282,0.1781511902809143,1,0.21070820093154907,0.34281685948371887,0.11445775628089905,0.11986220628023148,0.21215492486953735,1,0.20627295970916748,0.34793227910995483,0.12181839346885681,0.11808833479881287,0.20588809251785278
4032,image_3899,D:\DataAI\AIEx\newdataset\yolo_f\images\train\Image_3899.jpg,0,4,4,0.212294802069664,0.16327019035816193,0.1706409901380539,0.16245108842849731,0.29134294390678406,4,0.22699235379695892,0.1206292062997818,0.11590544879436493,0.09980417042970657,0.4366687834262848,4,0.22814571857452393,0.11931305378675461,0.12037167698144913,0.10057587921619415,0.43159374594688416
4038,image_3907,D:\DataAI\AIEx\newdataset\yolo_f\images\train\Image_3907.jpg,0,0,0,0.36775457859039307,0.10004670172929764,0.1948530673980713,0.15453994274139404,0.18280573189258575,0,0.5653162598609924,0.08561932295560837,0.12442904710769653,0.1104159727692604,0.11421943455934525,0,0.5724340081214905,0.08491606265306473,0.12436143308877945,0.10849187523126602,0.10979660600423813
4039,image_3907,D:\DataAI\AIEx\newdataset\yolo_f\images\train\Image_3907.jpg,0,1,1,0.17089693248271942,0.31413739919662476,0.20775136351585388,0.16458836197853088,0.14262601733207703,1,0.2312013953924179,0.37120145559310913,0.17171581089496613,0.12213656306266785,0.10374478250741959,1,0.23276011645793915,0.37029990553855896,0.17460040748119354,0.1196506917476654,0.10268895328044891
4047,image_3927,D:\DataAI\AIEx\newdataset\yolo_f\images\train\Image_3927.jpg,0,1,1,0.18265296518802643,0.31976136565208435,0.1812037080526352,0.15099242329597473,0.1653895378112793,1,0.2007775604724884,0.41529932618141174,0.13569405674934387,0.1185833141207695,0.12964564561843872,1,0.202119842171669,0.4159039855003357,0.14023002982139587,0.11530942469835281,0.1264367401599884
4053,image_3937,D:\DataAI\AIEx\newdataset\yolo_f\images\train\Image_3937.jpg,0,0,0,0.3089257478713989,0.17778325080871582,0.15769626200199127,0.16661633551120758,0.1889784038066864,0,0.4463828206062317,0.19169305264949799,0.10608653724193573,0.12755082547664642,0.1282867193222046,0,0.44682079553604126,0.1943598836660385,0.10638845711946487,0.12524321675300598,0.12718763947486877
4054,image_3937,D:\DataAI\AIEx\newdataset\yolo_f\images\train\Image_3937.jpg,0,1,1,0.1359567791223526,0.45693084597587585,0.1488753706216812,0.13465365767478943,0.12358329445123672,1,0.211267352104187,0.48827502131462097,0.10219012945890427,0.10534171760082245,0.09292575716972351,1,0.21107353270053864,0.48829373717308044,0.10570507496595383,0.10368865728378296,0.09123902022838593
4061,image_3952,D:\DataAI\AIEx\newdataset\yolo_f\images\train\Image_3952.jpg,0,4,4,0.13621100783348083,0.1177101582288742,0.22487559914588928,0.15364257991313934,0.36756062507629395,4,0.08309855312108994,0.07204853743314743,0.21068711578845978,0.16660110652446747,0.46756473183631897,4,0.08570681512355804,0.07048091292381287,0.21738022565841675,0.16769027709960938,0.4587417244911194
4064,image_3956,D:\DataAI\AIEx\newdataset\yolo_f\images\train\Image_3956.jpg,0,4,4,0.17967315018177032,0.14394819736480713,0.19067417085170746,0.13559161126613617,0.3501128554344177,4,0.19006283581256866,0.16199781000614166,0.12978434562683105,0.10301931947469711,0.4151357114315033,4,0.19328711926937103,0.16693460941314697,0.13568106293678284,0.10346972942352295,0.400627464056015
4065,image_3956,D:\DataAI\AIEx\newdataset\yolo_f\images\train\Image_3956.jpg,0,4,4,0.2628754675388336,0.12885670363903046,0.1617836207151413,0.15271322429180145,0.29377102851867676,0,0.41488441824913025,0.11382286995649338,0.11800281703472137,0.1230393722653389,0.2302505224943161,0,0.42426177859306335,0.1122821569442749,0.11929313838481903,0.1222233921289444,0.22193960845470428
4072,image_397,D:\DataAI\AIEx\newdataset\yolo_f\images\train\Image_397.jpg,0,0,1,0.2059411257505417,0.2766086757183075,0.16634994745254517,0.1542624682188034,0.19683778285980225,0,0.40146130323410034,0.1923021525144577,0.1181880459189415,0.12322007119655609,0.16482843458652496,0,0.41466501355171204,0.1860550343990326,0.11793612688779831,0.12079226970672607,0.16055159270763397
4078,image_3975,D:\DataAI\AIEx\newdataset\yolo_f\images\train\Image_3975.jpg,0,4,4,0.16300258040428162,0.13028033077716827,0.19369836151599884,0.15542544424533844,0.35759326815605164,4,0.11392325907945633,0.059577204287052155,0.08728187531232834,0.11372487246990204,0.6254928708076477,4,0.11827092617750168,0.058932602405548096,0.09624788165092468,0.12168600410223007,0.6048625707626343
4082,image_3983,D:\DataAI\AIEx\newdataset\yolo_f\images\train\Image_3983.jpg,0,4,4,0.23873713612556458,0.12711171805858612,0.15845495462417603,0.15699023008346558,0.3187059760093689,0,0.40079495310783386,0.11063145846128464,0.085785873234272,0.09373970329761505,0.309048056602478,0,0.41432830691337585,0.10372408479452133,0.08848341554403305,0.10013797134160995,0.2933262288570404
4083,image_3983,D:\DataAI\AIEx\newdataset\yolo_f\images\train\Image_3983.jpg,0,1,1,0.14744438230991364,0.3094354569911957,0.18093203008174896,0.18548022210597992,0.1767078936100006,1,0.18660062551498413,0.39149540662765503,0.1289646476507187,0.16684335470199585,0.1260959953069687,1,0.18430422246456146,0.39738208055496216,0.1334356665611267,0.16173075139522552,0.12314729392528534
4084,image_3983,D:\DataAI\AIEx\newdataset\yolo_f\images\train\Image_3983.jpg,0,0,0,0.311943382024765,0.133693128824234,0.15466855466365814,0.1848345696926117,0.21486040949821472,0,0.4262840151786804,0.15221007168293,0.10348230600357056,0.1349601298570633,0.18306338787078857,0,0.42820054292678833,0.15413938462734222,0.10443095117807388,0.13538286089897156,0.17784620821475983
4095,image_399,D:\DataAI\AIEx\newdataset\yolo_f\images\train\Image_399.jpg,0,2,2,0.1537821888923645,0.14934098720550537,0.30868035554885864,0.19968225061893463,0.18851418793201447,2,0.10177912563085556,0.08301129192113876,0.46643418073654175,0.19621601700782776,0.15255938470363617,2,0.10369076579809189,0.08360031992197037,0.456916868686676,0.19843636453151703,0.15735562145709991
4104,image_3995,D:\DataAI\AIEx\newdataset\yolo_f\images\train\Image_3995.jpg,0,2,2,0.14421886205673218,0.16502007842063904,0.3338925838470459,0.1677442044019699,0.1891242414712906,2,0.10098760575056076,0.097893126308918,0.5039687156677246,0.15653231739997864,0.140618234872818,2,0.10278761386871338,0.10047868639230728,0.49142229557037354,0.15936431288719177,0.14594700932502747
4105,image_3995,D:\DataAI\AIEx\newdataset\yolo_f\images\train\Image_3995.jpg,0,2,2,0.18805228173732758,0.16590161621570587,0.2966097593307495,0.17470508813858032,0.17473122477531433,2,0.1332959234714508,0.08157610148191452,0.4649817943572998,0.18066802620887756,0.1394781619310379,2,0.13492804765701294,0.08506844937801361,0.4576231837272644,0.17865650355815887,0.1437237411737442
4106,image_3995,D:\DataAI\AIEx\newdataset\yolo_f\images\train\Image_3995.jpg,0,2,2,0.1774681955575943,0.1393127739429474,0.3329179883003235,0.18889473378658295,0.16140632331371307,2,0.13545586168766022,0.07693685591220856,0.46863240003585815,0.18787790834903717,0.1310969889163971,2,0.13907456398010254,0.08004208654165268,0.4542492926120758,0.1908796727657318,0.13575437664985657
4118,image_4007,D:\DataAI\AIEx\newdataset\yolo_f\images\train\Image_4007.jpg,0,2,1,0.17421723902225494,0.26505205035209656,0.24109278619289398,0.15006513893604279,0.16957277059555054,1,0.2097768932580948,0.3144838213920593,0.22380702197551727,0.12132084369659424,0.13061144948005676,1,0.2095554769039154,0.3183477222919464,0.2239343822002411,0.11854475736618042,0.12961764633655548
4123,image_4012,D:\DataAI\AIEx\newdataset\yolo_f\images\train\Image_4012.jpg,0,1,1,0.17493408918380737,0.3451034724712372,0.14946520328521729,0.15602749586105347,0.1744697540998459,1,0.24001646041870117,0.3897777497768402,0.12620140612125397,0.11260374635457993,0.13140058517456055,1,0.2365412712097168,0.39302027225494385,0.12603577971458435,0.11158500611782074,0.13281767070293427
4124,image_4012,D:\DataAI\AIEx\newdataset\yolo_f\images\train\Image_4012.jpg,0,1,1,0.16363127529621124,0.42126381397247314,0.13063326478004456,0.12716607749462128,0.15730564296245575,1,0.15316809713840485,0.3395938277244568,0.22003063559532166,0.16614870727062225,0.12105872482061386,1,0.15502123534679413,0.33200594782829285,0.22649455070495605,0.16414250433444977,0.1223357617855072
4125,image_4012,D:\DataAI\AIEx\newdataset\yolo_f\images\train\Image_4012.jpg,0,1,1,0.17524968087673187,0.3758799731731415,0.13964442908763885,0.14558623731136322,0.16363970935344696,1,0.22597317397594452,0.3880201280117035,0.13694044947624207,0.1237996444106102,0.12526656687259674,1,0.21784216165542603,0.4007227420806885,0.13645479083061218,0.11954807490110397,0.12543225288391113
4129,image_4015,D:\DataAI\AIEx\newdataset\yolo_f\images\train\Image_4015.jpg,0,2,1,0.1882883757352829,0.28351402282714844,0.1948196291923523,0.15477460622787476,0.1786034256219864,2,0.18355979025363922,0.2458346039056778,0.25917482376098633,0.14225944876670837,0.16917137801647186,1,0.1846192479133606,0.2553277313709259,0.25007596611976624,0.13872182369232178,0.17125526070594788
4132,image_402,D:\DataAI\AIEx\newdataset\yolo_f\images\train\Image_402.jpg,0,2,2,0.14888671040534973,0.1862153559923172,0.2881111800670624,0.19386863708496094,0.18291814625263214,2,0.10986466705799103,0.1054273471236229,0.4776904881000519,0.19127538800239563,0.11574207991361618,2,0.11097361892461777,0.10774645954370499,0.4745522141456604,0.19021554291248322,0.11651212722063065
4136,image_4024,D:\DataAI\AIEx\newdataset\yolo_f\images\train\Image_4024.jpg,0,2,2,0.15135090053081512,0.16618870198726654,0.3222854733467102,0.18242211639881134,0.1777527928352356,2,0.110270656645298,0.09706860035657883,0.45240893959999084,0.1830722838640213,0.1571795642375946,2,0.11062140762805939,0.0979778841137886,0.4467482566833496,0.18250137567520142,0.16215117275714874
4156,image_4037,D:\DataAI\AIEx\newdataset\yolo_f\images\train\Image_4037.jpg,0,2,2,0.14098314940929413,0.11542469263076782,0.3601239025592804,0.18385373055934906,0.19961455464363098,2,0.10152414441108704,0.062048837542533875,0.500346839427948,0.15906929969787598,0.1770108938217163,2,0.10516761988401413,0.06337063759565353,0.4902583062648773,0.160319983959198,0.18088343739509583
4157,image_4037,D:\DataAI\AIEx\newdataset\yolo_f\images\train\Image_4037.jpg,0,2,2,0.1634259968996048,0.1445562094449997,0.31165820360183716,0.19006642699241638,0.19029313325881958,2,0.09542719274759293,0.06522217392921448,0.45146095752716064,0.21566809713840485,0.17222154140472412,2,0.09839044511318207,0.0664232075214386,0.44389134645462036,0.2167455554008484,0.17454946041107178
4158,image_4037,D:\DataAI\AIEx\newdataset\yolo_f\images\train\Image_4037.jpg,0,2,2,0.1654183268547058,0.1516215056180954,0.3677915930747986,0.16268646717071533,0.15248210728168488,2,0.1193719282746315,0.07945946604013443,0.5288070440292358,0.1618984192609787,0.11046310514211655,2,0.12381428480148315,0.08251107484102249,0.5103903412818909,0.1698237508535385,0.11346060037612915
4168,image_4041,D:\DataAI\AIEx\newdataset\yolo_f\images\train\Image_4041.jpg,0,2,2,0.15428011119365692,0.13382364809513092,0.3297567665576935,0.19380272924900055,0.18833673000335693,2,0.10302794724702835,0.07301060110330582,0.5067434906959534,0.17966899275779724,0.13754896819591522,2,0.10515502095222473,0.07345443964004517,0.5022883415222168,0.18079248070716858,0.13830973207950592
4169,image_4041,D:\DataAI\AIEx\newdataset\yolo_f\images\train\Image_4041.jpg,0,2,2,0.15208736062049866,0.13028484582901,0.35062259435653687,0.18118545413017273,0.18581968545913696,2,0.09013228118419647,0.06121766194701195,0.537319540977478,0.17473657429218292,0.1365940123796463,2,0.09312798082828522,0.06197727844119072,0.5309087634086609,0.17537721991539001,0.13860878348350525
4178,image_4045,D:\DataAI\AIEx\newdataset\yolo_f\images\train\Image_4045.jpg,0,2,2,0.17962153255939484,0.14928041398525238,0.3212960958480835,0.17622116208076477,0.17358075082302094,2,0.1074136421084404,0.08142226189374924,0.5178666710853577,0.16918650269508362,0.12411095201969147,2,0.10924236476421356,0.08388977497816086,0.5154634714126587,0.1644727885723114,0.12693162262439728
4179,image_4045,D:\DataAI\AIEx\newdataset\yolo_f\images\train\Image_4045.jpg,0,2,2,0.1501481533050537,0.15247215330600739,0.3024413287639618,0.20654277503490448,0.18839557468891144,2,0.0783797949552536,0.06237654760479927,0.5133820176124573,0.2057507038116455,0.14011093974113464,2,0.08098242431879044,0.06455450505018234,0.5117995738983154,0.20098502933979034,0.14167848229408264
4195,image_4051,D:\DataAI\AIEx\newdataset\yolo_f\images\train\Image_4051.jpg,0,2,2,0.16818317770957947,0.12722012400627136,0.2870142459869385,0.21040403842926025,0.20717841386795044,2,0.09005724638700485,0.061172276735305786,0.42783573269844055,0.27109697461128235,0.14983773231506348,2,0.09281452000141144,0.06518100202083588,0.42810386419296265,0.2626107633113861,0.1512899100780487
4196,image_4051,D:\DataAI\AIEx\newdataset\yolo_f\images\train\Image_4051.jpg,0,2,2,0.1555865854024887,0.12237905710935593,0.3544797897338867,0.17710737884044647,0.19044719636440277,2,0.0776810571551323,0.05490829050540924,0.561612069606781,0.1748887598514557,0.13090984523296356,2,0.08033662289381027,0.05572093278169632,0.5563424825668335,0.17273415625095367,0.13486576080322266
4197,image_4051,D:\DataAI\AIEx\newdataset\yolo_f\images\train\Image_4051.jpg,0,2,2,0.15439210832118988,0.11437276750802994,0.3738033175468445,0.15762901306152344,0.19980280101299286,2,0.07980848848819733,0.04863099008798599,0.6130967140197754,0.13906875252723694,0.11939504742622375,2,0.08179699629545212,0.050774481147527695,0.6041663289070129,0.13878659904003143,0.12447559088468552
4209,image_4058,D:\DataAI\AIEx\newdataset\yolo_f\images\train\Image_4058.jpg,0,2,2,0.1647421419620514,0.15127769112586975,0.3126703202724457,0.1861075460910797,0.18520228564739227,2,0.10355895012617111,0.07934977114200592,0.46261805295944214,0.1789964884519577,0.17547668516635895,2,0.10554733872413635,0.08111069351434708,0.454404354095459,0.1801212728023529,0.17881639301776886
4211,image_406,D:\DataAI\AIEx\newdataset\yolo_f\images\train\Image_406.jpg,0,2,2,0.18666070699691772,0.19941724836826324,0.26319828629493713,0.1767297387123108,0.17399407923221588,2,0.19448725879192352,0.17033492028713226,0.32589948177337646,0.13989469408988953,0.16938363015651703,2,0.1965216100215912,0.17123588919639587,0.32513687014579773,0.1371006965637207,0.17000490427017212
4222,image_4076,D:\DataAI\AIEx\newdataset\yolo_f\images\train\Image_4076.jpg,0,2,2,0.15739719569683075,0.11793549358844757,0.3755449056625366,0.1663201004266739,0.18280234932899475,2,0.11428718268871307,0.06134350597858429,0.5635855793952942,0.1280902475118637,0.13269345462322235,2,0.11509039252996445,0.06174161657691002,0.5615572929382324,0.12669774889945984,0.13491295278072357
4223,image_4077,D:\DataAI\AIEx\newdataset\yolo_f\images\train\Image_4077.jpg,0,2,2,0.12322069704532623,0.21388594806194305,0.3164300322532654,0.15500403940677643,0.1914592981338501,2,0.09167899191379547,0.12661534547805786,0.4990217089653015,0.12388857454061508,0.1587952971458435,2,0.09198439121246338,0.12779949605464935,0.49763166904449463,0.12330633401870728,0.15927807986736298
4224,image_4078,D:\DataAI\AIEx\newdataset\yolo_f\images\train\Image_4078.jpg,0,2,2,0.16158902645111084,0.1728145331144333,0.3263242244720459,0.17749187350273132,0.16178038716316223,2,0.11420972645282745,0.09619446098804474,0.5226305723190308,0.1387229710817337,0.12824226915836334,2,0.11571928858757019,0.09720755368471146,0.5197393894195557,0.1391238570213318,0.1282099038362503
4225,image_4078,D:\DataAI\AIEx\newdataset\yolo_f\images\train\Image_4078.jpg,0,2,2,0.1521761566400528,0.16839461028575897,0.28652986884117126,0.19841568171977997,0.1944837123155594,2,0.12088408321142197,0.09403742849826813,0.412448525428772,0.17709048092365265,0.1955394595861435,2,0.12274744361639023,0.09716495126485825,0.4074825644493103,0.17652122676372528,0.19608382880687714
4226,image_4079,D:\DataAI\AIEx\newdataset\yolo_f\images\train\Image_4079.jpg,0,2,2,0.18267181515693665,0.16386611759662628,0.29179927706718445,0.1905253529548645,0.17113743722438812,2,0.14651694893836975,0.0897226482629776,0.4686610996723175,0.15956808626651764,0.13553115725517273,2,0.14957605302333832,0.0927588939666748,0.45771804451942444,0.1604514718055725,0.13949552178382874
4227,image_4079,D:\DataAI\AIEx\newdataset\yolo_f\images\train\Image_4079.jpg,0,2,2,0.16120609641075134,0.17500364780426025,0.3143726587295532,0.17931540310382843,0.17010219395160675,2,0.12459466606378555,0.10256722569465637,0.497905969619751,0.1379774808883667,0.13695460557937622,2,0.12645134329795837,0.1048620268702507,0.49505898356437683,0.13751260936260223,0.13611501455307007
4243,image_4088,D:\DataAI\AIEx\newdataset\yolo_f\images\train\Image_4088.jpg,0,2,2,0.15859001874923706,0.18972687423229218,0.2554895281791687,0.20839761197566986,0.187795951962471,2,0.10452855378389359,0.09521263092756271,0.4283604621887207,0.19739654660224915,0.17450179159641266,2,0.10763458907604218,0.09832743555307388,0.42190465331077576,0.19611157476902008,0.1760217547416687
4244,image_4088,D:\DataAI\AIEx\newdataset\yolo_f\images\train\Image_4088.jpg,0,2,2,0.1840716004371643,0.18710747361183167,0.2701319456100464,0.18135826289653778,0.17733071744441986,2,0.15095818042755127,0.11122511327266693,0.4426630437374115,0.14343272149562836,0.15172092616558075,2,0.15693102777004242,0.11463016271591187,0.4279109239578247,0.14692704379558563,0.153600811958313
4249,image_4092,D:\DataAI\AIEx\newdataset\yolo_f\images\train\Image_4092.jpg,0,2,2,0.17847178876399994,0.1936039924621582,0.26471632719039917,0.1949266493320465,0.16828125715255737,2,0.13546785712242126,0.11681421101093292,0.4121333658695221,0.2003513127565384,0.13523325324058533,2,0.13767848908901215,0.11845770478248596,0.4100404679775238,0.19778452813625336,0.13603878021240234
4250,image_4092,D:\DataAI\AIEx\newdataset\yolo_f\images\train\Image_4092.jpg,0,2,2,0.18818490207195282,0.17210042476654053,0.27160143852233887,0.1929694563150406,0.1751437783241272,2,0.1252496838569641,0.08163440227508545,0.4900577664375305,0.16542838513851166,0.13762980699539185,2,0.12963731586933136,0.08440801501274109,0.47958987951278687,0.16652604937553406,0.13983875513076782
4263,image_4099,D:\DataAI\AIEx\newdataset\yolo_f\images\train\Image_4099.jpg,0,2,2,0.16989140212535858,0.19801770150661469,0.27320048213005066,0.18746060132980347,0.171429842710495,2,0.0950969010591507,0.07600342482328415,0.5134950876235962,0.18486127257347107,0.1305433213710785,2,0.0954265296459198,0.07830686867237091,0.5099703669548035,0.18274687230587006,0.13354931771755219
4264,image_4099,D:\DataAI\AIEx\newdataset\yolo_f\images\train\Image_4099.jpg,0,2,2,0.14045539498329163,0.2418423295021057,0.24745571613311768,0.16341255605220795,0.20683403313159943,2,0.12256874889135361,0.16204452514648438,0.38910412788391113,0.15286603569984436,0.17341654002666473,2,0.12294576317071915,0.16833297908306122,0.38243451714515686,0.15240925550460815,0.1738775074481964
4269,image_4102,D:\DataAI\AIEx\newdataset\yolo_f\images\train\Image_4102.jpg,0,2,2,0.15268540382385254,0.1953161060810089,0.30376532673835754,0.16974076628684998,0.17849235236644745,2,0.09917857497930527,0.1054377630352974,0.4876246452331543,0.19169151782989502,0.11606753617525101,2,0.10309353470802307,0.10714337974786758,0.47927239537239075,0.19197167456150055,0.11851905286312103
4270,image_4102,D:\DataAI\AIEx\newdataset\yolo_f\images\train\Image_4102.jpg,0,2,2,0.1531710922718048,0.13800649344921112,0.3335871994495392,0.1777709722518921,0.197464257478714,2,0.0890749916434288,0.06858029216527939,0.4987044036388397,0.20856347680091858,0.1350768804550171,2,0.09053492546081543,0.0673387423157692,0.49603143334388733,0.21020211279392242,0.13589276373386383
4284,image_4111,D:\DataAI\AIEx\newdataset\yolo_f\images\train\Image_4111.jpg,0,2,2,0.17611812055110931,0.13631638884544373,0.3228927552700043,0.18084222078323364,0.18383055925369263,2,0.11027108132839203,0.06827478855848312,0.5388281345367432,0.1722768247127533,0.11034911125898361,2,0.11346723884344101,0.071126788854599,0.5258916020393372,0.1758812516927719,0.1136331632733345
4285,image_4111,D:\DataAI\AIEx\newdataset\yolo_f\images\train\Image_4111.jpg,0,2,2,0.17713351547718048,0.16153009235858917,0.2991381287574768,0.18177735805511475,0.1804208904504776,2,0.10244003683328629,0.07765298336744308,0.5031576156616211,0.19748379290103912,0.11926554888486862,2,0.10444864630699158,0.07976710051298141,0.4910849928855896,0.20087216794490814,0.12382706999778748
4288,image_4114,D:\DataAI\AIEx\newdataset\yolo_f\images\train\Image_4114.jpg,0,2,2,0.1688457727432251,0.18224592506885529,0.30175212025642395,0.1803048849105835,0.16685129702091217,2,0.10326964408159256,0.08915642648935318,0.49248450994491577,0.19199417531490326,0.12309524416923523,2,0.10639356076717377,0.09235526621341705,0.4770468771457672,0.19706979393959045,0.12713444232940674
4289,image_4114,D:\DataAI\AIEx\newdataset\yolo_f\images\train\Image_4114.jpg,0,2,2,0.1783754676580429,0.14662796258926392,0.32687583565711975,0.18029405176639557,0.16782671213150024,2,0.11665501445531845,0.07451177388429642,0.5411998629570007,0.18116195499897003,0.086471326649189,2,0.1207207664847374,0.0763486847281456,0.5294007062911987,0.184225395321846,0.08930444717407227
4301,image_4127,D:\DataAI\AIEx\newdataset\yolo_f\images\train\Image_4127.jpg,0,2,2,0.16822533309459686,0.16009092330932617,0.3093844950199127,0.19748525321483612,0.16481401026248932,2,0.13466936349868774,0.1024080365896225,0.4634283781051636,0.17470939457416534,0.12478486448526382,2,0.13660933077335358,0.10596029460430145,0.4549938142299652,0.1748943030834198,0.12754233181476593
4302,image_4127,D:\DataAI\AIEx\newdataset\yolo_f\images\train\Image_4127.jpg,0,2,2,0.20926359295845032,0.1286095231771469,0.31428295373916626,0.1896800845861435,0.15816383063793182,2,0.1466062068939209,0.07380414754152298,0.5361319780349731,0.14837680757045746,0.09508092701435089,2,0.14896343648433685,0.07519282400608063,0.5299133658409119,0.1480608880519867,0.09786955267190933
4314,image_4135,D:\DataAI\AIEx\newdataset\yolo_f\images\train\Image_4135.jpg,0,2,2,0.16905485093593597,0.14517711102962494,0.3167484998703003,0.19133782386779785,0.17768168449401855,2,0.11042573302984238,0.08224215358495712,0.5183593034744263,0.17020195722579956,0.11877083033323288,2,0.11526604741811752,0.08521077036857605,0.5042162537574768,0.17247553169727325,0.12283137440681458
4315,image_4135,D:\DataAI\AIEx\newdataset\yolo_f\images\train\Image_4135.jpg,0,2,2,0.18012981116771698,0.1095099002122879,0.3522041440010071,0.1803424209356308,0.17781370878219604,2,0.10935806483030319,0.054855961352586746,0.5898194313049316,0.13890805840492249,0.10705843567848206,2,0.11386913806200027,0.05674540996551514,0.578130841255188,0.1404666006565094,0.1107880249619484
4322,image_414,D:\DataAI\AIEx\newdataset\yolo_f\images\train\Image_414.jpg,0,0,0,0.30724772810935974,0.15606263279914856,0.1759519726037979,0.1772366315126419,0.1835009753704071,0,0.519864559173584,0.12528952956199646,0.10723716765642166,0.11660603433847427,0.13100269436836243,0,0.5251937508583069,0.12548136711120605,0.10604269802570343,0.1156528890132904,0.12762929499149323
4334,image_4149,D:\DataAI\AIEx\newdataset\yolo_f\images\train\Image_4149.jpg,0,2,2,0.183985635638237,0.16258108615875244,0.3041987419128418,0.17255912721157074,0.17667537927627563,2,0.11163754761219025,0.08145501464605331,0.47801321744918823,0.1982787549495697,0.1306154727935791,2,0.11392777413129807,0.08235208690166473,0.4763195812702179,0.19370317459106445,0.13369737565517426
4337,image_4152,D:\DataAI\AIEx\newdataset\yolo_f\images\train\Image_4152.jpg,0,2,2,0.16897937655448914,0.12522709369659424,0.3040257692337036,0.20677606761455536,0.19499164819717407,2,0.10592906177043915,0.06765221059322357,0.42734745144844055,0.24051931500434875,0.1585519164800644,2,0.1080561950802803,0.06771670281887054,0.4271186292171478,0.23534636199474335,0.16176211833953857
4338,image_4158,D:\DataAI\AIEx\newdataset\yolo_f\images\train\Image_4158.jpg,0,2,2,0.1605660617351532,0.1382122039794922,0.33908846974372864,0.15811099112033844,0.20402219891548157,2,0.14572785794734955,0.08078625053167343,0.4532116651535034,0.16095052659511566,0.15932373702526093,2,0.14919686317443848,0.08403032273054123,0.44112032651901245,0.16148243844509125,0.1641700118780136
4339,image_4158,D:\DataAI\AIEx\newdataset\yolo_f\images\train\Image_4158.jpg,0,2,2,0.16131986677646637,0.09218883514404297,0.37620073556900024,0.15784171223640442,0.21244890987873077,2,0.11650059372186661,0.05005791783332825,0.4971248507499695,0.17675328254699707,0.15956337749958038,2,0.1230183094739914,0.050555672496557236,0.4893549084663391,0.1761893481016159,0.16088168323040009
4340,image_4158,D:\DataAI\AIEx\newdataset\yolo_f\images\train\Image_4158.jpg,0,2,2,0.15286527574062347,0.13531170785427094,0.3425399959087372,0.1542995721101761,0.21498340368270874,2,0.1332366168498993,0.06977405399084091,0.47042256593704224,0.16992974281311035,0.15663699805736542,2,0.1382797360420227,0.07302799820899963,0.4543987512588501,0.1730538010597229,0.16123974323272705
4356,image_4167,D:\DataAI\AIEx\newdataset\yolo_f\images\train\Image_4167.jpg,0,2,2,0.15723031759262085,0.14556632936000824,0.3002150058746338,0.18778496980667114,0.20920336246490479,2,0.10532458871603012,0.09021148085594177,0.35388922691345215,0.2251116931438446,0.22546297311782837,2,0.10531848669052124,0.09251713752746582,0.34996768832206726,0.22340117394924164,0.22879545390605927
4357,image_4167,D:\DataAI\AIEx\newdataset\yolo_f\images\train\Image_4167.jpg,0,4,4,0.18078495562076569,0.11691827327013016,0.21608977019786835,0.1627456247806549,0.32346129417419434,4,0.12688465416431427,0.0765100046992302,0.1751539707183838,0.1100156381726265,0.5114356875419617,4,0.12302576750516891,0.07574600726366043,0.18218772113323212,0.11229992657899857,0.5067405104637146
4364,image_4181,D:\DataAI\AIEx\newdataset\yolo_f\images\train\Image_4181.jpg,0,2,2,0.17789801955223083,0.13329154253005981,0.33292099833488464,0.1641085147857666,0.1917809098958969,2,0.10914735496044159,0.06947159022092819,0.5194528698921204,0.1602604240179062,0.14166778326034546,2,0.11282515525817871,0.07016835361719131,0.5155795812606812,0.15659405291080475,0.14483283460140228
4386,image_4193,D:\DataAI\AIEx\newdataset\yolo_f\images\train\Image_4193.jpg,0,2,2,0.15763746201992035,0.1291266232728958,0.3192501366138458,0.20213302969932556,0.19185273349285126,2,0.09181695431470871,0.06093188747763634,0.4160248339176178,0.2900253236293793,0.1412009447813034,2,0.09195619821548462,0.06146911531686783,0.4100811183452606,0.2904103696346283,0.14608323574066162
4387,image_4193,D:\DataAI\AIEx\newdataset\yolo_f\images\train\Image_4193.jpg,0,2,2,0.19947336614131927,0.18992212414741516,0.26427873969078064,0.1578877866268158,0.1884380429983139,2,0.12591806054115295,0.08882598578929901,0.4675619900226593,0.17672611773014069,0.14096789062023163,2,0.12867997586727142,0.09116248041391373,0.4602455794811249,0.17551225423812866,0.1443997472524643
4388,image_4193,D:\DataAI\AIEx\newdataset\yolo_f\images\train\Image_4193.jpg,0,2,2,0.1508040726184845,0.1483423113822937,0.3456381559371948,0.17821255326271057,0.1770029067993164,2,0.09057752788066864,0.07658988237380981,0.4434480369091034,0.23557935655117035,0.153805211186409,2,0.09430830180644989,0.07586997747421265,0.43249255418777466,0.24070726335048676,0.15662190318107605
4393,image_420,D:\DataAI\AIEx\newdataset\yolo_f\images\train\Image_420.jpg,0,0,0,0.3484037518501282,0.11268329620361328,0.17402823269367218,0.18529658019542694,0.17958806455135345,0,0.5591000914573669,0.08372978121042252,0.11326359957456589,0.12136601656675339,0.12254048138856888,0,0.5642160773277283,0.08360115438699722,0.11216616630554199,0.11955926567316055,0.12045734375715256
4401,image_4209,D:\DataAI\AIEx\newdataset\yolo_f\images\train\Image_4209.jpg,0,0,0,0.2982502579689026,0.16667085886001587,0.1808445155620575,0.1598406881093979,0.19439366459846497,0,0.38617077469825745,0.20507340133190155,0.10997308045625687,0.12112099677324295,0.17766173183918,0,0.39192911982536316,0.20281969010829926,0.11226978898048401,0.11940722912549973,0.17357420921325684
4402,image_4209,D:\DataAI\AIEx\newdataset\yolo_f\images\train\Image_4209.jpg,0,1,1,0.17658081650733948,0.37331828474998474,0.1658468097448349,0.1526452898979187,0.13160881400108337,1,0.2560003697872162,0.40501824021339417,0.10534284263849258,0.11237896978855133,0.12125959992408752,1,0.25332728028297424,0.413675993680954,0.10791551321744919,0.11035437881946564,0.11472676694393158
4403,image_4209,D:\DataAI\AIEx\newdataset\yolo_f\images\train\Image_4209.jpg,0,4,4,0.1652708202600479,0.13480670750141144,0.18784165382385254,0.166802778840065,0.3452780246734619,4,0.10564499348402023,0.07244657725095749,0.08976194262504578,0.09042879194021225,0.6417176127433777,4,0.11107563227415085,0.07379403710365295,0.09898500144481659,0.09602838009595871,0.6201169490814209
4404,image_4209,D:\DataAI\AIEx\newdataset\yolo_f\images\train\Image_4209.jpg,0,4,4,0.1775355488061905,0.1743205338716507,0.15486566722393036,0.1502731591463089,0.34300509095191956,4,0.2909398376941681,0.13544043898582458,0.0851798728108406,0.09959182143211365,0.3888480067253113,4,0.29410088062286377,0.14319927990436554,0.08686576038599014,0.09955885261297226,0.3762752413749695
4405,image_421,D:\DataAI\AIEx\newdataset\yolo_f\images\train\Image_421.jpg,0,0,0,0.35440531373023987,0.13223594427108765,0.18109475076198578,0.17171534895896912,0.160548597574234,0,0.6386716961860657,0.08441540598869324,0.09838531911373138,0.10009999573230743,0.07842761278152466,0,0.6432971954345703,0.08330131322145462,0.09711065143346786,0.09941941499710083,0.07687145471572876
4431,image_424,D:\DataAI\AIEx\newdataset\yolo_f\images\train\Image_424.jpg,0,0,0,0.3365761339664459,0.1398007869720459,0.18484674394130707,0.1751430779695511,0.1636332869529724,0,0.6096545457839966,0.10225614905357361,0.10191159695386887,0.10452770441770554,0.08164995908737183,0,0.6138368844985962,0.10135922580957413,0.10081735253334045,0.10390620678663254,0.08008033037185669
4433,image_4244,D:\DataAI\AIEx\newdataset\yolo_f\images\train\Image_4244.jpg,0,4,4,0.14610552787780762,0.13814011216163635,0.2068842053413391,0.1833571046590805,0.32551309466362,4,0.07551577687263489,0.07390914112329483,0.11984623968601227,0.1537143588066101,0.5770144462585449,4,0.07936832308769226,0.07463054358959198,0.1318141520023346,0.15932917594909668,0.5548577904701233
4435,image_4247,D:\DataAI\AIEx\newdataset\yolo_f\images\train\Image_4247.jpg,0,4,4,0.18924160301685333,0.11434163898229599,0.17581625282764435,0.14524315297603607,0.37535732984542847,4,0.09212947636842728,0.044782623648643494,0.0830702930688858,0.08451176434755325,0.6955059170722961,4,0.09451647847890854,0.045794419944286346,0.09063272923231125,0.08929011970758438,0.6797662377357483
4450,image_4261,D:\DataAI\AIEx\newdataset\yolo_f\images\train\Image_4261.jpg,0,4,4,0.16720883548259735,0.1306571513414383,0.1949940174818039,0.16495859622955322,0.34218141436576843,4,0.08547098189592361,0.055823616683483124,0.09386064857244492,0.13104495406150818,0.6337997913360596,4,0.09055138379335403,0.056888896971940994,0.10203330963850021,0.1356441080570221,0.6148823499679565
4451,image_4261,D:\DataAI\AIEx\newdataset\yolo_f\images\train\Image_4261.jpg,0,0,0,0.3848132789134979,0.10524972528219223,0.16858702898025513,0.14560812711715698,0.19574184715747833,0,0.5172752737998962,0.08694680035114288,0.11986580491065979,0.08643567562103271,0.1894763708114624,0,0.5254727005958557,0.08455608040094376,0.12150045484304428,0.08740074187517166,0.18107005953788757
4452,image_4261,D:\DataAI\AIEx\newdataset\yolo_f\images\train\Image_4261.jpg,0,1,1,0.1808234602212906,0.3534996211528778,0.1441633105278015,0.1322234869003296,0.1892901211977005,1,0.1781671643257141,0.3986298143863678,0.11967940628528595,0.0962531566619873,0.20727041363716125,1,0.1791084259748459,0.40244823694229126,0.12362625449895859,0.09633293002843857,0.1984841525554657
4459,image_4265,D:\DataAI\AIEx\newdataset\yolo_f\images\train\Image_4265.jpg,0,4,4,0.19472414255142212,0.14324629306793213,0.198452427983284,0.1493924856185913,0.31418466567993164,4,0.11937476694583893,0.06541650742292404,0.0983394980430603,0.10962244868278503,0.6072468161582947,4,0.12402189522981644,0.06600096821784973,0.10497455298900604,0.11321216821670532,0.5917904376983643
4460,image_4265,D:\DataAI\AIEx\newdataset\yolo_f\images\train\Image_4265.jpg,0,4,0,0.2800918519496918,0.1897655576467514,0.1414869874715805,0.15976972877979279,0.22888582944869995,0,0.35016006231307983,0.14497092366218567,0.09281449019908905,0.1098991185426712,0.3021554946899414,0,0.35334038734436035,0.13863325119018555,0.09599849581718445,0.11042896658182144,0.3015989065170288
4461,image_4265,D:\DataAI\AIEx\newdataset\yolo_f\images\train\Image_4265.jpg,0,1,1,0.16986282169818878,0.36208873987197876,0.12040252238512039,0.15222762525081635,0.19541823863983154,1,0.16047845780849457,0.43815943598747253,0.11231032013893127,0.1130756214261055,0.17597611248493195,1,0.16094736754894257,0.44105905294418335,0.11559654772281647,0.11133941262960434,0.1710575968027115
4494,image_4279,D:\DataAI\AIEx\newdataset\yolo_f\images\train\Image_4279.jpg,0,4,4,0.19019439816474915,0.13916662335395813,0.16295911371707916,0.13540135324001312,0.3722785711288452,4,0.14063087105751038,0.06297491490840912,0.0708807185292244,0.08179987221956253,0.6437135934829712,4,0.1404999941587448,0.06402707099914551,0.07829416543245316,0.0858566015958786,0.6313221454620361
4495,image_4279,D:\DataAI\AIEx\newdataset\yolo_f\images\train\Image_4279.jpg,0,1,1,0.15241631865501404,0.4056437909603119,0.16763421893119812,0.13278450071811676,0.14152124524116516,1,0.17881134152412415,0.4696540832519531,0.14434592425823212,0.08671978861093521,0.12046881020069122,1,0.17702259123325348,0.4734915792942047,0.14700937271118164,0.08668524026870728,0.11579126864671707
4496,image_428,D:\DataAI\AIEx\newdataset\yolo_f\images\train\Image_428.jpg,0,0,0,0.35498201847076416,0.15302346646785736,0.1667385995388031,0.16157549619674683,0.16368037462234497,0,0.632910966873169,0.1004585400223732,0.09053251147270203,0.08719640225172043,0.08890153467655182,0,0.638890266418457,0.09916370362043381,0.08952182531356812,0.08667200803756714,0.08575213700532913
4510,image_4286,D:\DataAI\AIEx\newdataset\yolo_f\images\train\Image_4286.jpg,0,1,1,0.1601254791021347,0.3770824670791626,0.1576165109872818,0.14412522315979004,0.16105033457279205,1,0.21791505813598633,0.39663219451904297,0.13457989692687988,0.11517054587602615,0.13570231199264526,1,0.21720686554908752,0.3988652229309082,0.13836538791656494,0.11389191448688507,0.13167063891887665
4515,image_4295,D:\DataAI\AIEx\newdataset\yolo_f\images\train\Image_4295.jpg,0,0,0,0.2964002788066864,0.12961912155151367,0.1962851881980896,0.15201930701732635,0.2256760597229004,0,0.4294944107532501,0.12313617765903473,0.13710877299308777,0.09700505435466766,0.21325552463531494,0,0.4329228699207306,0.12131962180137634,0.13966049253940582,0.09783496707677841,0.20826198160648346
4516,image_4295,D:\DataAI\AIEx\newdataset\yolo_f\images\train\Image_4295.jpg,0,1,1,0.13232985138893127,0.4139896333217621,0.15690353512763977,0.13033157587051392,0.16644543409347534,1,0.16736212372779846,0.46513280272483826,0.12560994923114777,0.08757958561182022,0.15431548655033112,1,0.1643693894147873,0.4635474681854248,0.12967067956924438,0.08744435012340546,0.15496812760829926
4521,image_4300,D:\DataAI\AIEx\newdataset\yolo_f\images\train\Image_4300.jpg,0,4,4,0.18495889008045197,0.1649186760187149,0.18737484514713287,0.160093754529953,0.30265381932258606,4,0.1265164166688919,0.07487431168556213,0.09492617845535278,0.08892855048179626,0.6147545576095581,4,0.13159556686878204,0.07708439230918884,0.1013297513127327,0.09214029461145401,0.5978500247001648
4523,image_4302,D:\DataAI\AIEx\newdataset\yolo_f\images\train\Image_4302.jpg,0,4,4,0.23494888842105865,0.18661631643772125,0.17658104002475739,0.1314753144979477,0.2703784704208374,0,0.38219350576400757,0.14422684907913208,0.12294942140579224,0.08521439135074615,0.2654157876968384,0,0.3879784643650055,0.13911820948123932,0.12855614721775055,0.08594602346420288,0.25840115547180176
4524,image_4302,D:\DataAI\AIEx\newdataset\yolo_f\images\train\Image_4302.jpg,0,2,2,0.1715880036354065,0.16777724027633667,0.28292316198349,0.16037391126155853,0.2173377126455307,2,0.2415914684534073,0.17228306829929352,0.2435104250907898,0.11937582492828369,0.22323919832706451,2,0.23694227635860443,0.18037299811840057,0.2457926720380783,0.119498111307621,0.2173939198255539
4533,image_4314,D:\DataAI\AIEx\newdataset\yolo_f\images\train\Image_4314.jpg,0,4,4,0.20345933735370636,0.1231493428349495,0.20684440433979034,0.16345858573913574,0.30308833718299866,4,0.1167517602443695,0.05520542338490486,0.11554280668497086,0.13382551074028015,0.5786744952201843,4,0.12175688147544861,0.05646471679210663,0.12345939129590988,0.13675054907798767,0.5615684986114502
4534,image_4314,D:\DataAI\AIEx\newdataset\yolo_f\images\train\Image_4314.jpg,0,4,4,0.1849767565727234,0.13423879444599152,0.19590376317501068,0.1447616070508957,0.34011903405189514,4,0.09359106421470642,0.06178624555468559,0.10434401035308838,0.10881481319665909,0.6314638257026672,4,0.09935291111469269,0.06191236898303032,0.11351650953292847,0.11574609577655792,0.6094721555709839
4541,image_4327,D:\DataAI\AIEx\newdataset\yolo_f\images\train\Image_4327.jpg,0,4,4,0.16853252053260803,0.1272687166929245,0.19050544500350952,0.16060204803943634,0.35309135913848877,4,0.07982536405324936,0.04781743884086609,0.08047673106193542,0.08555404096841812,0.706326425075531,4,0.08374158293008804,0.049630213528871536,0.08795178681612015,0.08980618417263031,0.6888701915740967
4546,image_4338,D:\DataAI\AIEx\newdataset\yolo_f\images\train\Image_4338.jpg,0,4,4,0.18313463032245636,0.14268893003463745,0.19899162650108337,0.16963225603103638,0.30555254220962524,4,0.10249897837638855,0.06855928152799606,0.11833607405424118,0.16063334047794342,0.5499722361564636,4,0.10631600767374039,0.06926271319389343,0.1284080445766449,0.16805019974708557,0.5279630422592163
4548,image_434,D:\DataAI\AIEx\newdataset\yolo_f\images\train\Image_434.jpg,0,0,0,0.3644298017024994,0.09870348870754242,0.1956598460674286,0.1746913343667984,0.1665155589580536,0,0.639768660068512,0.061358492821455,0.10687243938446045,0.10157287865877151,0.09042748808860779,0,0.6442736387252808,0.06113796308636665,0.10551243275403976,0.10041676461696625,0.08865922689437866
4555,image_4354,D:\DataAI\AIEx\newdataset\yolo_f\images\train\Image_4354.jpg,0,4,4,0.15940582752227783,0.10564670711755753,0.18185418844223022,0.17699618637561798,0.37609708309173584,4,0.07718464732170105,0.044770728796720505,0.09286270290613174,0.13624101877212524,0.648940920829773,4,0.08029814064502716,0.04615676403045654,0.10073414444923401,0.1378869265317917,0.634924054145813
4560,image_436,D:\DataAI\AIEx\newdataset\yolo_f\images\train\Image_436.jpg,0,0,0,0.32286518812179565,0.15652072429656982,0.18205232918262482,0.16090665757656097,0.17765508592128754,0,0.5364296436309814,0.1112460270524025,0.13701705634593964,0.09790870547294617,0.11739861965179443,0,0.5406644344329834,0.11093750596046448,0.13663475215435028,0.09740506112575531,0.11435825377702713
4566,image_4369,D:\DataAI\AIEx\newdataset\yolo_f\images\train\Image_4369.jpg,0,4,4,0.16040094196796417,0.12592582404613495,0.1754615306854248,0.17313678562641144,0.3650749623775482,4,0.0852036103606224,0.06264685094356537,0.10493125021457672,0.12470696866512299,0.6225113272666931,4,0.08891631662845612,0.06318703293800354,0.11070781946182251,0.12692591547966003,0.610262930393219
4572,image_4378,D:\DataAI\AIEx\newdataset\yolo_f\images\train\Image_4378.jpg,0,1,1,0.15825656056404114,0.3534519374370575,0.13245519995689392,0.14720116555690765,0.2086351066827774,1,0.17225460708141327,0.3805798292160034,0.12151119858026505,0.12981531023979187,0.19583909213542938,1,0.17584547400474548,0.3796677887439728,0.12322940677404404,0.12895958125591278,0.19229775667190552
4573,image_4378,D:\DataAI\AIEx\newdataset\yolo_f\images\train\Image_4378.jpg,0,0,0,0.36995068192481995,0.12256826460361481,0.19594481587409973,0.13868895173072815,0.17284727096557617,0,0.5952749252319336,0.07908285409212112,0.12880437076091766,0.09184632450342178,0.10499152541160583,0,0.6005935668945312,0.07836730778217316,0.12644948065280914,0.09113719314336777,0.10345245897769928
4583,image_4383,D:\DataAI\AIEx\newdataset\yolo_f\images\train\Image_4383.jpg,0,0,0,0.29355132579803467,0.17196013033390045,0.16495203971862793,0.1682104915380478,0.20132605731487274,0,0.46970587968826294,0.12545068562030792,0.11784356832504272,0.11385376006364822,0.1731460839509964,0,0.4858575165271759,0.11980806291103363,0.11695002764463425,0.11193104833364487,0.16545335948467255
4584,image_4383,D:\DataAI\AIEx\newdataset\yolo_f\images\train\Image_4383.jpg,0,1,1,0.1583704799413681,0.33207979798316956,0.18075664341449738,0.15150494873523712,0.17728814482688904,1,0.17369729280471802,0.4200524091720581,0.16475649178028107,0.11780179291963577,0.12369192391633987,1,0.17051272094249725,0.4268297553062439,0.16791950166225433,0.1148342713713646,0.11990376561880112
4587,image_439,D:\DataAI\AIEx\newdataset\yolo_f\images\train\Image_439.jpg,0,1,0,0.2830851376056671,0.22432176768779755,0.16387253999710083,0.1545957773923874,0.17412474751472473,0,0.47475486993789673,0.17622916400432587,0.11290214210748672,0.09610296785831451,0.14001089334487915,0,0.49531298875808716,0.16364061832427979,0.11108628660440445,0.09612266719341278,0.13383741676807404
4601,image_4405,D:\DataAI\AIEx\newdataset\yolo_f\images\train\Image_4405.jpg,0,4,4,0.2336578220129013,0.11532892286777496,0.18586765229701996,0.14555035531520844,0.31959521770477295,0,0.34500500559806824,0.09052905440330505,0.13599443435668945,0.11611068993806839,0.31236088275909424,0,0.3537682592868805,0.08994264155626297,0.13583508133888245,0.115145243704319,0.30530881881713867
4602,image_4407,D:\DataAI\AIEx\newdataset\yolo_f\images\train\Image_4407.jpg,0,4,4,0.15425695478916168,0.21415607631206512,0.17909640073776245,0.13961251080036163,0.3128780424594879,4,0.1574491411447525,0.17532745003700256,0.1628006398677826,0.11986202746629715,0.3845607042312622,4,0.1585870385169983,0.17178550362586975,0.1700679063796997,0.1204705461859703,0.37908902764320374
4606,image_4412,D:\DataAI\AIEx\newdataset\yolo_f\images\train\Image_4412.jpg,0,4,4,0.1438811868429184,0.1841977834701538,0.14654193818569183,0.1514308750629425,0.37394821643829346,4,0.09527723491191864,0.11669743806123734,0.17771431803703308,0.14204224944114685,0.4682687819004059,4,0.09837327897548676,0.11881418526172638,0.18236511945724487,0.14560475945472717,0.45484262704849243
4610,image_4419,D:\DataAI\AIEx\newdataset\yolo_f\images\train\Image_4419.jpg,0,4,4,0.1800485998392105,0.1374128758907318,0.1388300657272339,0.16534867882728577,0.3783598244190216,4,0.15789034962654114,0.10926122218370438,0.17092406749725342,0.1324571818113327,0.4294671416282654,4,0.16542761027812958,0.11421263962984085,0.17154401540756226,0.1333596110343933,0.4154561460018158
4613,image_4422,D:\DataAI\AIEx\newdataset\yolo_f\images\train\Image_4422.jpg,0,4,1,0.16879810392856598,0.3453981578350067,0.160678431391716,0.1448490023612976,0.18027633428573608,1,0.17705215513706207,0.3908315598964691,0.14912699162960052,0.12032056599855423,0.16266869008541107,1,0.17647680640220642,0.39183250069618225,0.15336252748966217,0.1190016120672226,0.15932653844356537
4619,image_4432,D:\DataAI\AIEx\newdataset\yolo_f\images\train\Image_4432.jpg,0,4,4,0.15693962574005127,0.15648041665554047,0.15511628985404968,0.15500104427337646,0.3764626383781433,4,0.10684061050415039,0.09521717578172684,0.22837238013744354,0.13343939185142517,0.43613043427467346,4,0.11212237179279327,0.09401053190231323,0.22876159846782684,0.13591858744621277,0.42918694019317627
4625,image_4440,D:\DataAI\AIEx\newdataset\yolo_f\images\train\Image_4440.jpg,0,4,4,0.21299205720424652,0.16929523646831512,0.1488078087568283,0.1701974719762802,0.2987074851989746,4,0.2089063972234726,0.14073412120342255,0.13759998977184296,0.1376781463623047,0.375081330537796,4,0.21699188649654388,0.1380670815706253,0.13675010204315186,0.13991248607635498,0.3682784140110016
4631,image_4447,D:\DataAI\AIEx\newdataset\yolo_f\images\train\Image_4447.jpg,0,4,4,0.1856922209262848,0.12324868142604828,0.1206514984369278,0.14962749183177948,0.42078009247779846,4,0.16913309693336487,0.1035878136754036,0.1062455028295517,0.11202166229486465,0.5090119242668152,4,0.17470534145832062,0.10302833467721939,0.10548568516969681,0.11386194825172424,0.5029187202453613
4639,image_4462,D:\DataAI\AIEx\newdataset\yolo_f\images\train\Image_4462.jpg,0,4,4,0.1918315589427948,0.14945994317531586,0.13043157756328583,0.15258821845054626,0.37568873167037964,4,0.1318984180688858,0.11305824667215347,0.08028595894575119,0.09661468863487244,0.5781427025794983,4,0.13600964844226837,0.10983241349458694,0.08444741368293762,0.09959263354539871,0.5701179504394531
4642,image_4467,D:\DataAI\AIEx\newdataset\yolo_f\images\train\Image_4467.jpg,0,4,4,0.19081054627895355,0.10990609973669052,0.11568088829517365,0.15206405520439148,0.4315384328365326,4,0.19612133502960205,0.09662526845932007,0.15257073938846588,0.12174326926469803,0.432939350605011,4,0.19867371022701263,0.09937617927789688,0.14996524155139923,0.12327691167593002,0.42870792746543884
4646,image_4470,D:\DataAI\AIEx\newdataset\yolo_f\images\train\Image_4470.jpg,0,4,4,0.16060099005699158,0.13106125593185425,0.10162182152271271,0.13849742710590363,0.46821847558021545,4,0.16442058980464935,0.11020606756210327,0.09625545144081116,0.10743268579244614,0.5216851830482483,4,0.17001326382160187,0.11143054813146591,0.09929178655147552,0.10853148251771927,0.5107329487800598
4650,image_4474,D:\DataAI\AIEx\newdataset\yolo_f\images\train\Image_4474.jpg,0,4,4,0.17452985048294067,0.1208152174949646,0.10036713629961014,0.13879920542240143,0.4654885232448578,4,0.15092511475086212,0.10577712953090668,0.10992419719696045,0.09781140089035034,0.5355620980262756,4,0.15586969256401062,0.1045573428273201,0.11096689105033875,0.1005280539393425,0.528078019618988
4660,image_4489,D:\DataAI\AIEx\newdataset\yolo_f\images\train\Image_4489.jpg,0,4,4,0.18389257788658142,0.21711628139019012,0.130693256855011,0.15787769854068756,0.3104201853275299,4,0.21002772450447083,0.20135807991027832,0.11628558486700058,0.11431168764829636,0.3580169677734375,4,0.21394596993923187,0.2041780650615692,0.11462128907442093,0.11491399258375168,0.3523406982421875
4668,image_4506,D:\DataAI\AIEx\newdataset\yolo_f\images\train\Image_4506.jpg,0,4,4,0.16269856691360474,0.20573167502880096,0.12757447361946106,0.16123123466968536,0.34276407957077026,4,0.1454988569021225,0.1783883422613144,0.1103697419166565,0.11603108793497086,0.44971203804016113,4,0.1470354199409485,0.1834498643875122,0.11335477232933044,0.11531618237495422,0.44084376096725464
4671,image_4509,D:\DataAI\AIEx\newdataset\yolo_f\images\train\Image_4509.jpg,0,4,4,0.1438649743795395,0.13839532434940338,0.1829417496919632,0.1482176035642624,0.38658028841018677,4,0.10169745236635208,0.0963950827717781,0.1588728427886963,0.10961468517780304,0.5334199666976929,4,0.10360315442085266,0.09742823243141174,0.1671248823404312,0.11099077761173248,0.5208529233932495
4678,image_452,D:\DataAI\AIEx\newdataset\yolo_f\images\train\Image_452.jpg,0,0,0,0.3517667055130005,0.132439985871315,0.1861020177602768,0.17209947109222412,0.15759184956550598,0,0.5808872580528259,0.10697437822818756,0.1058490201830864,0.11047665774822235,0.09581263363361359,0,0.5878750085830688,0.10603458434343338,0.10383529961109161,0.10864261537790298,0.09361249953508377
4679,image_4522,D:\DataAI\AIEx\newdataset\yolo_f\images\train\Image_4522.jpg,0,4,4,0.1817650943994522,0.1418566107749939,0.16274026036262512,0.17425477504730225,0.33938321471214294,4,0.1322784572839737,0.11018553376197815,0.22016987204551697,0.16982463002204895,0.36754146218299866,4,0.1410398781299591,0.10664550215005875,0.21925973892211914,0.17260001599788666,0.36045485734939575
4688,image_454,D:\DataAI\AIEx\newdataset\yolo_f\images\train\Image_454.jpg,0,0,0,0.3528607487678528,0.14572839438915253,0.14938007295131683,0.17650949954986572,0.17552132904529572,0,0.5696210861206055,0.13434138894081116,0.09269394725561142,0.10716623812913895,0.09617727249860764,0,0.5718420743942261,0.13439029455184937,0.0928395614027977,0.10691393166780472,0.09401410818099976
4692,image_4545,D:\DataAI\AIEx\newdataset\yolo_f\images\train\Image_4545.jpg,0,4,4,0.17151932418346405,0.16242419183254242,0.16458745300769806,0.16744183003902435,0.3340272307395935,4,0.14179828763008118,0.12453519552946091,0.13707111775875092,0.12592221796512604,0.470673143863678,4,0.14103196561336517,0.11258479207754135,0.14534111320972443,0.12990747392177582,0.4711346924304962
4696,image_455,D:\DataAI\AIEx\newdataset\yolo_f\images\train\Image_455.jpg,0,0,0,0.3496341407299042,0.11728615313768387,0.1683150976896286,0.18699441850185394,0.17777027189731598,0,0.6230005025863647,0.08895482867956161,0.0884016826748848,0.10957487672567368,0.09006814658641815,0,0.6222526431083679,0.09076043963432312,0.08886341005563736,0.10933688282966614,0.08878669887781143
4704,image_4562,D:\DataAI\AIEx\newdataset\yolo_f\images\train\Image_4562.jpg,0,4,4,0.1767684817314148,0.19083817303180695,0.17666053771972656,0.15234436094760895,0.30338844656944275,4,0.1762775480747223,0.18003830313682556,0.16794930398464203,0.11463162302970886,0.36110326647758484,4,0.17948374152183533,0.17550469934940338,0.1746622920036316,0.11631204932928085,0.35403719544410706
4706,image_4565,D:\DataAI\AIEx\newdataset\yolo_f\images\train\Image_4565.jpg,0,4,4,0.20352083444595337,0.1347588151693344,0.17434826493263245,0.16304443776607513,0.324327677488327,4,0.2606346905231476,0.08269214630126953,0.11174817383289337,0.10660999268293381,0.4383150339126587,4,0.27198120951652527,0.08311105519533157,0.11604242771863937,0.10979989171028137,0.4190653860569
4714,image_4580,D:\DataAI\AIEx\newdataset\yolo_f\images\train\Image_4580.jpg,0,4,4,0.2257504165172577,0.12964965403079987,0.15490104258060455,0.14430588483810425,0.3453930616378784,4,0.21457445621490479,0.12201809138059616,0.12686489522457123,0.09524364769458771,0.44129887223243713,4,0.22090747952461243,0.12015849351882935,0.13154514133930206,0.09809814393520355,0.42929068207740784
4716,image_4583,D:\DataAI\AIEx\newdataset\yolo_f\images\train\Image_4583.jpg,0,4,4,0.16071048378944397,0.13508044183254242,0.11962014436721802,0.15096808969974518,0.433620810508728,4,0.13083653151988983,0.06664059311151505,0.06968572735786438,0.11214271187782288,0.6206943988800049,4,0.13176430761814117,0.0667741671204567,0.07428226619958878,0.1128835678100586,0.6142956614494324
4722,image_4594,D:\DataAI\AIEx\newdataset\yolo_f\images\train\Image_4594.jpg,0,4,4,0.16041800379753113,0.201981320977211,0.11164198070764542,0.17032578587532043,0.35563284158706665,4,0.1311691552400589,0.145327627658844,0.14528001844882965,0.18630710244178772,0.39191609621047974,4,0.13476164638996124,0.1453791856765747,0.13808339834213257,0.182851642370224,0.39892417192459106
4727,image_460,D:\DataAI\AIEx\newdataset\yolo_f\images\train\Image_460.jpg,0,0,0,0.32554230093955994,0.15383896231651306,0.16715769469738007,0.17817647755146027,0.17528462409973145,0,0.45307791233062744,0.1824399083852768,0.11554360389709473,0.1287035197019577,0.12023510038852692,0,0.46041467785835266,0.17913661897182465,0.11497532576322556,0.12667842209339142,0.11879492551088333
4729,image_4602,D:\DataAI\AIEx\newdataset\yolo_f\images\train\Image_4602.jpg,0,4,4,0.1797853261232376,0.15283982455730438,0.10622221231460571,0.14021897315979004,0.42093363404273987,4,0.16520537436008453,0.11979442834854126,0.07984746992588043,0.11334624141454697,0.5218064785003662,4,0.17227180302143097,0.12320755422115326,0.08192607760429382,0.11540783941745758,0.5071866512298584
4737,image_4617,D:\DataAI\AIEx\newdataset\yolo_f\images\train\Image_4617.jpg,0,4,4,0.1587217003107071,0.1647244095802307,0.10072588175535202,0.14138583838939667,0.4344421923160553,4,0.1600833237171173,0.12729422748088837,0.10734555125236511,0.13273487985134125,0.47254204750061035,4,0.16610299050807953,0.12811356782913208,0.1039964109659195,0.13044525682926178,0.47134169936180115
4740,image_4620,D:\DataAI\AIEx\newdataset\yolo_f\images\train\Image_4620.jpg,0,4,4,0.20583608746528625,0.13011866807937622,0.09070442616939545,0.1408570408821106,0.4324837625026703,4,0.21998055279254913,0.10472630709409714,0.06856013834476471,0.111285500228405,0.49544745683670044,4,0.22926773130893707,0.10409142822027206,0.07109279185533524,0.11344616860151291,0.4821019172668457
4746,image_4628,D:\DataAI\AIEx\newdataset\yolo_f\images\train\Image_4628.jpg,0,4,4,0.16859430074691772,0.11081700026988983,0.11258839815855026,0.12975813448429108,0.47824224829673767,4,0.14015863835811615,0.07575812935829163,0.0714254081249237,0.08442077040672302,0.6282370686531067,4,0.149068221449852,0.07298476248979568,0.07268403470516205,0.08587361127138138,0.6193892955780029
4751,image_4636,D:\DataAI\AIEx\newdataset\yolo_f\images\train\Image_4636.jpg,0,4,4,0.151968315243721,0.12293287366628647,0.10788752138614655,0.15179254114627838,0.4654186964035034,4,0.09982863813638687,0.06489922851324081,0.06073444336652756,0.10364856570959091,0.670889139175415,4,0.10190807282924652,0.06457043439149857,0.0650797188282013,0.10513069480657578,0.6633111238479614
4754,image_4640,D:\DataAI\AIEx\newdataset\yolo_f\images\train\Image_4640.jpg,0,4,4,0.13012169301509857,0.1325741857290268,0.1455630362033844,0.1665409505367279,0.42520010471343994,4,0.08360473066568375,0.09041734039783478,0.1935725063085556,0.1627921760082245,0.46961331367492676,4,0.08595746010541916,0.09100262820720673,0.1848394274711609,0.16218459606170654,0.47601592540740967
4758,image_4649,D:\DataAI\AIEx\newdataset\yolo_f\images\train\Image_4649.jpg,0,4,4,0.1806439757347107,0.1445072889328003,0.18123072385787964,0.1469363421201706,0.3466816842556,4,0.12771040201187134,0.07287320494651794,0.10437897592782974,0.09415930509567261,0.6008780002593994,4,0.12552708387374878,0.07020147889852524,0.10680250078439713,0.0957726314663887,0.6016963124275208
4764,image_466,D:\DataAI\AIEx\newdataset\yolo_f\images\train\Image_466.jpg,0,1,1,0.2148536741733551,0.3290528655052185,0.15160183608531952,0.15306518971920013,0.15142638981342316,0,0.3602391481399536,0.3091926574707031,0.11735007166862488,0.11418519914150238,0.0990329384803772,0,0.36393478512763977,0.3060988485813141,0.11723460257053375,0.11327003687620163,0.09946171194314957
4773,image_4674,D:\DataAI\AIEx\newdataset\yolo_f\images\train\Image_4674.jpg,0,4,4,0.16182838380336761,0.10293299704790115,0.1624828279018402,0.1258927881717682,0.44686299562454224,4,0.0912354588508606,0.04752101004123688,0.07138306647539139,0.07732125371694565,0.7125392556190491,4,0.08995024114847183,0.04653717949986458,0.07896607369184494,0.08179883658885956,0.7027477025985718
4774,image_4675,D:\DataAI\AIEx\newdataset\yolo_f\images\train\Image_4675.jpg,0,4,4,0.1808202862739563,0.10685331374406815,0.16042618453502655,0.14248518645763397,0.40941503643989563,4,0.1200222596526146,0.05112363398075104,0.0685553252696991,0.09158814698457718,0.6687106490135193,4,0.11776626855134964,0.049188464879989624,0.07601647078990936,0.09358164668083191,0.6634470820426941
4788,image_4701,D:\DataAI\AIEx\newdataset\yolo_f\images\train\Image_4701.jpg,0,4,4,0.19116221368312836,0.12237614393234253,0.1783124804496765,0.174157977104187,0.3339911699295044,4,0.11291525512933731,0.05178460106253624,0.10378997772932053,0.1448451727628708,0.5866649746894836,4,0.11639509350061417,0.05339433625340462,0.10943423211574554,0.1471434235572815,0.5736328959465027
4789,image_4703,D:\DataAI\AIEx\newdataset\yolo_f\images\train\Image_4703.jpg,0,4,4,0.15962861478328705,0.17898516356945038,0.18718644976615906,0.16028328239917755,0.31391650438308716,4,0.08664371073246002,0.06841184943914413,0.08962173014879227,0.10958023369312286,0.6457424759864807,4,0.09020877629518509,0.07035579532384872,0.09679203480482101,0.11332036554813385,0.6293230652809143
4791,image_4706,D:\DataAI\AIEx\newdataset\yolo_f\images\train\Image_4706.jpg,0,4,4,0.16323843598365784,0.1783677637577057,0.19204874336719513,0.1611524522304535,0.30519264936447144,4,0.08912765234708786,0.07164078205823898,0.09532816708087921,0.10951989889144897,0.6343836188316345,4,0.09308436512947083,0.07319064438343048,0.10252480208873749,0.11332231760025024,0.6178779006004333
4797,image_471,D:\DataAI\AIEx\newdataset\yolo_f\images\train\Image_471.jpg,0,0,0,0.26264137029647827,0.24593865871429443,0.17066019773483276,0.16131286323070526,0.15944688022136688,0,0.47173812985420227,0.19436973333358765,0.10994809865951538,0.11575669795274734,0.10818734019994736,0,0.4736745059490204,0.19746515154838562,0.10934357345104218,0.11314696073532104,0.10636985301971436
4806,image_4726,D:\DataAI\AIEx\newdataset\yolo_f\images\train\Image_4726.jpg,0,4,4,0.16828086972236633,0.1766047477722168,0.18192359805107117,0.15894199907779694,0.31424880027770996,4,0.09092175960540771,0.07415927201509476,0.10272975265979767,0.09710048139095306,0.6350887417793274,4,0.09415240585803986,0.07453637570142746,0.1088835597038269,0.10106302052736282,0.6213645339012146
4815,image_4739,D:\DataAI\AIEx\newdataset\yolo_f\images\train\Image_4739.jpg,0,4,4,0.17738212645053864,0.15491065382957458,0.1951303333044052,0.1619577407836914,0.3106191158294678,4,0.09693101793527603,0.06913262605667114,0.12451889365911484,0.10389527678489685,0.6055221557617188,4,0.10326418280601501,0.0692206472158432,0.12997424602508545,0.10925929248332977,0.5882816314697266
4818,image_4742,D:\DataAI\AIEx\newdataset\yolo_f\images\train\Image_4742.jpg,0,4,4,0.17505492269992828,0.13187375664710999,0.20276960730552673,0.16283749043941498,0.32746419310569763,4,0.09618296474218369,0.05579310655593872,0.13764627277851105,0.09550048410892487,0.6148771643638611,4,0.10087316483259201,0.05732544884085655,0.1443236917257309,0.09915589541196823,0.598321795463562
4829,image_4761,D:\DataAI\AIEx\newdataset\yolo_f\images\train\Image_4761.jpg,0,4,4,0.1899675726890564,0.13058434426784515,0.16619788110256195,0.15346373617649078,0.35978639125823975,4,0.14281295239925385,0.07412438839673996,0.0848141610622406,0.07346218824386597,0.6247862577438354,4,0.14016054570674896,0.07445444166660309,0.09022766351699829,0.0773940458893776,0.6177632808685303
4832,image_4764,D:\DataAI\AIEx\newdataset\yolo_f\images\train\Image_4764.jpg,0,4,4,0.2173006534576416,0.2041427195072174,0.12843723595142365,0.15968601405620575,0.2904333770275116,0,0.28826940059661865,0.20433449745178223,0.11075901240110397,0.1105438843369484,0.28609317541122437,0,0.2847508192062378,0.21172818541526794,0.1147807165980339,0.11114247888326645,0.2775978446006775
4833,image_4765,D:\DataAI\AIEx\newdataset\yolo_f\images\train\Image_4765.jpg,0,4,4,0.2033243328332901,0.1866970658302307,0.14733585715293884,0.15169678628444672,0.31094595789909363,4,0.26981109380722046,0.17645496129989624,0.12320080399513245,0.10480963438749313,0.3257234990596771,4,0.26887768507003784,0.18123744428157806,0.1273311972618103,0.10563802719116211,0.3169156610965729
4837,image_477,D:\DataAI\AIEx\newdataset\yolo_f\images\train\Image_477.jpg,0,0,0,0.30695584416389465,0.1976010948419571,0.15109097957611084,0.15713220834732056,0.18721987307071686,0,0.5440968871116638,0.12910091876983643,0.0959901362657547,0.10319932550191879,0.12761273980140686,0,0.5493336319923401,0.1283695101737976,0.09473871439695358,0.10174137353897095,0.12581677734851837
4844,image_4779,D:\DataAI\AIEx\newdataset\yolo_f\images\train\Image_4779.jpg,0,4,4,0.1687294989824295,0.12117653340101242,0.16054627299308777,0.141892671585083,0.4076549708843231,4,0.12159693241119385,0.06981609761714935,0.08766811341047287,0.0827920213341713,0.638126790523529,4,0.12235668301582336,0.06935129314661026,0.09551437944173813,0.08492826670408249,0.6278493404388428
4847,image_4783,D:\DataAI\AIEx\newdataset\yolo_f\images\train\Image_4783.jpg,0,4,4,0.16054125130176544,0.11485022306442261,0.1607220470905304,0.14379805326461792,0.4200884699821472,4,0.10665237903594971,0.058542657643556595,0.09555454552173615,0.08784104138612747,0.6514093279838562,4,0.10812492668628693,0.05814990773797035,0.1040131151676178,0.09153285622596741,0.6381792426109314
4858,image_48,D:\DataAI\AIEx\newdataset\yolo_f\images\train\Image_48.jpg,0,0,0,0.3354795575141907,0.15722772479057312,0.17490319907665253,0.1850186586380005,0.1473708152770996,0,0.5794315338134766,0.1229107454419136,0.10938382893800735,0.10992106050252914,0.07835275679826736,0,0.5798707008361816,0.12259439378976822,0.1093505322933197,0.11010094732046127,0.07808344811201096
4860,image_4800,D:\DataAI\AIEx\newdataset\yolo_f\images\train\Image_4800.jpg,0,4,4,0.16377772390842438,0.1431410163640976,0.1673535406589508,0.12583722174167633,0.3998905122280121,4,0.12229776382446289,0.07844731211662292,0.08462008833885193,0.06904882192611694,0.6455859541893005,4,0.12222471833229065,0.07745587080717087,0.09479659795761108,0.07262145727872849,0.6329013705253601
4867,image_4814,D:\DataAI\AIEx\newdataset\yolo_f\images\train\Image_4814.jpg,0,4,4,0.20351198315620422,0.14590270817279816,0.15255211293697357,0.1575632244348526,0.34046998620033264,4,0.15538142621517181,0.09363888949155807,0.08884581178426743,0.09186233580112457,0.5702715516090393,4,0.15557953715324402,0.09655603021383286,0.09419351071119308,0.0951966643333435,0.5584742426872253
4869,image_4818,D:\DataAI\AIEx\newdataset\yolo_f\images\train\Image_4818.jpg,0,4,4,0.2243008315563202,0.1146559864282608,0.1165992021560669,0.14291521906852722,0.40152880549430847,4,0.3628167510032654,0.084333635866642,0.07584536075592041,0.10221751779317856,0.37478670477867126,4,0.36008307337760925,0.08502276986837387,0.07823795080184937,0.10320023447275162,0.3734559416770935
4872,image_4822,D:\DataAI\AIEx\newdataset\yolo_f\images\train\Image_4822.jpg,0,4,4,0.1836041659116745,0.14969412982463837,0.15813502669334412,0.15164782106876373,0.3569188416004181,4,0.1431632936000824,0.07776571810245514,0.08511337637901306,0.08161557465791702,0.6123420596122742,4,0.14299146831035614,0.0790097564458847,0.09077732264995575,0.08437027037143707,0.602851152420044
4879,image_4832,D:\DataAI\AIEx\newdataset\yolo_f\images\train\Image_4832.jpg,0,2,2,0.1684083640575409,0.12820367515087128,0.3742097318172455,0.13718736171722412,0.19199083745479584,2,0.10268061608076096,0.05964266136288643,0.6158689856529236,0.10261553525924683,0.1191922128200531,2,0.10820867121219635,0.06022750213742256,0.6043893098831177,0.10394461452960968,0.12322992831468582
4884,image_4838,D:\DataAI\AIEx\newdataset\yolo_f\images\train\Image_4838.jpg,0,4,4,0.1586596518754959,0.19227024912834167,0.18456396460533142,0.15693554282188416,0.30757060647010803,4,0.08594892919063568,0.07844908535480499,0.09121371060609818,0.1061834990978241,0.6382047533988953,4,0.08983076363801956,0.07989785820245743,0.0985984206199646,0.11082055419683456,0.6208524107933044
4889,image_4843,D:\DataAI\AIEx\newdataset\yolo_f\images\train\Image_4843.jpg,0,4,4,0.14479993283748627,0.16865983605384827,0.20323821902275085,0.16491295397281647,0.3183891177177429,4,0.07594497501850128,0.06953325867652893,0.08911804854869843,0.09948165714740753,0.6659220457077026,4,0.07796698063611984,0.06861042231321335,0.09909426420927048,0.10161282122135162,0.6527155041694641
4895,image_4852,D:\DataAI\AIEx\newdataset\yolo_f\images\train\Image_4852.jpg,0,4,4,0.17337936162948608,0.10300163179636002,0.1824703961610794,0.18206878006458282,0.3590797781944275,4,0.08412046730518341,0.04245840385556221,0.09544513374567032,0.1275184452533722,0.6504575610160828,4,0.0886010006070137,0.04321299493312836,0.10326050221920013,0.1307944506406784,0.6341310143470764
4899,image_4858,D:\DataAI\AIEx\newdataset\yolo_f\images\train\Image_4858.jpg,0,4,4,0.16009901463985443,0.110541433095932,0.18169286847114563,0.17074958980083466,0.37691712379455566,4,0.08752705901861191,0.046017397195100784,0.12725117802619934,0.12932494282722473,0.6098793745040894,4,0.08850377053022385,0.04716147854924202,0.1300511360168457,0.12932515144348145,0.6049584746360779
4901,image_4862,D:\DataAI\AIEx\newdataset\yolo_f\images\train\Image_4862.jpg,0,4,4,0.15386083722114563,0.11035602539777756,0.18145209550857544,0.16480502486228943,0.3895259499549866,4,0.07333347201347351,0.046935342252254486,0.11310842633247375,0.1091858521103859,0.6574369072914124,4,0.07667896151542664,0.047587353736162186,0.12056484818458557,0.11273800581693649,0.64243084192276
4909,image_4866__23e35234,D:\DataAI\AIEx\newdataset\yolo_f\images\train\Image_4866__23e35234.jpg,0,4,4,0.1581791192293167,0.20161280035972595,0.1678004115819931,0.13742326200008392,0.3349844217300415,4,0.09599390625953674,0.10014849156141281,0.09235132485628128,0.08209120482206345,0.6294150948524475,4,0.1000010222196579,0.09894997626543045,0.09688054025173187,0.08506421744823456,0.619104266166687
4912,image_4868,D:\DataAI\AIEx\newdataset\yolo_f\images\train\Image_4868.jpg,0,4,4,0.18604956567287445,0.19286105036735535,0.17399680614471436,0.144839808344841,0.30225270986557007,4,0.12258122116327286,0.11082255840301514,0.10960680991411209,0.09017293900251389,0.5668164491653442,4,0.12954162061214447,0.10855159908533096,0.11520393192768097,0.09344343841075897,0.5532593727111816
4919,image_4876,D:\DataAI\AIEx\newdataset\yolo_f\images\train\Image_4876.jpg,0,4,4,0.17517878115177155,0.1744396835565567,0.18065698444843292,0.15537908673286438,0.3143455684185028,4,0.1143452376127243,0.10519024729728699,0.106374591588974,0.08853960782289505,0.5855503082275391,4,0.11978983134031296,0.10446279495954514,0.1118783950805664,0.09020045399665833,0.5736685395240784
4922,image_4880,D:\DataAI\AIEx\newdataset\yolo_f\images\train\Image_4880.jpg,0,4,4,0.17057563364505768,0.16398116946220398,0.19479204714298248,0.159734845161438,0.31091630458831787,4,0.09133113920688629,0.06782357394695282,0.11415694653987885,0.08430208265781403,0.6423861980438232,4,0.09481368213891983,0.06921880692243576,0.11895835399627686,0.08792262524366379,0.6290865540504456
4926,image_4886,D:\DataAI\AIEx\newdataset\yolo_f\images\train\Image_4886.jpg,0,4,4,0.16143518686294556,0.1874023824930191,0.1705387681722641,0.16313432157039642,0.3174893260002136,4,0.09598446637392044,0.09820560365915298,0.10148768872022629,0.09567826241254807,0.6086440682411194,4,0.09977404028177261,0.0991409420967102,0.10663630813360214,0.09903333336114883,0.5954154133796692
4930,image_4892,D:\DataAI\AIEx\newdataset\yolo_f\images\train\Image_4892.jpg,0,0,0,0.3592362105846405,0.13739967346191406,0.16437126696109772,0.18643929064273834,0.152553528547287,0,0.5520308613777161,0.09689218550920486,0.11364047974348068,0.13111145794391632,0.1063249409198761,0,0.5568447113037109,0.09526419639587402,0.11380214244127274,0.13001812994480133,0.10407084226608276
4939,image_4907,D:\DataAI\AIEx\newdataset\yolo_f\images\train\Image_4907.jpg,0,0,0,0.3351841866970062,0.1639648675918579,0.1575484573841095,0.19534125924110413,0.14796118438243866,0,0.5027143955230713,0.12145132571458817,0.1107180044054985,0.1557745784521103,0.10934169590473175,0,0.5075836181640625,0.11995087563991547,0.11099840700626373,0.15355196595191956,0.10791512578725815
4941,image_4911,D:\DataAI\AIEx\newdataset\yolo_f\images\train\Image_4911.jpg,0,4,4,0.16350910067558289,0.19850704073905945,0.17664851248264313,0.15719065070152283,0.30414465069770813,4,0.08670411258935928,0.07959132641553879,0.09504931420087814,0.10532064735889435,0.6333345770835876,4,0.08966289460659027,0.0816943347454071,0.10119826346635818,0.10950552672147751,0.6179389953613281
4945,image_4918,D:\DataAI\AIEx\newdataset\yolo_f\images\train\Image_4918.jpg,0,4,4,0.18725919723510742,0.14090338349342346,0.19463559985160828,0.16245797276496887,0.31474387645721436,4,0.1339518278837204,0.07337525486946106,0.10440949350595474,0.09016784280538559,0.5980955958366394,4,0.13563568890094757,0.07186240702867508,0.10801561176776886,0.09425508230924606,0.5902312397956848
4953,image_4932,D:\DataAI\AIEx\newdataset\yolo_f\images\train\Image_4932.jpg,0,4,4,0.15994292497634888,0.19219958782196045,0.18718399107456207,0.16084475815296173,0.29982879757881165,4,0.09405992180109024,0.08081180602312088,0.09768853336572647,0.10370876640081406,0.6237309575080872,4,0.09671592712402344,0.08286058157682419,0.10392846912145615,0.10608958452939987,0.610405445098877
4962,image_495,D:\DataAI\AIEx\newdataset\yolo_f\images\train\Image_495.jpg,0,3,3,0.17957641184329987,0.15540573000907898,0.20831561088562012,0.27480146288871765,0.1819007694721222,3,0.11479950696229935,0.09209921956062317,0.27811408042907715,0.3658289909362793,0.14915816485881805,3,0.11688953638076782,0.09424538165330887,0.27834153175354004,0.36028391122817993,0.15023960173130035
4966,image_496,D:\DataAI\AIEx\newdataset\yolo_f\images\train\Image_496.jpg,0,3,3,0.17052175104618073,0.14633159339427948,0.19563208520412445,0.2978742718696594,0.18964026868343353,3,0.10509736835956573,0.07528301328420639,0.19105830788612366,0.45025116205215454,0.17831012606620789,3,0.10846889764070511,0.07838201522827148,0.19626544415950775,0.43661460280418396,0.18026897311210632
4969,image_4968,D:\DataAI\AIEx\newdataset\yolo_f\images\train\Image_4968.jpg,0,4,4,0.14925935864448547,0.15210068225860596,0.20266041159629822,0.17136062681674957,0.3246189057826996,4,0.0701177567243576,0.05518758296966553,0.09468657523393631,0.09039546549320221,0.689612627029419,4,0.07402980327606201,0.05763585865497589,0.10328434407711029,0.09652014821767807,0.6685298085212708
4973,image_4971,D:\DataAI\AIEx\newdataset\yolo_f\images\train\Image_4971.jpg,0,4,4,0.15149405598640442,0.1647275686264038,0.19730181992053986,0.1723031997680664,0.3141733705997467,4,0.0756734162569046,0.06298168748617172,0.0861128568649292,0.09146648645401001,0.6837655305862427,4,0.07995674759149551,0.06571374833583832,0.09407741576433182,0.09719638526439667,0.6630557179450989
4974,image_4973,D:\DataAI\AIEx\newdataset\yolo_f\images\train\Image_4973.jpg,0,4,4,0.16517207026481628,0.16907300055027008,0.18828672170639038,0.17953473329544067,0.2979334592819214,4,0.09199227392673492,0.06938813626766205,0.10266244411468506,0.11310530453920364,0.6228517889976501,4,0.09705498814582825,0.07097100466489792,0.11047989875078201,0.11722803860902786,0.6042661070823669
4982,image_4985,D:\DataAI\AIEx\newdataset\yolo_f\images\train\Image_4985.jpg,0,4,4,0.15595827996730804,0.13617107272148132,0.20322924852371216,0.16285043954849243,0.3417910039424896,4,0.09240394085645676,0.058951765298843384,0.10551665723323822,0.09737001359462738,0.6457576155662537,4,0.0958881601691246,0.059986796230077744,0.1126415953040123,0.10245706140995026,0.6290264129638672
4986,image_4991,D:\DataAI\AIEx\newdataset\yolo_f\images\train\Image_4991.jpg,0,4,4,0.1594163030385971,0.14225377142429352,0.18987461924552917,0.15871645510196686,0.3497387766838074,4,0.11284247785806656,0.0728239044547081,0.11181499809026718,0.10196451842784882,0.6005541086196899,4,0.11872849613428116,0.07370603084564209,0.1189226508140564,0.10584036260843277,0.582802414894104
4999,image_5,D:\DataAI\AIEx\newdataset\yolo_f\images\train\Image_5.jpg,0,0,1,0.2531890571117401,0.2618301212787628,0.15454833209514618,0.17432376742362976,0.15610875189304352,0,0.48482364416122437,0.17045317590236664,0.09367847442626953,0.10578034073114395,0.14526429772377014,0,0.4867875874042511,0.17102496325969696,0.09636850655078888,0.1073748990893364,0.1384439766407013
5016,image_5017,D:\DataAI\AIEx\newdataset\yolo_f\images\train\Image_5017.jpg,0,4,4,0.15210282802581787,0.18793946504592896,0.1857730895280838,0.16820500791072845,0.30597957968711853,4,0.09237891435623169,0.08805885910987854,0.10062072426080704,0.10269778221845627,0.6162437200546265,4,0.09593822807073593,0.09000207483768463,0.1078629419207573,0.10683243721723557,0.5993643999099731
5017,image_5017,D:\DataAI\AIEx\newdataset\yolo_f\images\train\Image_5017.jpg,0,4,4,0.15533150732517242,0.18237082660198212,0.18556544184684753,0.15995420515537262,0.3167779743671417,4,0.09974388033151627,0.08409109711647034,0.09598951041698456,0.09447368234395981,0.6257018446922302,4,0.10563560575246811,0.08686846494674683,0.10294781625270844,0.09797098487615585,0.6065770983695984
5019,image_502,D:\DataAI\AIEx\newdataset\yolo_f\images\train\Image_502.jpg,0,0,0,0.339099645614624,0.1667412370443344,0.16193602979183197,0.16281285881996155,0.16941018402576447,0,0.6120752692222595,0.09894654154777527,0.09030910581350327,0.09636242687702179,0.10230664163827896,0,0.6185402274131775,0.09648233652114868,0.08925076574087143,0.09676976501941681,0.0989568755030632
5022,image_5025,D:\DataAI\AIEx\newdataset\yolo_f\images\train\Image_5025.jpg,0,4,4,0.15689575672149658,0.18290074169635773,0.18818272650241852,0.16194505989551544,0.31007564067840576,4,0.09216440469026566,0.08363562822341919,0.09811855107545853,0.08947478234767914,0.6366066932678223,4,0.09743381291627884,0.08617690950632095,0.10528174042701721,0.09350354969501495,0.6176040172576904
5034,image_5032,D:\DataAI\AIEx\newdataset\yolo_f\images\train\Image_5032.jpg,0,4,4,0.15016722679138184,0.1599854677915573,0.2008332908153534,0.1654522567987442,0.32356172800064087,4,0.07266726344823837,0.06032906845211983,0.08876653015613556,0.07900924980640411,0.6992279291152954,4,0.07691096514463425,0.06285715848207474,0.09719663113355637,0.08493568003177643,0.6780995726585388
5035,image_5032,D:\DataAI\AIEx\newdataset\yolo_f\images\train\Image_5032.jpg,0,4,4,0.15825572609901428,0.17556880414485931,0.19185645878314972,0.1607220470905304,0.3135969042778015,4,0.09139736741781235,0.07666822522878647,0.088016077876091,0.08496134728193283,0.6589570045471191,4,0.09632644057273865,0.07814209163188934,0.09514907002449036,0.0896376445889473,0.640744686126709
5041,image_5038,D:\DataAI\AIEx\newdataset\yolo_f\images\train\Image_5038.jpg,0,4,4,0.17256349325180054,0.1739930957555771,0.18950480222702026,0.1608675718307495,0.3030710816383362,4,0.10199619084596634,0.08117689937353134,0.08883505314588547,0.08174672722816467,0.6462451219558716,4,0.10583110898733139,0.08070234209299088,0.09534403681755066,0.0858413502573967,0.6322811245918274
5042,image_5038,D:\DataAI\AIEx\newdataset\yolo_f\images\train\Image_5038.jpg,0,4,4,0.18025606870651245,0.1556786745786667,0.1866404414176941,0.1631486862897873,0.3142760992050171,4,0.095004141330719,0.06622575968503952,0.08348582684993744,0.08137179911136627,0.6739124655723572,4,0.0995834618806839,0.06736106425523758,0.09108898788690567,0.08631164580583572,0.6556548476219177
5045,image_504,D:\DataAI\AIEx\newdataset\yolo_f\images\train\Image_504.jpg,0,0,0,0.28810107707977295,0.1647462546825409,0.18751168251037598,0.1575867235660553,0.20205426216125488,0,0.5426440834999084,0.10749481618404388,0.11303425580263138,0.09952974319458008,0.1372971534729004,0,0.5521867275238037,0.10575723648071289,0.11161664873361588,0.09866850078105927,0.13177087903022766
5046,image_5040,D:\DataAI\AIEx\newdataset\yolo_f\images\train\Image_5040.jpg,0,4,4,0.18988581001758575,0.1600947082042694,0.1861415058374405,0.16314327716827393,0.3007346987724304,4,0.11248841136693954,0.07490820437669754,0.08903556317090988,0.08428090810775757,0.6392870545387268,4,0.11821813881397247,0.07608041912317276,0.09620901197195053,0.08903047442436218,0.6204620003700256
5047,image_5040,D:\DataAI\AIEx\newdataset\yolo_f\images\train\Image_5040.jpg,0,4,4,0.16976241767406464,0.17423240840435028,0.1919233500957489,0.1590774655342102,0.3050043284893036,4,0.10536332428455353,0.08007775247097015,0.08814984560012817,0.08348366618156433,0.6429254412651062,4,0.10738621652126312,0.08130328357219696,0.09431939572095871,0.08623744547367096,0.6307536363601685
5060,image_5047,D:\DataAI\AIEx\newdataset\yolo_f\images\train\Image_5047.jpg,0,4,4,0.15068773925304413,0.16941863298416138,0.20156779885292053,0.16200971603393555,0.3163160979747772,4,0.0859258696436882,0.07179775834083557,0.10029948502779007,0.09210579097270966,0.6498710513114929,4,0.09122364223003387,0.07414326071739197,0.10860202461481094,0.09792822599411011,0.6281027793884277
5061,image_5047,D:\DataAI\AIEx\newdataset\yolo_f\images\train\Image_5047.jpg,0,4,4,0.17166487872600555,0.1563282310962677,0.19480231404304504,0.1671764999628067,0.3100280463695526,4,0.0992836281657219,0.06783860921859741,0.09225920587778091,0.0860709547996521,0.6545475721359253,4,0.10425348579883575,0.0694466382265091,0.10038034617900848,0.0909070074558258,0.6350125074386597
5068,image_5053,D:\DataAI\AIEx\newdataset\yolo_f\images\train\Image_5053.jpg,0,0,0,0.36205971240997314,0.14870764315128326,0.13940906524658203,0.16455420851707458,0.18526938557624817,0,0.5229514837265015,0.13028718531131744,0.09747124463319778,0.1065019816160202,0.1427881121635437,0,0.5271264910697937,0.12990611791610718,0.09789911657571793,0.10580165684223175,0.13926661014556885
5071,image_506,D:\DataAI\AIEx\newdataset\yolo_f\images\train\Image_506.jpg,0,0,0,0.36277174949645996,0.1465253084897995,0.16371186077594757,0.16343805193901062,0.16355305910110474,0,0.6325446367263794,0.09444788098335266,0.09597239643335342,0.0952678918838501,0.08176721632480621,0,0.638824999332428,0.0930691808462143,0.09459692984819412,0.09365673363208771,0.07985223084688187
5080,image_5071,D:\DataAI\AIEx\newdataset\yolo_f\images\train\Image_5071.jpg,0,0,0,0.35238203406333923,0.1498526781797409,0.14327780902385712,0.1682550013065338,0.18623244762420654,0,0.5270588397979736,0.13011951744556427,0.09410235285758972,0.10524189472198486,0.1434774249792099,0,0.5229155421257019,0.13417421281337738,0.09436066448688507,0.105568066239357,0.14298152923583984
5088,image_5082,D:\DataAI\AIEx\newdataset\yolo_f\images\train\Image_5082.jpg,0,0,0,0.3267917335033417,0.2016713172197342,0.13278037309646606,0.17173315584659576,0.1670234054327011,0,0.549820065498352,0.14303848147392273,0.08183188736438751,0.10470766574144363,0.12060191482305527,0,0.5527259707450867,0.14333540201187134,0.0819152444601059,0.10385022312402725,0.11817313730716705
5089,image_5088,D:\DataAI\AIEx\newdataset\yolo_f\images\train\Image_5088.jpg,0,0,0,0.3069322109222412,0.19537712633609772,0.12934309244155884,0.1792241334915161,0.18912339210510254,0,0.5334357023239136,0.13182738423347473,0.07932861149311066,0.1138739138841629,0.14153440296649933,0,0.5418065190315247,0.12822456657886505,0.07971950620412827,0.11279838532209396,0.13745106756687164
5097,image_510,D:\DataAI\AIEx\newdataset\yolo_f\images\train\Image_510.jpg,0,0,0,0.3220202624797821,0.1525024026632309,0.16603493690490723,0.17827573418617249,0.1811666339635849,0,0.609673798084259,0.09301134943962097,0.09081725776195526,0.10134860128164291,0.10514907538890839,0,0.6140874028205872,0.09284129738807678,0.08977237343788147,0.10140185058116913,0.10189718753099442
5103,image_5110,D:\DataAI\AIEx\newdataset\yolo_f\images\train\Image_5110.jpg,0,0,0,0.32897382974624634,0.1596584916114807,0.13497166335582733,0.18000926077365875,0.1963866651058197,0,0.5624423027038574,0.1133289784193039,0.08164244145154953,0.11115437746047974,0.13143190741539001,0,0.5671879053115845,0.11152061074972153,0.08183835446834564,0.11058413982391357,0.1288689821958542
5105,image_5113,D:\DataAI\AIEx\newdataset\yolo_f\images\train\Image_5113.jpg,0,0,0,0.3240271508693695,0.14115332067012787,0.16003775596618652,0.18180176615715027,0.19298000633716583,0,0.5834165215492249,0.10133428126573563,0.09588395059108734,0.11042935401201248,0.10893585532903671,0,0.5873438119888306,0.09930233657360077,0.09605911374092102,0.11010924726724625,0.10718540847301483
5106,image_5114,D:\DataAI\AIEx\newdataset\yolo_f\images\train\Image_5114.jpg,0,0,0,0.3065789043903351,0.18067079782485962,0.13608740270137787,0.16905979812145233,0.2076030969619751,0,0.5638726949691772,0.11106935888528824,0.08602259308099747,0.10022322833538055,0.13881203532218933,0,0.5733685493469238,0.10790785402059555,0.08629398792982101,0.09974011778831482,0.13268950581550598
5113,image_5120,D:\DataAI\AIEx\newdataset\yolo_f\images\train\Image_5120.jpg,0,0,0,0.3301445543766022,0.1744062602519989,0.1404709666967392,0.17964503169059753,0.1753331571817398,0,0.5833397507667542,0.11213622987270355,0.0796109065413475,0.10297656059265137,0.12193652987480164,0,0.5907706022262573,0.10892227292060852,0.07974597066640854,0.10243189334869385,0.11812931299209595
5122,image_5134,D:\DataAI\AIEx\newdataset\yolo_f\images\train\Image_5134.jpg,0,4,4,0.18822214007377625,0.1703781932592392,0.16976620256900787,0.16628147661685944,0.30535194277763367,4,0.11039476841688156,0.07659391313791275,0.08814167976379395,0.09436629712581635,0.6305032968521118,4,0.11455155909061432,0.07801049202680588,0.09400353580713272,0.09729602932929993,0.6161383986473083
5123,image_5136,D:\DataAI\AIEx\newdataset\yolo_f\images\train\Image_5136.jpg,0,4,4,0.19603221118450165,0.17210350930690765,0.1706552952528,0.16233417391777039,0.29887479543685913,4,0.11861547082662582,0.0783393606543541,0.0861014872789383,0.08721424639225006,0.6297295093536377,4,0.12518861889839172,0.07883452624082565,0.09204073250293732,0.09113644063472748,0.6127997040748596
5132,image_5149,D:\DataAI\AIEx\newdataset\yolo_f\images\train\Image_5149.jpg,0,4,4,0.16294467449188232,0.16825319826602936,0.2019137591123581,0.14812122285366058,0.31876716017723083,4,0.09155426174402237,0.08699524402618408,0.10603777319192886,0.08000728487968445,0.6354054808616638,4,0.09582951664924622,0.08623417466878891,0.11084045469760895,0.08291340619325638,0.624182403087616
5134,image_5151,D:\DataAI\AIEx\newdataset\yolo_f\images\train\Image_5151.jpg,0,4,4,0.16898691654205322,0.16374458372592926,0.20167936384677887,0.1523151695728302,0.31327399611473083,4,0.09312394261360168,0.08523010462522507,0.10482528805732727,0.08232790976762772,0.6344926953315735,4,0.0974169671535492,0.08464305102825165,0.10984199494123459,0.08582071959972382,0.6222773194313049
5138,image_5157,D:\DataAI\AIEx\newdataset\yolo_f\images\train\Image_5157.jpg,0,4,4,0.18328581750392914,0.14121662080287933,0.1864294856786728,0.1623225063085556,0.3267456293106079,4,0.10708252340555191,0.06725204735994339,0.09440529346466064,0.09186623990535736,0.6393938660621643,4,0.11106004565954208,0.06816762685775757,0.10024964064359665,0.09489679336547852,0.6256258487701416
5141,image_5160,D:\DataAI\AIEx\newdataset\yolo_f\images\train\Image_5160.jpg,0,4,4,0.17847412824630737,0.15994130074977875,0.19246836006641388,0.15108636021614075,0.31802982091903687,4,0.1237497553229332,0.08384916931390762,0.09337247163057327,0.08262601494789124,0.6164026856422424,4,0.12798121571540833,0.08513758331537247,0.09975720942020416,0.08578436821699142,0.60133957862854
5147,image_5178,D:\DataAI\AIEx\newdataset\yolo_f\images\train\Image_5178.jpg,0,0,0,0.26152974367141724,0.16069553792476654,0.21697141230106354,0.17402350902557373,0.18677982687950134,0,0.29939699172973633,0.20450885593891144,0.17751820385456085,0.13951009511947632,0.17906585335731506,0,0.3014444410800934,0.21059411764144897,0.17597976326942444,0.14025378227233887,0.17172786593437195
5152,image_519,D:\DataAI\AIEx\newdataset\yolo_f\images\train\Image_519.jpg,0,0,0,0.3444530665874481,0.12939836084842682,0.17618328332901,0.1768309772014618,0.17313432693481445,0,0.5349143147468567,0.12548036873340607,0.11308079212903976,0.11699067801237106,0.10953378677368164,0,0.5369865894317627,0.12622706592082977,0.1116122156381607,0.11632732301950455,0.10884678363800049
5153,image_5190,D:\DataAI\AIEx\newdataset\yolo_f\images\train\Image_5190.jpg,0,0,0,0.2858960032463074,0.1841980665922165,0.18427012860774994,0.17245639860630035,0.17317941784858704,0,0.3642333745956421,0.1387988030910492,0.13251087069511414,0.11396518349647522,0.250491738319397,0,0.36943817138671875,0.14365088939666748,0.13300776481628418,0.11374024301767349,0.24016296863555908
5163,image_521,D:\DataAI\AIEx\newdataset\yolo_f\images\train\Image_521.jpg,0,0,0,0.34067481756210327,0.13076673448085785,0.16933560371398926,0.18277673423290253,0.17644616961479187,0,0.5992512702941895,0.079983189702034,0.10304850339889526,0.12357323616743088,0.09414375573396683,0,0.6062120199203491,0.07921724021434784,0.10169564187526703,0.12088092416524887,0.09199412912130356
5164,image_5211,D:\DataAI\AIEx\newdataset\yolo_f\images\train\Image_5211.jpg,0,4,4,0.15586823225021362,0.17948773503303528,0.18678556382656097,0.16988897323608398,0.30796948075294495,4,0.08825086802244186,0.07602987438440323,0.089385025203228,0.09885524958372116,0.6474790573120117,4,0.09376657009124756,0.07778870314359665,0.09733409434556961,0.10405797511339188,0.6270526647567749
5173,image_5220,D:\DataAI\AIEx\newdataset\yolo_f\images\train\Image_5220.jpg,0,0,0,0.31845465302467346,0.18461410701274872,0.1524108201265335,0.1830604076385498,0.16145998239517212,0,0.5223822593688965,0.10961687564849854,0.10277345776557922,0.1316753625869751,0.13355201482772827,0,0.5302276611328125,0.10629663616418839,0.10362962633371353,0.1287408471107483,0.1311051994562149
5180,image_5232,D:\DataAI\AIEx\newdataset\yolo_f\images\train\Image_5232.jpg,0,0,0,0.2849043905735016,0.1766940951347351,0.17283540964126587,0.1850595623254776,0.18050654232501984,0,0.43933892250061035,0.12466071546077728,0.11933716386556625,0.13017737865447998,0.1864858716726303,0,0.44964608550071716,0.12033391743898392,0.12127500027418137,0.12884579598903656,0.1798991709947586
5181,image_5236,D:\DataAI\AIEx\newdataset\yolo_f\images\train\Image_5236.jpg,0,4,4,0.1786491572856903,0.18894487619400024,0.1881239414215088,0.14987853169441223,0.2944034934043884,4,0.10338253527879715,0.08285356312990189,0.10018397122621536,0.08136743307113647,0.6322125196456909,4,0.10509546101093292,0.08401212096214294,0.10493429750204086,0.08468769490718842,0.621270477771759
5187,image_5243,D:\DataAI\AIEx\newdataset\yolo_f\images\train\Image_5243.jpg,0,4,4,0.19307656586170197,0.2161940187215805,0.16668173670768738,0.1394059956073761,0.2846416234970093,4,0.2502264976501465,0.1956353634595871,0.11033240705728531,0.0817847028374672,0.36202099919319153,4,0.254292368888855,0.1945468932390213,0.11412206292152405,0.08271943032741547,0.3543192744255066
5196,image_5264,D:\DataAI\AIEx\newdataset\yolo_f\images\train\Image_5264.jpg,0,0,1,0.22750727832317352,0.29721492528915405,0.14133082330226898,0.1542261242866516,0.17972080409526825,0,0.3970450162887573,0.22785931825637817,0.09410419315099716,0.10216455906629562,0.17882691323757172,0,0.4125320315361023,0.216155007481575,0.09520933777093887,0.10196126252412796,0.17414236068725586
5203,image_5276,D:\DataAI\AIEx\newdataset\yolo_f\images\train\Image_5276.jpg,0,1,1,0.1742875576019287,0.3704618513584137,0.14420510828495026,0.1227022260427475,0.18834319710731506,0,0.32887905836105347,0.29124924540519714,0.10241733491420746,0.0922018513083458,0.18525253236293793,0,0.32981741428375244,0.29492756724357605,0.10342026501893997,0.09141843765974045,0.1804163157939911
5208,image_5284,D:\DataAI\AIEx\newdataset\yolo_f\images\train\Image_5284.jpg,0,4,4,0.16655290126800537,0.18486973643302917,0.19196677207946777,0.14920207858085632,0.30740851163864136,4,0.09095650166273117,0.07264959067106247,0.1029612123966217,0.08643557876348495,0.6469971537590027,4,0.09475535154342651,0.0749930888414383,0.10855869203805923,0.09010656923055649,0.6315863132476807
5211,image_529,D:\DataAI\AIEx\newdataset\yolo_f\images\train\Image_529.jpg,0,2,2,0.18993879854679108,0.17358852922916412,0.27776822447776794,0.18870042264461517,0.17000406980514526,2,0.12720166146755219,0.09305194765329361,0.42460891604423523,0.22340431809425354,0.1317332237958908,2,0.13079920411109924,0.09275015443563461,0.4226176142692566,0.2209641933441162,0.13286876678466797
5212,image_5294,D:\DataAI\AIEx\newdataset\yolo_f\images\train\Image_5294.jpg,0,4,4,0.17822754383087158,0.16604991257190704,0.20178046822547913,0.16324862837791443,0.2906934916973114,4,0.18639494478702545,0.14127056300640106,0.15650059282779694,0.10903961211442947,0.40679430961608887,4,0.18496865034103394,0.13885121047496796,0.15922711789608002,0.11002133786678314,0.40693166851997375
5220,image_5311,D:\DataAI\AIEx\newdataset\yolo_f\images\train\Image_5311.jpg,0,4,4,0.16258373856544495,0.22425208985805511,0.1784680336713791,0.1343241035938263,0.30037209391593933,4,0.1962210237979889,0.2103116661310196,0.1432703286409378,0.09240773320198059,0.35778921842575073,4,0.19974704086780548,0.21000394225120544,0.1470009982585907,0.09268650412559509,0.35056155920028687
5226,image_5320,D:\DataAI\AIEx\newdataset\yolo_f\images\train\Image_5320.jpg,0,4,4,0.1691611409187317,0.20550045371055603,0.19229374825954437,0.1537281721830368,0.2793164551258087,4,0.26487913727760315,0.1778637021780014,0.14915844798088074,0.10884230583906174,0.2992563545703888,4,0.2719131112098694,0.17456664144992828,0.15191751718521118,0.10959991812705994,0.29200276732444763
5229,image_5325,D:\DataAI\AIEx\newdataset\yolo_f\images\train\Image_5325.jpg,0,4,4,0.18368150293827057,0.12038318067789078,0.19497378170490265,0.1441129744052887,0.35684847831726074,4,0.23882128298282623,0.07348237186670303,0.12076546251773834,0.09194248914718628,0.4749883711338043,4,0.24207709729671478,0.0735790953040123,0.12428342550992966,0.09298121929168701,0.46707916259765625
5239,image_5350,D:\DataAI\AIEx\newdataset\yolo_f\images\train\Image_5350.jpg,0,4,4,0.2043602168560028,0.16585806012153625,0.1705235242843628,0.1528749018907547,0.30638331174850464,4,0.24990196526050568,0.10961467027664185,0.09781161695718765,0.08916465193033218,0.45350706577301025,4,0.2598898708820343,0.10615319758653641,0.10043812543153763,0.0906139686703682,0.4429048001766205
5242,image_5358,D:\DataAI\AIEx\newdataset\yolo_f\images\train\Image_5358.jpg,0,4,4,0.18006378412246704,0.1772642731666565,0.18080812692642212,0.1595625877380371,0.3023012578487396,4,0.10630614310503006,0.0804605484008789,0.0921110063791275,0.07711342722177505,0.6440088748931885,4,0.1128554716706276,0.08211466670036316,0.09782065451145172,0.08105546981096268,0.6261537671089172
5245,image_5361,D:\DataAI\AIEx\newdataset\yolo_f\images\train\Image_5361.jpg,0,4,4,0.16458889842033386,0.16687025129795074,0.19868256151676178,0.15944965183734894,0.3104086220264435,4,0.09283196181058884,0.06256600469350815,0.10494443029165268,0.0897848904132843,0.6498727202415466,4,0.09791228920221329,0.06467999517917633,0.1124301478266716,0.09407617896795273,0.6309013962745667
5248,image_5364,D:\DataAI\AIEx\newdataset\yolo_f\images\train\Image_5364.jpg,0,4,4,0.16740508377552032,0.1586754471063614,0.20189957320690155,0.1616446077823639,0.31037530303001404,4,0.08759235590696335,0.05969956889748573,0.10167324542999268,0.0875636637210846,0.6634712219238281,4,0.09062203764915466,0.06120473891496658,0.10866273939609528,0.09210049360990524,0.647409975528717
5252,image_537,D:\DataAI\AIEx\newdataset\yolo_f\images\train\Image_537.jpg,0,1,1,0.16047890484333038,0.3149518072605133,0.20798411965370178,0.13975009322166443,0.1768350899219513,1,0.18360573053359985,0.35864803194999695,0.18296435475349426,0.11266925930976868,0.16211256384849548,1,0.18447385728359222,0.36117690801620483,0.18623338639736176,0.11092236638069153,0.15719355642795563
5255,image_5373,D:\DataAI\AIEx\newdataset\yolo_f\images\train\Image_5373.jpg,0,4,4,0.197145476937294,0.17733347415924072,0.16803006827831268,0.15811936557292938,0.2993715703487396,4,0.23266883194446564,0.1392984390258789,0.11011385172605515,0.097398541867733,0.4205203950405121,4,0.24155153334140778,0.13508006930351257,0.11390420794487,0.0985172763466835,0.41094696521759033
5262,image_5389,D:\DataAI\AIEx\newdataset\yolo_f\images\train\Image_5389.jpg,0,4,4,0.17065370082855225,0.16083209216594696,0.2044733613729477,0.15308877825737,0.3109520673751831,4,0.09457852691411972,0.06293562799692154,0.10094141215085983,0.08003024011850357,0.661514163017273,4,0.09665141254663467,0.06462074816226959,0.10795456916093826,0.08422762900590897,0.6465455889701843
5268,image_5399,D:\DataAI\AIEx\newdataset\yolo_f\images\train\Image_5399.jpg,0,4,4,0.15748001635074615,0.16270942986011505,0.19820281863212585,0.15683729946613312,0.32477036118507385,4,0.09229156374931335,0.060538649559020996,0.10391970723867416,0.09313350915908813,0.6501165628433228,4,0.09851192682981491,0.06182710453867912,0.1109791025519371,0.09709908813238144,0.6315827369689941
5274,image_5407,D:\DataAI\AIEx\newdataset\yolo_f\images\train\Image_5407.jpg,0,4,4,0.159178227186203,0.16613702476024628,0.189619779586792,0.1356923133134842,0.34937265515327454,4,0.14571146667003632,0.09854798018932343,0.11484502255916595,0.07482010871171951,0.5660754442214966,4,0.15028049051761627,0.09972342848777771,0.11731763929128647,0.07678323984146118,0.5558951497077942
5275,image_5408,D:\DataAI\AIEx\newdataset\yolo_f\images\train\Image_5408.jpg,0,4,4,0.18768559396266937,0.16107141971588135,0.19415664672851562,0.13244600594043732,0.32464030385017395,4,0.19900888204574585,0.10181774944067001,0.12414070963859558,0.07437757402658463,0.5006551146507263,4,0.20183447003364563,0.10214664787054062,0.12578989565372467,0.07574158161878586,0.494487464427948
5279,image_5413,D:\DataAI\AIEx\newdataset\yolo_f\images\train\Image_5413.jpg,0,4,4,0.1618904173374176,0.1452653557062149,0.19225093722343445,0.14710700511932373,0.3534862697124481,4,0.12633472681045532,0.06690341979265213,0.09179862588644028,0.07770999521017075,0.6372532248497009,4,0.13131225109100342,0.06736213713884354,0.09847594797611237,0.08130797743797302,0.6215416789054871
5282,image_5421,D:\DataAI\AIEx\newdataset\yolo_f\images\train\Image_5421.jpg,0,4,4,0.17411969602108002,0.1322677582502365,0.19075648486614227,0.1578242927789688,0.3450317680835724,4,0.1051831841468811,0.05121351778507233,0.10070810467004776,0.08483010530471802,0.6580650806427002,4,0.10884000360965729,0.05300614610314369,0.10784530639648438,0.08819325268268585,0.6421152949333191
5289,image_5436,D:\DataAI\AIEx\newdataset\yolo_f\images\train\Image_5436.jpg,0,4,4,0.20812545716762543,0.13688981533050537,0.1831275373697281,0.14496898651123047,0.32688817381858826,4,0.21600688993930817,0.08540602028369904,0.10788343846797943,0.07377514243125916,0.516928493976593,4,0.22154943645000458,0.08445191383361816,0.11081083863973618,0.07580620050430298,0.5073815584182739
5295,image_5446,D:\DataAI\AIEx\newdataset\yolo_f\images\train\Image_5446.jpg,0,4,4,0.1917199194431305,0.1738661527633667,0.17966680228710175,0.16199813783168793,0.2927490174770355,0,0.33611559867858887,0.14676879346370697,0.11874060332775116,0.1058790385723114,0.2924959659576416,0,0.3447405695915222,0.13877619802951813,0.1202964261174202,0.10558854043483734,0.29059818387031555
5298,image_5452,D:\DataAI\AIEx\newdataset\yolo_f\images\train\Image_5452.jpg,0,4,4,0.20194672048091888,0.16135400533676147,0.1694781333208084,0.15777015686035156,0.3094509541988373,4,0.3082083463668823,0.11782127618789673,0.11783885210752487,0.10188046842813492,0.35425105690956116,4,0.31787344813346863,0.1139475479722023,0.1175600215792656,0.10172279924154282,0.34889617562294006
5313,image_548,D:\DataAI\AIEx\newdataset\yolo_f\images\train\Image_548.jpg,0,2,2,0.16199050843715668,0.18559075891971588,0.3011206090450287,0.1689060628414154,0.18239203095436096,2,0.09778035432100296,0.08351477980613708,0.5446122884750366,0.1577879786491394,0.11630459874868393,2,0.09998970478773117,0.08324149250984192,0.5432642698287964,0.15475064516067505,0.11875385046005249
5319,image_5488,D:\DataAI\AIEx\newdataset\yolo_f\images\train\Image_5488.jpg,0,4,4,0.1562749594449997,0.18081960082054138,0.20077894628047943,0.16000083088874817,0.3021256625652313,4,0.10992269217967987,0.09036163985729218,0.10868613421916962,0.10642118006944656,0.5846083760261536,4,0.1187213733792305,0.09180019795894623,0.11567522585391998,0.10999918729066849,0.563804030418396
5322,image_5492,D:\DataAI\AIEx\newdataset\yolo_f\images\train\Image_5492.jpg,0,0,0,0.3806634545326233,0.15034645795822144,0.1430167257785797,0.17410430312156677,0.1518690586090088,0,0.6143767237663269,0.11546192318201065,0.0793830007314682,0.10931983590126038,0.08145845681428909,0,0.6173679232597351,0.11366929858922958,0.0796467736363411,0.10908844321966171,0.08022759109735489
5330,image_5504,D:\DataAI\AIEx\newdataset\yolo_f\images\train\Image_5504.jpg,0,0,0,0.34546196460723877,0.14392194151878357,0.15956738591194153,0.1768912672996521,0.17415742576122284,0,0.5843043923377991,0.10335194319486618,0.09381826967000961,0.1086769700050354,0.10984840989112854,0,0.5888091921806335,0.10223160684108734,0.09341952204704285,0.10785982012748718,0.10767993330955505
5338,image_5522,D:\DataAI\AIEx\newdataset\yolo_f\images\train\Image_5522.jpg,0,0,0,0.353558748960495,0.12144206464290619,0.16662608087062836,0.19424813985824585,0.16412493586540222,0,0.5577018857002258,0.09561487287282944,0.10279345512390137,0.1292242556810379,0.11466550081968307,0,0.5623316764831543,0.09368572384119034,0.10241642594337463,0.12819936871528625,0.11336677521467209
5341,image_5527,D:\DataAI\AIEx\newdataset\yolo_f\images\train\Image_5527.jpg,0,0,0,0.3469618260860443,0.1264154314994812,0.17819905281066895,0.19082221388816833,0.157601460814476,0,0.5692507028579712,0.09534899890422821,0.10715328902006149,0.1273207664489746,0.10092619806528091,0,0.5725484490394592,0.09477513283491135,0.10653311759233475,0.12613621354103088,0.10000699758529663
5345,image_5532,D:\DataAI\AIEx\newdataset\yolo_f\images\train\Image_5532.jpg,0,0,0,0.36717140674591064,0.169647678732872,0.1453782171010971,0.17647601664066315,0.1413266658782959,0,0.5445190072059631,0.12506155669689178,0.10048125684261322,0.12937678396701813,0.10056143999099731,0,0.5505398511886597,0.12487231940031052,0.09990044683218002,0.12641991674900055,0.09826745092868805
5349,image_5546,D:\DataAI\AIEx\newdataset\yolo_f\images\train\Image_5546.jpg,0,0,0,0.2864028811454773,0.17997795343399048,0.18551288545131683,0.17077243328094482,0.17733386158943176,0,0.4981856346130371,0.12425347417593002,0.11732307821512222,0.10667320340871811,0.15356461703777313,0,0.5043859481811523,0.12399812042713165,0.11632482707500458,0.10663356631994247,0.14865754544734955
5356,image_5564,D:\DataAI\AIEx\newdataset\yolo_f\images\train\Image_5564.jpg,0,4,4,0.1556725800037384,0.1808973103761673,0.16322220861911774,0.18197758495807648,0.31823036074638367,4,0.10643801093101501,0.12627603113651276,0.1213233694434166,0.1187727153301239,0.5271899104118347,4,0.10872236639261246,0.12729743123054504,0.12216556817293167,0.11961457133293152,0.5222001075744629
5357,image_5566,D:\DataAI\AIEx\newdataset\yolo_f\images\train\Image_5566.jpg,0,4,4,0.16223575174808502,0.19107110798358917,0.1947508156299591,0.16482827067375183,0.2871139943599701,4,0.15457110106945038,0.16214337944984436,0.14671166241168976,0.12319067865610123,0.41338327527046204,4,0.15848079323768616,0.16333076357841492,0.14870984852313995,0.12334751337766647,0.4061310589313507
5366,image_5580,D:\DataAI\AIEx\newdataset\yolo_f\images\train\Image_5580.jpg,0,4,4,0.15257516503334045,0.15508264303207397,0.20762501657009125,0.1581563651561737,0.3265607953071594,4,0.11315923929214478,0.09541520476341248,0.17028696835041046,0.09986511617898941,0.5212734937667847,4,0.11542066931724548,0.10041911900043488,0.1717345416545868,0.10114843398332596,0.5112772583961487
5368,image_5583,D:\DataAI\AIEx\newdataset\yolo_f\images\train\Image_5583.jpg,0,4,4,0.1645030379295349,0.15302708745002747,0.17772845923900604,0.1693018674850464,0.335439532995224,4,0.10973908752202988,0.10271505266427994,0.12163189053535461,0.10600387305021286,0.5599100589752197,4,0.11179950088262558,0.10208920389413834,0.12546943128108978,0.10814602673053741,0.5524958968162537
5377,image_5596,D:\DataAI\AIEx\newdataset\yolo_f\images\train\Image_5596.jpg,0,4,4,0.17133058607578278,0.1649359166622162,0.17548613250255585,0.1777346283197403,0.3105126619338989,4,0.12392468750476837,0.1287630945444107,0.12796685099601746,0.10746002942323685,0.5118852853775024,4,0.12799988687038422,0.12573450803756714,0.13159684836864471,0.11075950413942337,0.5039092302322388
5383,image_5607,D:\DataAI\AIEx\newdataset\yolo_f\images\train\Image_5607.jpg,0,1,1,0.17808766663074493,0.29876959323883057,0.1719142198562622,0.14875482022762299,0.2024737000465393,1,0.17768529057502747,0.30427268147468567,0.1251174807548523,0.09631264209747314,0.29661184549331665,1,0.17904804646968842,0.3035600781440735,0.1292899250984192,0.09714629501104355,0.29095566272735596
5386,image_5612,D:\DataAI\AIEx\newdataset\yolo_f\images\train\Image_5612.jpg,0,4,4,0.16692963242530823,0.14396138489246368,0.12610456347465515,0.14536507427692413,0.4176394045352936,0,0.29919612407684326,0.17966145277023315,0.16891449689865112,0.13516904413700104,0.2170589119195938,0,0.2969302833080292,0.18200673162937164,0.16762351989746094,0.13471506536006927,0.21872444450855255
5387,image_5612,D:\DataAI\AIEx\newdataset\yolo_f\images\train\Image_5612.jpg,0,1,1,0.15981149673461914,0.2769726812839508,0.1693519800901413,0.1769329458475113,0.21693094074726105,4,0.14963452517986298,0.2816530168056488,0.12666068971157074,0.11631618440151215,0.32573559880256653,4,0.15113896131515503,0.2820281982421875,0.12866461277008057,0.1181214302778244,0.3200467824935913
5388,image_5614,D:\DataAI\AIEx\newdataset\yolo_f\images\train\Image_5614.jpg,0,1,1,0.14211979508399963,0.3745594918727875,0.1621798574924469,0.14793965220451355,0.17320121824741364,1,0.17301924526691437,0.385666161775589,0.1271326094865799,0.09887339174747467,0.2153085619211197,1,0.17189818620681763,0.38807567954063416,0.13212716579437256,0.09827269613742828,0.209626242518425
5398,image_565,D:\DataAI\AIEx\newdataset\yolo_f\images\train\Image_565.jpg,0,0,0,0.3229299485683441,0.190104141831398,0.170277938246727,0.17031654715538025,0.14637142419815063,0,0.5422400236129761,0.14875809848308563,0.10840994864702225,0.10993816703557968,0.09065370261669159,0,0.5448400378227234,0.1491004228591919,0.10763250291347504,0.10862303525209427,0.08980397880077362
5401,image_5660,D:\DataAI\AIEx\newdataset\yolo_f\images\train\Image_5660.jpg,0,0,0,0.3385232985019684,0.15312480926513672,0.1605866253376007,0.1924242228269577,0.1553410440683365,0,0.48177409172058105,0.12981367111206055,0.12334667891263962,0.14576296508312225,0.1193026602268219,0,0.4821580648422241,0.13157005608081818,0.12304368615150452,0.1450653374195099,0.11816282570362091
5407,image_5680,D:\DataAI\AIEx\newdataset\yolo_f\images\train\Image_5680.jpg,0,0,0,0.3168523609638214,0.16163943707942963,0.16902528703212738,0.157298743724823,0.19518417119979858,0,0.4633151590824127,0.11940285563468933,0.103774793446064,0.10385288298130035,0.20965434610843658,0,0.4673081934452057,0.1196313202381134,0.10558879375457764,0.10472432523965836,0.2027473896741867
5412,image_569,D:\DataAI\AIEx\newdataset\yolo_f\images\train\Image_569.jpg,0,0,0,0.2928932011127472,0.1642846167087555,0.16837452352046967,0.18244804441928864,0.19199959933757782,0,0.4793976843357086,0.12898223102092743,0.10972387343645096,0.12791138887405396,0.15398481488227844,0,0.4878166913986206,0.1272723376750946,0.10982528328895569,0.12553808093070984,0.14954759180545807
5416,image_5697,D:\DataAI\AIEx\newdataset\yolo_f\images\train\Image_5697.jpg,0,0,0,0.3334555923938751,0.11645187437534332,0.14672128856182098,0.19849327206611633,0.20487800240516663,0,0.4353514611721039,0.08022496104240417,0.10186908394098282,0.14107167720794678,0.24148274958133698,0,0.4360753893852234,0.08010195195674896,0.10327041149139404,0.13997171819210052,0.2405805140733719
5427,image_5710,D:\DataAI\AIEx\newdataset\yolo_f\images\train\Image_5710.jpg,0,0,0,0.3196426331996918,0.1446845680475235,0.16544118523597717,0.1959221363067627,0.17430947721004486,0,0.4065612256526947,0.1107783317565918,0.1141420230269432,0.13839830458164215,0.23012009263038635,0,0.41195300221443176,0.10975072532892227,0.1173069030046463,0.13945095241069794,0.2215384542942047
5428,image_5713,D:\DataAI\AIEx\newdataset\yolo_f\images\train\Image_5713.jpg,0,4,4,0.1741873025894165,0.11934681236743927,0.20965468883514404,0.15032970905303955,0.34648144245147705,4,0.09163816273212433,0.04719143360853195,0.08892814069986343,0.09174221754074097,0.6805000901222229,4,0.09410472959280014,0.04806871339678764,0.09735798835754395,0.09834159165620804,0.6621270179748535
5433,image_5726,D:\DataAI\AIEx\newdataset\yolo_f\images\train\Image_5726.jpg,0,4,4,0.17491695284843445,0.12676379084587097,0.20290587842464447,0.17723843455314636,0.31817495822906494,4,0.09493046253919601,0.05359804257750511,0.09994412958621979,0.1136787012219429,0.6378486752510071,4,0.10007450729608536,0.055020902305841446,0.10965798795223236,0.12020760029554367,0.615039050579071
5437,image_573,D:\DataAI\AIEx\newdataset\yolo_f\images\train\Image_573.jpg,0,0,0,0.2973267138004303,0.17515020072460175,0.16750028729438782,0.17735393345355988,0.18266882002353668,0,0.5182814598083496,0.12104160338640213,0.10814889520406723,0.12159475684165955,0.13093328475952148,0,0.5254316926002502,0.11940548568964005,0.10753811150789261,0.11942732334136963,0.12819735705852509
5439,image_5733,D:\DataAI\AIEx\newdataset\yolo_f\images\train\Image_5733.jpg,0,4,4,0.17337819933891296,0.17407073080539703,0.18373607099056244,0.16570976376533508,0.3031052350997925,4,0.10050564259290695,0.07363951206207275,0.09486847370862961,0.09284742176532745,0.6381388902664185,4,0.10287471115589142,0.07523247599601746,0.10088399797677994,0.09572601318359375,0.6252827048301697
5445,image_5749,D:\DataAI\AIEx\newdataset\yolo_f\images\train\Image_5749.jpg,0,4,4,0.1666949987411499,0.1718461662530899,0.19086842238903046,0.16289131343364716,0.30769917368888855,4,0.08887132257223129,0.0651371031999588,0.08842884004116058,0.08508267998695374,0.6724801063537598,4,0.0920836552977562,0.06665630638599396,0.09543069452047348,0.08885287493467331,0.6569764614105225
5450,image_576,D:\DataAI\AIEx\newdataset\yolo_f\images\train\Image_576.jpg,0,0,0,0.275473028421402,0.1878538280725479,0.17276081442832947,0.1592862755060196,0.20462606847286224,0,0.4598901569843292,0.1450933963060379,0.11489484459161758,0.1174408569931984,0.1626807451248169,0,0.4686814248561859,0.1427142322063446,0.11522793769836426,0.11505132913589478,0.15832507610321045
5454,image_5765,D:\DataAI\AIEx\newdataset\yolo_f\images\train\Image_5765.jpg,0,4,4,0.17065566778182983,0.17233172059059143,0.18615436553955078,0.16034451127052307,0.31051376461982727,4,0.0875641256570816,0.07220602035522461,0.10053738206624985,0.08294975757598877,0.6567426919937134,4,0.09168457239866257,0.0739065483212471,0.10525299608707428,0.08621033281087875,0.6429455876350403
5455,image_5765,D:\DataAI\AIEx\newdataset\yolo_f\images\train\Image_5765.jpg,0,4,4,0.17271597683429718,0.163226917386055,0.18727552890777588,0.16801992058753967,0.30876171588897705,4,0.08493532985448837,0.06658875942230225,0.09080115705728531,0.09280554205179214,0.6648691892623901,4,0.08789196610450745,0.06773098558187485,0.09797070920467377,0.0974828228354454,0.6489235162734985
5459,image_5773,D:\DataAI\AIEx\newdataset\yolo_f\images\train\Image_5773.jpg,0,0,0,0.32355374097824097,0.15161798894405365,0.1521390974521637,0.17976807057857513,0.19292113184928894,0,0.42028021812438965,0.12365340441465378,0.10179157555103302,0.1331321746110916,0.22114267945289612,0,0.43334099650382996,0.11988876014947891,0.10245854407548904,0.1295202225446701,0.2147914171218872
5461,image_5775,D:\DataAI\AIEx\newdataset\yolo_f\images\train\Image_5775.jpg,0,0,0,0.33328670263290405,0.13409098982810974,0.16218438744544983,0.18526238203048706,0.18517552316188812,0,0.4376486539840698,0.11746952682733536,0.11142482608556747,0.14886175096035004,0.1845952570438385,0,0.4494403898715973,0.11336556077003479,0.11201830208301544,0.14574278891086578,0.1794329136610031
5467,image_5781,D:\DataAI\AIEx\newdataset\yolo_f\images\train\Image_5781.jpg,0,0,4,0.21085095405578613,0.2013871967792511,0.17419107258319855,0.16619643568992615,0.24737435579299927,4,0.26744332909584045,0.15385085344314575,0.12003181874752045,0.11269350349903107,0.34598055481910706,4,0.27472028136253357,0.14897017180919647,0.12167857587337494,0.11209084838628769,0.3425402045249939
5478,image_5805,D:\DataAI\AIEx\newdataset\yolo_f\images\train\Image_5805.jpg,0,0,0,0.3344166874885559,0.1548658311367035,0.13749396800994873,0.1913239061832428,0.1818995624780655,0,0.4540707767009735,0.13661465048789978,0.10058221966028214,0.1296326071023941,0.17909972369670868,0,0.4609530568122864,0.13082680106163025,0.10243706405162811,0.12915362417697906,0.17662940919399261
5482,image_5813,D:\DataAI\AIEx\newdataset\yolo_f\images\train\Image_5813.jpg,0,4,4,0.16621458530426025,0.17714446783065796,0.19416625797748566,0.15401525795459747,0.30845940113067627,4,0.09023845195770264,0.0700850635766983,0.09913855791091919,0.09051662683486938,0.6500213146209717,4,0.0934443473815918,0.07152500748634338,0.10622383654117584,0.09411460906267166,0.6346922516822815
5483,image_5813,D:\DataAI\AIEx\newdataset\yolo_f\images\train\Image_5813.jpg,0,4,4,0.16258016228675842,0.15104283392429352,0.20094311237335205,0.17067427933216095,0.3147597014904022,4,0.08316590636968613,0.059435535222291946,0.08943938463926315,0.09237361699342728,0.6755855679512024,4,0.08739475905895233,0.061187874525785446,0.09825978428125381,0.09878717362880707,0.6543704271316528
5484,image_5813,D:\DataAI\AIEx\newdataset\yolo_f\images\train\Image_5813.jpg,0,4,4,0.1726444512605667,0.15189142525196075,0.18720999360084534,0.17394748330116272,0.3143065869808197,4,0.082273930311203,0.05940680578351021,0.09073677659034729,0.10229461640119553,0.6652878522872925,4,0.08685386180877686,0.06133013218641281,0.09895086288452148,0.10762576013803482,0.6452394127845764
5485,image_5813,D:\DataAI\AIEx\newdataset\yolo_f\images\train\Image_5813.jpg,0,4,4,0.18256014585494995,0.15201251208782196,0.19108380377292633,0.15676327049732208,0.3175802528858185,4,0.09596908092498779,0.05685420706868172,0.09719686210155487,0.08420205116271973,0.6657777428627014,4,0.09917829185724258,0.057972535490989685,0.10288552194833755,0.0876426100730896,0.6523210406303406
5502,image_582,D:\DataAI\AIEx\newdataset\yolo_f\images\train\Image_582.jpg,0,1,1,0.22033528983592987,0.29498761892318726,0.15770591795444489,0.16257765889167786,0.16439349949359894,1,0.2950345575809479,0.37591952085494995,0.10361529886722565,0.1202702671289444,0.10516033321619034,1,0.29963377118110657,0.3740541934967041,0.10405538976192474,0.11856066435575485,0.1036960557103157
5503,image_582,D:\DataAI\AIEx\newdataset\yolo_f\images\train\Image_582.jpg,0,1,1,0.19255925714969635,0.3374519348144531,0.1544329673051834,0.14568786323070526,0.16986797749996185,1,0.28274595737457275,0.39365971088409424,0.11535313725471497,0.10081984847784042,0.10742136090993881,1,0.2846715450286865,0.392396479845047,0.1149640679359436,0.10085930675268173,0.10710866004228592
5507,image_5823,D:\DataAI\AIEx\newdataset\yolo_f\images\train\Image_5823.jpg,0,4,4,0.18937908113002777,0.16280090808868408,0.18478254973888397,0.15769359469413757,0.3053438663482666,4,0.10949812084436417,0.0699777901172638,0.0860019251704216,0.08373895287513733,0.6507831811904907,4,0.11357618123292923,0.07117926329374313,0.09267184883356094,0.0872919112443924,0.6352807879447937
5511,image_5827,D:\DataAI\AIEx\newdataset\yolo_f\images\train\Image_5827.jpg,0,4,4,0.19406935572624207,0.15765857696533203,0.18955324590206146,0.16685239970684052,0.2918664515018463,4,0.11544620245695114,0.06818096339702606,0.10109162330627441,0.1006893441081047,0.6145918369293213,4,0.11943808943033218,0.06907808035612106,0.10731800645589828,0.10427101701498032,0.5998948216438293
5528,image_5839,D:\DataAI\AIEx\newdataset\yolo_f\images\train\Image_5839.jpg,0,4,4,0.1732609122991562,0.1704173982143402,0.18759210407733917,0.16360440850257874,0.3051251471042633,4,0.09552333503961563,0.06924975663423538,0.1029372438788414,0.09305170178413391,0.6392379999160767,4,0.09900367259979248,0.07036428898572922,0.10959342122077942,0.0966724157333374,0.6243661642074585
5529,image_5839,D:\DataAI\AIEx\newdataset\yolo_f\images\train\Image_5839.jpg,0,4,4,0.18673449754714966,0.14811913669109344,0.191280797123909,0.17406712472438812,0.29979845881462097,4,0.1017238199710846,0.06149769201874733,0.09592433273792267,0.10575520247220993,0.635098934173584,4,0.10503721237182617,0.062364496290683746,0.10375841706991196,0.11018479615449905,0.6186551451683044
5538,image_5845,D:\DataAI\AIEx\newdataset\yolo_f\images\train\Image_5845.jpg,0,4,4,0.16354075074195862,0.17573674023151398,0.19012071192264557,0.1565561443567276,0.31404563784599304,4,0.09073496609926224,0.06723562628030777,0.09855993092060089,0.08833188563585281,0.6551375389099121,4,0.09599404036998749,0.06895628571510315,0.1048351526260376,0.09256365895271301,0.6376509666442871
5539,image_5845,D:\DataAI\AIEx\newdataset\yolo_f\images\train\Image_5845.jpg,0,4,4,0.1804611086845398,0.15228208899497986,0.19496029615402222,0.16639715433120728,0.30589938163757324,4,0.0953986644744873,0.06327517330646515,0.10017957538366318,0.11807584762573242,0.6230707168579102,4,0.10112696141004562,0.06464236974716187,0.10732469707727432,0.12610788643360138,0.6007980704307556
5543,image_5848,D:\DataAI\AIEx\newdataset\yolo_f\images\train\Image_5848.jpg,0,4,4,0.17159204185009003,0.16045744717121124,0.1978260725736618,0.16522444784641266,0.3048999607563019,4,0.09866933524608612,0.06761505454778671,0.10544516146183014,0.09658168256282806,0.6316887736320496,4,0.10189114511013031,0.06894613057374954,0.11257518827915192,0.09989827126264572,0.6166892647743225
5544,image_5848,D:\DataAI\AIEx\newdataset\yolo_f\images\train\Image_5848.jpg,0,4,4,0.1796499490737915,0.161105215549469,0.19086457788944244,0.1681833267211914,0.30019694566726685,4,0.10105904191732407,0.06821764260530472,0.09931953251361847,0.09634145349264145,0.6350623369216919,4,0.10470165312290192,0.06898708641529083,0.1057753786444664,0.100498266518116,0.6200376152992249
5561,image_587,D:\DataAI\AIEx\newdataset\yolo_f\images\train\Image_587.jpg,0,0,0,0.33754581212997437,0.1346103399991989,0.16800563037395477,0.17850792407989502,0.18133032321929932,0,0.5917103886604309,0.09811250120401382,0.091902956366539,0.11448322236537933,0.10379096120595932,0,0.5965123176574707,0.09815225005149841,0.09123819321393967,0.11282022297382355,0.10127702355384827
5564,image_5872,D:\DataAI\AIEx\newdataset\yolo_f\images\train\Image_5872.jpg,0,4,4,0.16064120829105377,0.14332188665866852,0.17126289010047913,0.1528196483850479,0.37195438146591187,4,0.08523961156606674,0.06560873985290527,0.08671502023935318,0.06980221718549728,0.6926344037055969,4,0.09004590660333633,0.0681380033493042,0.09198758751153946,0.07319643348455429,0.6766320466995239
5570,image_5880,D:\DataAI\AIEx\newdataset\yolo_f\images\train\Image_5880.jpg,0,4,4,0.15601983666419983,0.14309068024158478,0.18366827070713043,0.16725432872772217,0.3499668836593628,4,0.08599955588579178,0.06579321622848511,0.09997093677520752,0.08763387799263,0.6606023907661438,4,0.0901428684592247,0.06516802310943604,0.10443349927663803,0.09066767245531082,0.6495879292488098
5573,image_5884,D:\DataAI\AIEx\newdataset\yolo_f\images\train\Image_5884.jpg,0,4,4,0.13646459579467773,0.1826627254486084,0.22552646696567535,0.17798051238059998,0.27736571431159973,4,0.08298856019973755,0.11210732161998749,0.24565228819847107,0.14119049906730652,0.41806134581565857,4,0.08833733201026917,0.1125854104757309,0.23260954022407532,0.14635027945041656,0.42011746764183044
5574,image_5886,D:\DataAI\AIEx\newdataset\yolo_f\images\train\Image_5886.jpg,0,4,4,0.1764722317457199,0.13358591496944427,0.22117404639720917,0.17026600241661072,0.29850178956985474,4,0.12405916303396225,0.07649892568588257,0.20344194769859314,0.10783502459526062,0.48816490173339844,4,0.13002395629882812,0.0772477239370346,0.21387925744056702,0.11207800358533859,0.46677106618881226
5583,image_5899,D:\DataAI\AIEx\newdataset\yolo_f\images\train\Image_5899.jpg,0,4,4,0.15370309352874756,0.15433232486248016,0.20838989317417145,0.1695418804883957,0.31403276324272156,4,0.08765781670808792,0.09261215478181839,0.18930669128894806,0.10982821136713028,0.520595133304596,4,0.08990513533353806,0.0911576896905899,0.18464486300945282,0.11331512778997421,0.5209771394729614
5584,image_59,D:\DataAI\AIEx\newdataset\yolo_f\images\train\Image_59.jpg,0,3,2,0.18454042077064514,0.12152431160211563,0.2764831483364105,0.24251729249954224,0.17493483424186707,2,0.15873634815216064,0.08734516054391861,0.35497263073921204,0.24368026852607727,0.15526556968688965,2,0.16168659925460815,0.09011237323284149,0.3521193265914917,0.24151596426963806,0.1545657068490982
5591,image_5911,D:\DataAI\AIEx\newdataset\yolo_f\images\train\Image_5911.jpg,0,4,4,0.17342105507850647,0.169718936085701,0.18177694082260132,0.16408635675907135,0.3109966814517975,4,0.09914685785770416,0.07053207606077194,0.09052931517362595,0.08901014924049377,0.6507815718650818,4,0.1043369397521019,0.07154620438814163,0.0965539887547493,0.09284235537052155,0.634720504283905
5599,image_5928,D:\DataAI\AIEx\newdataset\yolo_f\images\train\Image_5928.jpg,0,4,4,0.17149710655212402,0.15906044840812683,0.1933620721101761,0.17094910144805908,0.305131196975708,4,0.10041609406471252,0.07374408096075058,0.09733332693576813,0.0920884758234024,0.6364179849624634,4,0.10393676161766052,0.07408705353736877,0.10414346307516098,0.0961984321475029,0.621634304523468
5606,image_5939,D:\DataAI\AIEx\newdataset\yolo_f\images\train\Image_5939.jpg,0,4,4,0.15854689478874207,0.1636304408311844,0.17678600549697876,0.16701003909111023,0.33402660489082336,4,0.08068057149648666,0.07072591781616211,0.08642323315143585,0.08531296998262405,0.6768572926521301,4,0.08661476522684097,0.07160171866416931,0.09347821772098541,0.08988435566425323,0.6584209203720093
5607,image_594,D:\DataAI\AIEx\newdataset\yolo_f\images\train\Image_594.jpg,0,0,0,0.3518264591693878,0.15018311142921448,0.15472404658794403,0.17308808863162994,0.1701783388853073,0,0.6089077591896057,0.09965798258781433,0.09858115017414093,0.10622507333755493,0.08662804216146469,0,0.6143885254859924,0.09896661341190338,0.09808133542537689,0.10617659986019135,0.08238690346479416
5614,image_5949,D:\DataAI\AIEx\newdataset\yolo_f\images\train\Image_5949.jpg,0,0,0,0.33232736587524414,0.11786998063325882,0.17795221507549286,0.19178929924964905,0.18006114661693573,0,0.4491520822048187,0.0869147852063179,0.1202041432261467,0.14994394779205322,0.19378499686717987,0,0.4566073715686798,0.08483507484197617,0.1209692656993866,0.14765779674053192,0.1899304986000061
5620,image_5966,D:\DataAI\AIEx\newdataset\yolo_f\images\train\Image_5966.jpg,0,0,0,0.325499951839447,0.14958831667900085,0.14597992599010468,0.1671963781118393,0.2117353230714798,0,0.5193946361541748,0.1385365128517151,0.08629549294710159,0.09588591754436493,0.1598873734474182,0,0.5203568935394287,0.13818219304084778,0.08779361099004745,0.09805279225111008,0.1556144505739212
5628,image_5975,D:\DataAI\AIEx\newdataset\yolo_f\images\train\Image_5975.jpg,0,0,0,0.3352710008621216,0.1601397544145584,0.15795013308525085,0.1606893688440323,0.18594977259635925,0,0.5397055745124817,0.12759576737880707,0.09943157434463501,0.09280189871788025,0.14046521484851837,0,0.5440624356269836,0.12513071298599243,0.10074470937252045,0.09367357194423676,0.13638852536678314
5629,image_5977,D:\DataAI\AIEx\newdataset\yolo_f\images\train\Image_5977.jpg,0,0,0,0.29254835844039917,0.1792164146900177,0.154753640294075,0.16906344890594482,0.2044181227684021,0,0.40863850712776184,0.20694953203201294,0.10564595460891724,0.10404527932405472,0.1747206747531891,0,0.40761756896972656,0.20953762531280518,0.10818328708410263,0.10545632988214493,0.16920523345470428
5638,image_60,D:\DataAI\AIEx\newdataset\yolo_f\images\train\Image_60.jpg,0,2,2,0.18606863915920258,0.10908575356006622,0.30903929471969604,0.23155270516872406,0.16425363719463348,2,0.15832969546318054,0.08023928105831146,0.4062342941761017,0.21600399911403656,0.13919280469417572,2,0.16048751771450043,0.082334004342556,0.4051610827445984,0.21300695836544037,0.13901042938232422
5639,image_6007,D:\DataAI\AIEx\newdataset\yolo_f\images\train\Image_6007.jpg,0,0,0,0.3230970799922943,0.2196185439825058,0.12400205433368683,0.20102764666080475,0.13225466012954712,0,0.47395387291908264,0.1521659940481186,0.09318079054355621,0.14156967401504517,0.13912971317768097,0,0.48004743456840515,0.15136732161045074,0.09344146400690079,0.1393432766199112,0.13580051064491272
5644,image_6030,D:\DataAI\AIEx\newdataset\yolo_f\images\train\Image_6030.jpg,0,0,1,0.24922972917556763,0.3169756531715393,0.11938740313053131,0.16495171189308167,0.1494554877281189,0,0.45504841208457947,0.19008377194404602,0.08506763726472855,0.11663562059402466,0.1531645655632019,0,0.4610861837863922,0.18895307183265686,0.08592625707387924,0.11687154322862625,0.14716292917728424
5648,image_6039,D:\DataAI\AIEx\newdataset\yolo_f\images\train\Image_6039.jpg,0,1,1,0.25278931856155396,0.30270054936408997,0.13520842790603638,0.17427252233028412,0.13502921164035797,0,0.4412856101989746,0.17255553603172302,0.09781894087791443,0.13489778339862823,0.1534421443939209,0,0.4534701406955719,0.16757431626319885,0.09884031116962433,0.13409338891506195,0.14602188766002655
5653,image_6047,D:\DataAI\AIEx\newdataset\yolo_f\images\train\Image_6047.jpg,0,1,1,0.186075821518898,0.4190676510334015,0.12103759497404099,0.14290907979011536,0.13090983033180237,0,0.3541261851787567,0.28247225284576416,0.08929064869880676,0.10960260778665543,0.16450822353363037,0,0.3616790175437927,0.28160932660102844,0.09016413986682892,0.1093597337603569,0.15718774497509003
5654,image_6048,D:\DataAI\AIEx\newdataset\yolo_f\images\train\Image_6048.jpg,0,1,1,0.17407749593257904,0.4667593240737915,0.10785017907619476,0.13121390342712402,0.12009909003973007,0,0.35661986470222473,0.30148544907569885,0.08666175603866577,0.10920832306146622,0.14602458477020264,0,0.3609580993652344,0.3045467734336853,0.0872129574418068,0.10752581059932709,0.13975636661052704
5660,image_6061,D:\DataAI\AIEx\newdataset\yolo_f\images\train\Image_6061.jpg,0,4,4,0.17488153278827667,0.19917961955070496,0.21515357494354248,0.18000397086143494,0.23078128695487976,4,0.213923379778862,0.1736789345741272,0.1972123086452484,0.16332454979419708,0.2518608272075653,4,0.21244767308235168,0.1787700057029724,0.20576386153697968,0.16280055046081543,0.24021798372268677
5661,image_6063,D:\DataAI\AIEx\newdataset\yolo_f\images\train\Image_6063.jpg,0,2,2,0.17446625232696533,0.16080275177955627,0.2506731152534485,0.16637997329235077,0.2476779669523239,4,0.22199416160583496,0.14640764892101288,0.21789038181304932,0.13681510090827942,0.27689266204833984,4,0.2238895744085312,0.147586852312088,0.22253437340259552,0.13747024536132812,0.26851898431777954
5676,image_6083,D:\DataAI\AIEx\newdataset\yolo_f\images\train\Image_6083.jpg,0,2,2,0.19038543105125427,0.1813027709722519,0.27519702911376953,0.1584986001253128,0.1946161836385727,2,0.23121342062950134,0.17601653933525085,0.2638649344444275,0.11724098771810532,0.21166415512561798,2,0.2349139004945755,0.1807037889957428,0.25967034697532654,0.11681228131055832,0.20789967477321625
5682,image_6094,D:\DataAI\AIEx\newdataset\yolo_f\images\train\Image_6094.jpg,0,2,2,0.1644100695848465,0.19739918410778046,0.3006555736064911,0.14945000410079956,0.1880851686000824,2,0.1339459866285324,0.13222548365592957,0.4371377229690552,0.12087678164243698,0.17581410706043243,2,0.13900946080684662,0.13390260934829712,0.42480751872062683,0.12302552908658981,0.17925487458705902
5688,image_6109,D:\DataAI\AIEx\newdataset\yolo_f\images\train\Image_6109.jpg,0,2,2,0.2127852588891983,0.18577829003334045,0.23074768483638763,0.16133759915828705,0.20935118198394775,4,0.2539753019809723,0.16430102288722992,0.18070365488529205,0.10550019890069962,0.2955198287963867,4,0.26127660274505615,0.16429807245731354,0.18404094874858856,0.10838305950164795,0.2820012867450714
5689,image_6110,D:\DataAI\AIEx\newdataset\yolo_f\images\train\Image_6110.jpg,0,2,2,0.2119138389825821,0.19734631478786469,0.22539277374744415,0.17267121374607086,0.1926759034395218,0,0.2859797775745392,0.17097005248069763,0.18111035227775574,0.11761008203029633,0.24432972073554993,0,0.29101496934890747,0.17033088207244873,0.1817130446434021,0.12063568830490112,0.23630540072917938
5694,image_612,D:\DataAI\AIEx\newdataset\yolo_f\images\train\Image_612.jpg,0,0,0,0.2901480495929718,0.17900650203227997,0.16874383389949799,0.18364334106445312,0.17845825850963593,0,0.4693480134010315,0.1954786777496338,0.1077122762799263,0.12654811143875122,0.10091303288936615,0,0.4696451425552368,0.1955399215221405,0.10732518136501312,0.12614189088344574,0.1013478934764862
5695,image_612,D:\DataAI\AIEx\newdataset\yolo_f\images\train\Image_612.jpg,0,0,0,0.2644971013069153,0.19991233944892883,0.17699013650417328,0.16427254676818848,0.19432790577411652,0,0.4467940330505371,0.2007557600736618,0.11774934828281403,0.12044467777013779,0.11425618827342987,0,0.4490135610103607,0.20114578306674957,0.11695040762424469,0.11961071193218231,0.11327952146530151
5696,image_612,D:\DataAI\AIEx\newdataset\yolo_f\images\train\Image_612.jpg,0,0,0,0.32218196988105774,0.13933661580085754,0.18178686499595642,0.18033020198345184,0.17636433243751526,0,0.5385564565658569,0.10403180122375488,0.1134112998843193,0.11752831190824509,0.12647220492362976,0,0.5476303696632385,0.10050040483474731,0.11350306123495102,0.11580196022987366,0.12256418168544769
5697,image_6121,D:\DataAI\AIEx\newdataset\yolo_f\images\train\Image_6121.jpg,0,2,0,0.22293032705783844,0.21466633677482605,0.1966407150030136,0.17375239729881287,0.19201017916202545,0,0.3411002457141876,0.1689436286687851,0.15036363899707794,0.1363002508878708,0.20329223573207855,0,0.34498825669288635,0.1711754947900772,0.1507662981748581,0.13307331502437592,0.19999663531780243
5704,image_613,D:\DataAI\AIEx\newdataset\yolo_f\images\train\Image_613.jpg,0,0,0,0.37202873826026917,0.12367840111255646,0.17491108179092407,0.17185074090957642,0.15753106772899628,0,0.6079970598220825,0.09023714810609818,0.1048865094780922,0.108451247215271,0.08842799067497253,0,0.613880455493927,0.08901602774858475,0.10337641090154648,0.1070009171962738,0.08672621101140976
5705,image_613,D:\DataAI\AIEx\newdataset\yolo_f\images\train\Image_613.jpg,0,0,0,0.31160417199134827,0.1747564822435379,0.15639811754226685,0.18506893515586853,0.17217230796813965,0,0.4594661593437195,0.19125080108642578,0.10400974750518799,0.12486675381660461,0.12040659040212631,0,0.46005570888519287,0.1941351294517517,0.1029888167977333,0.12417732924222946,0.11864306032657623
5706,image_613,D:\DataAI\AIEx\newdataset\yolo_f\images\train\Image_613.jpg,0,0,0,0.2712384760379791,0.21977560222148895,0.17048832774162292,0.16296251118183136,0.17553508281707764,0,0.5205260515213013,0.16521786153316498,0.10075739771127701,0.1046673133969307,0.10883134603500366,0,0.5229679346084595,0.16567209362983704,0.1000688374042511,0.10404401272535324,0.10724710673093796
5707,image_613,D:\DataAI\AIEx\newdataset\yolo_f\images\train\Image_613.jpg,0,0,0,0.3338927924633026,0.1255788505077362,0.151393860578537,0.20743457973003387,0.18169988691806793,0,0.5165830850601196,0.09519857168197632,0.0896487608551979,0.15173916518688202,0.14683036506175995,0,0.5275492668151855,0.0952947810292244,0.0894150361418724,0.15078000724315643,0.13696084916591644
5712,image_6137,D:\DataAI\AIEx\newdataset\yolo_f\images\train\Image_6137.jpg,0,2,2,0.15580835938453674,0.16518619656562805,0.3234333097934723,0.14912989735603333,0.2064422219991684,2,0.16439951956272125,0.15380971133708954,0.34504637122154236,0.10780245810747147,0.22894199192523956,2,0.165493905544281,0.15769755840301514,0.3440603017807007,0.10812201350927353,0.22462619841098785
5714,image_614,D:\DataAI\AIEx\newdataset\yolo_f\images\train\Image_614.jpg,0,0,0,0.35196006298065186,0.12118008732795715,0.171339213848114,0.1800687462091446,0.17545191943645477,0,0.5436433553695679,0.12125345319509506,0.10305251181125641,0.11597796529531479,0.11607278138399124,0,0.5437308549880981,0.1237235739827156,0.10270301252603531,0.11615003645420074,0.11369258910417557
5715,image_614,D:\DataAI\AIEx\newdataset\yolo_f\images\train\Image_614.jpg,0,0,0,0.34143370389938354,0.11715032160282135,0.1814897358417511,0.1881084144115448,0.17181779444217682,0,0.4747637212276459,0.14236849546432495,0.12280061095952988,0.1401793509721756,0.11988779902458191,0,0.47676438093185425,0.14325928688049316,0.12238957732915878,0.13834503293037415,0.11924180388450623
5716,image_614,D:\DataAI\AIEx\newdataset\yolo_f\images\train\Image_614.jpg,0,0,0,0.3419203758239746,0.11228539794683456,0.1882397085428238,0.18246586620807648,0.17508867383003235,0,0.584035336971283,0.08332227170467377,0.11816877126693726,0.11486189067363739,0.0996117815375328,0,0.5886743068695068,0.08363213390111923,0.11665524542331696,0.11312800645828247,0.09791034460067749
5717,image_614,D:\DataAI\AIEx\newdataset\yolo_f\images\train\Image_614.jpg,0,0,0,0.3675212860107422,0.09595271944999695,0.1625349223613739,0.22340258955955505,0.1505884826183319,0,0.500516414642334,0.07415149360895157,0.1083080843091011,0.18397825956344604,0.13304570317268372,0,0.5048729777336121,0.07457693666219711,0.10896214842796326,0.18187396228313446,0.12971390783786774
5723,image_615,D:\DataAI\AIEx\newdataset\yolo_f\images\train\Image_615.jpg,0,0,0,0.34794098138809204,0.12142042815685272,0.18952840566635132,0.17366687953472137,0.16744333505630493,0,0.5890219807624817,0.08692152798175812,0.11795998364686966,0.10697426646947861,0.09912223368883133,0,0.595460832118988,0.08570046722888947,0.11637688428163528,0.10555066913366318,0.09691120684146881
5724,image_615,D:\DataAI\AIEx\newdataset\yolo_f\images\train\Image_615.jpg,0,0,0,0.3408787250518799,0.12787452340126038,0.17017647624015808,0.18338575959205627,0.17768460512161255,0,0.536858081817627,0.1252930462360382,0.10515035688877106,0.11786384135484695,0.11483468115329742,0,0.5378312468528748,0.12732528150081635,0.10381916165351868,0.11828961223363876,0.11273468285799026
5725,image_615,D:\DataAI\AIEx\newdataset\yolo_f\images\train\Image_615.jpg,0,0,0,0.3261224627494812,0.14117324352264404,0.18301080167293549,0.18140782415866852,0.16828565299510956,0,0.4638483226299286,0.160761296749115,0.12585467100143433,0.13459883630275726,0.11493679881095886,0,0.4642820954322815,0.1631137728691101,0.12504398822784424,0.1336149126291275,0.11394521594047546
5726,image_615,D:\DataAI\AIEx\newdataset\yolo_f\images\train\Image_615.jpg,0,0,0,0.3644261956214905,0.11390765756368637,0.13758330047130585,0.22144731879234314,0.16263552010059357,0,0.5031334161758423,0.09120597690343857,0.09356877207756042,0.19048650562763214,0.12160534411668777,0,0.5031980276107788,0.0917639285326004,0.09390788525342941,0.19028052687644958,0.12084957212209702
5734,image_616,D:\DataAI\AIEx\newdataset\yolo_f\images\train\Image_616.jpg,0,0,0,0.332041472196579,0.13943623006343842,0.19765372574329376,0.16127793490886688,0.16959069669246674,0,0.5456130504608154,0.12766891717910767,0.11711697280406952,0.10598048567771912,0.10362058877944946,0,0.5525575876235962,0.12538595497608185,0.11632667481899261,0.1047656238079071,0.10096415132284164
5735,image_616,D:\DataAI\AIEx\newdataset\yolo_f\images\train\Image_616.jpg,0,0,0,0.31015950441360474,0.14133501052856445,0.18694673478603363,0.1840696483850479,0.17748914659023285,0,0.5322477221488953,0.1270514577627182,0.11155712604522705,0.11538495868444443,0.11375871300697327,0,0.512374997138977,0.12940813601016998,0.1189509704709053,0.1205114796757698,0.11875438690185547
5736,image_616,D:\DataAI\AIEx\newdataset\yolo_f\images\train\Image_616.jpg,0,0,0,0.22721071541309357,0.22000344097614288,0.171220064163208,0.16502085328102112,0.21654492616653442,0,0.3673907518386841,0.2534736692905426,0.12625059485435486,0.11628090590238571,0.13660414516925812,0,0.3670079708099365,0.2542400062084198,0.12569618225097656,0.116581030189991,0.13647480309009552
5744,image_617,D:\DataAI\AIEx\newdataset\yolo_f\images\train\Image_617.jpg,0,0,0,0.3075750172138214,0.17535676062107086,0.1804647594690323,0.1484418362379074,0.18816164135932922,0,0.5130953788757324,0.13915057480335236,0.12248031795024872,0.09855804592370987,0.12671568989753723,0,0.5188238620758057,0.13744965195655823,0.12263932079076767,0.09820866584777832,0.12287850677967072
5750,image_6183,D:\DataAI\AIEx\newdataset\yolo_f\images\train\Image_6183.jpg,0,4,4,0.18434196710586548,0.15251414477825165,0.20733588933944702,0.16652226448059082,0.28928568959236145,4,0.20768103003501892,0.1360083371400833,0.1528194397687912,0.10515157133340836,0.3983395993709564,4,0.21431280672550201,0.138066828250885,0.1569511592388153,0.10846886038780212,0.3822002708911896
5755,image_6192,D:\DataAI\AIEx\newdataset\yolo_f\images\train\Image_6192.jpg,0,4,4,0.20096072554588318,0.14864182472229004,0.1741190254688263,0.1680719405412674,0.3082065284252167,4,0.27061840891838074,0.11480986326932907,0.12928900122642517,0.10435067862272263,0.3809320628643036,4,0.28529849648475647,0.11514509469270706,0.13242973387241364,0.10775824636220932,0.3593684434890747
5762,image_6201,D:\DataAI\AIEx\newdataset\yolo_f\images\train\Image_6201.jpg,0,2,2,0.15892066061496735,0.18468031287193298,0.3454362750053406,0.15632325410842896,0.15463946759700775,2,0.11668677628040314,0.1186211034655571,0.4981749653816223,0.12922973930835724,0.13728737831115723,2,0.12075018882751465,0.11779392510652542,0.4907768964767456,0.13190247118473053,0.1387764811515808
5763,image_6207,D:\DataAI\AIEx\newdataset\yolo_f\images\train\Image_6207.jpg,0,2,2,0.17240045964717865,0.15501008927822113,0.34439605474472046,0.15707805752754211,0.17111533880233765,2,0.14159095287322998,0.10796377807855606,0.46712014079093933,0.1143546849489212,0.1689704954624176,2,0.1467706859111786,0.11046480387449265,0.460873544216156,0.11569642275571823,0.16619454324245453
5767,image_6218,D:\DataAI\AIEx\newdataset\yolo_f\images\train\Image_6218.jpg,0,2,2,0.15776877105236053,0.12769076228141785,0.3364669978618622,0.19174706935882568,0.18632636964321136,2,0.09793359786272049,0.065621018409729,0.4983910918235779,0.18610084056854248,0.15195350348949432,2,0.09954281896352768,0.06821984797716141,0.49347731471061707,0.18504798412322998,0.15371206402778625
5777,image_624,D:\DataAI\AIEx\newdataset\yolo_f\images\train\Image_624.jpg,0,0,0,0.34070760011672974,0.11891691386699677,0.17522914707660675,0.17682607471942902,0.1883203089237213,0,0.6060242056846619,0.08012117445468903,0.09784695506095886,0.1080579161643982,0.10794969648122787,0,0.6110454201698303,0.07902646064758301,0.09716861695051193,0.10667211562395096,0.1060873344540596
5781,image_6244,D:\DataAI\AIEx\newdataset\yolo_f\images\train\Image_6244.jpg,0,0,0,0.33107486367225647,0.13934043049812317,0.15710338950157166,0.21307969093322754,0.15940161049365997,0,0.4566041827201843,0.10509182512760162,0.11181220412254333,0.15360677242279053,0.1728849709033966,0,0.4648687243461609,0.10280407220125198,0.11273941397666931,0.1523207426071167,0.16726715862751007
5788,image_6256,D:\DataAI\AIEx\newdataset\yolo_f\images\train\Image_6256.jpg,0,0,0,0.3050682544708252,0.1543969064950943,0.15137715637683868,0.19464895129203796,0.19450870156288147,0,0.46379411220550537,0.10733048617839813,0.09212493151426315,0.12967877089977264,0.2070717066526413,0,0.47395044565200806,0.10467579960823059,0.0931771770119667,0.12929609417915344,0.1989004909992218
5790,image_6260,D:\DataAI\AIEx\newdataset\yolo_f\images\train\Image_6260.jpg,0,0,0,0.29546767473220825,0.16804826259613037,0.15891210734844208,0.18696554005146027,0.19060637056827545,0,0.4793626070022583,0.12296274304389954,0.09677346795797348,0.12434202432632446,0.17655912041664124,0,0.486104816198349,0.12206828594207764,0.09733709692955017,0.12295737117528915,0.17153242230415344
5799,image_6282,D:\DataAI\AIEx\newdataset\yolo_f\images\train\Image_6282.jpg,0,4,4,0.15909048914909363,0.15619829297065735,0.20710352063179016,0.15967001020908356,0.3179377019405365,4,0.0842045471072197,0.058724869042634964,0.11223183572292328,0.08907991647720337,0.655758798122406,4,0.0884154662489891,0.06168036907911301,0.12173213809728622,0.09471006691455841,0.6334618926048279
5801,image_6285,D:\DataAI\AIEx\newdataset\yolo_f\images\train\Image_6285.jpg,0,4,4,0.17071346938610077,0.1430450975894928,0.19854594767093658,0.1643974632024765,0.32329803705215454,4,0.08520475029945374,0.06076925992965698,0.11383270472288132,0.10659700632095337,0.6335962414741516,4,0.08956489711999893,0.06293919682502747,0.12206317484378815,0.10982777178287506,0.6156049370765686
5802,image_6285,D:\DataAI\AIEx\newdataset\yolo_f\images\train\Image_6285.jpg,0,4,4,0.16788217425346375,0.1846163123846054,0.17451165616512299,0.16947206854820251,0.30351781845092773,4,0.09608825296163559,0.08032853901386261,0.0976380854845047,0.11544442176818848,0.610500693321228,4,0.09898050129413605,0.08148327469825745,0.10461486876010895,0.11992567032575607,0.5949956774711609
5813,image_63,D:\DataAI\AIEx\newdataset\yolo_f\images\train\Image_63.jpg,0,2,2,0.16548268496990204,0.13052260875701904,0.3243933916091919,0.1892944723367691,0.19030684232711792,2,0.10528645664453506,0.06140024587512016,0.47387242317199707,0.16661520302295685,0.19282566010951996,2,0.10788831859827042,0.06566395610570908,0.4583117365837097,0.1685056984424591,0.19963033497333527
5816,image_6303,D:\DataAI\AIEx\newdataset\yolo_f\images\train\Image_6303.jpg,0,4,4,0.16277439892292023,0.1767226606607437,0.19602756202220917,0.15999093651771545,0.30448442697525024,4,0.09490258991718292,0.0750773623585701,0.09464909881353378,0.0885370671749115,0.6468338966369629,4,0.10176361352205276,0.07769192010164261,0.10270784050226212,0.09384873509407043,0.6239879131317139
5817,image_6304,D:\DataAI\AIEx\newdataset\yolo_f\images\train\Image_6304.jpg,0,4,4,0.14911887049674988,0.18019166588783264,0.19747976958751678,0.16001136600971222,0.31319835782051086,4,0.0807759016752243,0.07406231015920639,0.09352721273899078,0.08683255314826965,0.6648019552230835,4,0.0860738679766655,0.07749675959348679,0.10124341398477554,0.09144329279661179,0.6437426805496216
5824,image_6321,D:\DataAI\AIEx\newdataset\yolo_f\images\train\Image_6321.jpg,0,4,4,0.1575515866279602,0.16602298617362976,0.20638404786586761,0.16294154524803162,0.3070997893810272,4,0.0844423919916153,0.06668104976415634,0.1267756223678589,0.10591516643762589,0.61618572473526,4,0.08834511041641235,0.06839427351951599,0.1338026523590088,0.11121601611375809,0.5982419848442078
5833,image_6336,D:\DataAI\AIEx\newdataset\yolo_f\images\train\Image_6336.jpg,0,4,4,0.1593906730413437,0.17887692153453827,0.18763598799705505,0.15900297462940216,0.31509342789649963,4,0.09851019829511642,0.08526470512151718,0.1028134673833847,0.09287573397159576,0.6205359101295471,4,0.10319075733423233,0.08865407854318619,0.1109403669834137,0.09716833382844925,0.6000463962554932
5834,image_6336,D:\DataAI\AIEx\newdataset\yolo_f\images\train\Image_6336.jpg,0,4,4,0.18087716400623322,0.1530834287405014,0.196858748793602,0.1675877720117569,0.3015928864479065,4,0.11147446185350418,0.07851583510637283,0.13097958266735077,0.11259393393993378,0.566436231136322,4,0.11410444229841232,0.07972776889801025,0.13753904402256012,0.11458947509527206,0.5540393590927124
5837,image_6340,D:\DataAI\AIEx\newdataset\yolo_f\images\train\Image_6340.jpg,0,4,4,0.17377378046512604,0.19028370082378387,0.18461106717586517,0.16533157229423523,0.2859998345375061,4,0.09997400641441345,0.08718357235193253,0.10761550068855286,0.11661649495363235,0.5886104702949524,4,0.10396333038806915,0.08921300619840622,0.11547303199768066,0.1215004026889801,0.5698502063751221
5843,image_6352,D:\DataAI\AIEx\newdataset\yolo_f\images\train\Image_6352.jpg,0,4,4,0.1833483725786209,0.163924440741539,0.18997465074062347,0.17028477787971497,0.2924678325653076,4,0.0976235494017601,0.0766468495130539,0.09537690132856369,0.09916780889034271,0.6311849355697632,4,0.10051444172859192,0.07772155851125717,0.10326146334409714,0.10424544662237167,0.6142571568489075
5845,image_6357,D:\DataAI\AIEx\newdataset\yolo_f\images\train\Image_6357.jpg,0,4,4,0.17113374173641205,0.18746110796928406,0.17788127064704895,0.15931446850299835,0.3042093813419342,4,0.10578202456235886,0.08009796589612961,0.1026788279414177,0.10521122068166733,0.6062299013137817,4,0.11162222921848297,0.08115788549184799,0.10901065915822983,0.10910703241825104,0.5891021490097046
5857,image_6371,D:\DataAI\AIEx\newdataset\yolo_f\images\train\Image_6371.jpg,0,4,4,0.16266901791095734,0.19090966880321503,0.18765899538993835,0.15637746453285217,0.3023849129676819,4,0.09323704987764359,0.08075803518295288,0.10135997086763382,0.09912419319152832,0.6255207061767578,4,0.09757278114557266,0.0825527161359787,0.10892502963542938,0.10340511053800583,0.6075443625450134
5860,image_6380,D:\DataAI\AIEx\newdataset\yolo_f\images\train\Image_6380.jpg,0,4,4,0.1643507182598114,0.18531480431556702,0.18826550245285034,0.15932908654212952,0.3027398884296417,4,0.10499574989080429,0.08532610535621643,0.10739593207836151,0.10630883276462555,0.5959733724594116,4,0.11150693148374557,0.085735984146595,0.11473119258880615,0.11117494851350784,0.576850950717926
5874,image_6391,D:\DataAI\AIEx\newdataset\yolo_f\images\train\Image_6391.jpg,0,4,4,0.1643306314945221,0.16104307770729065,0.215524822473526,0.14709755778312683,0.31200382113456726,4,0.09909983724355698,0.060712557286024094,0.10909175872802734,0.09055899828672409,0.6405368447303772,4,0.10386187583208084,0.06239650398492813,0.11642084270715714,0.09481559693813324,0.622505247592926
5875,image_6391,D:\DataAI\AIEx\newdataset\yolo_f\images\train\Image_6391.jpg,0,4,4,0.16445253789424896,0.1533145308494568,0.19579799473285675,0.16089703142642975,0.32553789019584656,4,0.09160773456096649,0.06969013810157776,0.10795371234416962,0.10775799304246902,0.6229904294013977,4,0.09420868009328842,0.06988295912742615,0.11298162490129471,0.11118956655263901,0.6117371320724487
5876,image_6392,D:\DataAI\AIEx\newdataset\yolo_f\images\train\Image_6392.jpg,0,4,4,0.16283152997493744,0.15541529655456543,0.205994114279747,0.15823693573474884,0.31752216815948486,4,0.0900971069931984,0.060908906161785126,0.10091579705476761,0.09558296203613281,0.652495265007019,4,0.09548942744731903,0.06257972121238708,0.10894634574651718,0.10102080553770065,0.6319636106491089
5877,image_6392,D:\DataAI\AIEx\newdataset\yolo_f\images\train\Image_6392.jpg,0,4,4,0.16359181702136993,0.15762558579444885,0.199532613158226,0.16465544700622559,0.31459447741508484,4,0.09352713823318481,0.06465481966733932,0.1051117554306984,0.11403020471334457,0.6226761341094971,4,0.09567483514547348,0.06586883962154388,0.11072908341884613,0.11735198646783829,0.6103752255439758
5890,image_64,D:\DataAI\AIEx\newdataset\yolo_f\images\train\Image_64.jpg,0,2,2,0.15055228769779205,0.24557209014892578,0.26624342799186707,0.1595940887928009,0.17803806066513062,2,0.14112426340579987,0.18644145131111145,0.37848174571990967,0.1251872181892395,0.16876532137393951,2,0.14141063392162323,0.1957760900259018,0.3696020245552063,0.12391473352909088,0.16929654777050018
5895,image_6405,D:\DataAI\AIEx\newdataset\yolo_f\images\train\Image_6405.jpg,0,4,4,0.17619803547859192,0.13042013347148895,0.1851588934659958,0.16484588384628296,0.34337693452835083,4,0.08825331181287766,0.05551738664507866,0.10673024505376816,0.11144143342971802,0.6380576491355896,4,0.09312918782234192,0.05619215965270996,0.11120340973138809,0.11677304655313492,0.6227021813392639
5896,image_6405,D:\DataAI\AIEx\newdataset\yolo_f\images\train\Image_6405.jpg,0,4,4,0.16653837263584137,0.15273575484752655,0.20246697962284088,0.1609056293964386,0.317353218793869,4,0.09265927970409393,0.05863599479198456,0.1174304261803627,0.10233511030673981,0.6289392113685608,4,0.09684902429580688,0.06039870157837868,0.12459409981966019,0.10680040717124939,0.6113577485084534
5903,image_6427,D:\DataAI\AIEx\newdataset\yolo_f\images\train\Image_6427.jpg,0,4,4,0.15485087037086487,0.1800716072320938,0.18956127762794495,0.16425248980522156,0.31126371026039124,4,0.08383467048406601,0.07944951951503754,0.0985473021864891,0.10722453147172928,0.6309439539909363,4,0.08716940134763718,0.08223288506269455,0.10682584345340729,0.11260655522346497,0.6111652851104736
5904,image_6427,D:\DataAI\AIEx\newdataset\yolo_f\images\train\Image_6427.jpg,0,4,4,0.15210993587970734,0.15260998904705048,0.19006045162677765,0.17443910241127014,0.3307805061340332,4,0.07198145240545273,0.05983014404773712,0.08678089827299118,0.09549372643232346,0.6859138011932373,4,0.07527690380811691,0.06182553246617317,0.09509004652500153,0.10125105828046799,0.6665565371513367
5923,image_6436,D:\DataAI\AIEx\newdataset\yolo_f\images\train\Image_6436.jpg,0,4,4,0.166158989071846,0.15950579941272736,0.18673156201839447,0.15593411028385162,0.3316696286201477,4,0.08989488333463669,0.06271163374185562,0.09840544313192368,0.09268420934677124,0.6563038229942322,4,0.09409089386463165,0.0633615180850029,0.1026739627122879,0.09694526344537735,0.6429283022880554
5924,image_6436,D:\DataAI\AIEx\newdataset\yolo_f\images\train\Image_6436.jpg,0,4,4,0.18539662659168243,0.16790032386779785,0.19848625361919403,0.15049424767494202,0.29772257804870605,4,0.11567829549312592,0.07430760562419891,0.10309801995754242,0.08273425698280334,0.6241818070411682,4,0.12041323632001877,0.07504425197839737,0.10947354882955551,0.0872674435377121,0.6078015565872192
5932,image_644,D:\DataAI\AIEx\newdataset\yolo_f\images\train\Image_644.jpg,0,0,0,0.3228331506252289,0.1566595882177353,0.15765626728534698,0.17960430681705475,0.1832466870546341,0,0.5777370929718018,0.11175697296857834,0.09056521207094193,0.11409567296504974,0.10584503412246704,0,0.5831003785133362,0.11066180467605591,0.08987888693809509,0.11303000152111053,0.10332897305488586
5938,image_6447,D:\DataAI\AIEx\newdataset\yolo_f\images\train\Image_6447.jpg,0,4,4,0.1685997098684311,0.14415043592453003,0.19077283143997192,0.16181960701942444,0.3346574902534485,4,0.10001584142446518,0.0775669664144516,0.1371041089296341,0.11057698726654053,0.5747360587120056,4,0.1055435910820961,0.07873886823654175,0.14290250837802887,0.11517246067523956,0.5576425790786743
5944,image_6457,D:\DataAI\AIEx\newdataset\yolo_f\images\train\Image_6457.jpg,0,4,4,0.18191951513290405,0.1247602179646492,0.20081095397472382,0.1633545309305191,0.32915475964546204,4,0.12175415456295013,0.06292254477739334,0.17587614059448242,0.10610692203044891,0.5333402752876282,4,0.1288861483335495,0.06450826674699783,0.17605054378509521,0.10968901962041855,0.5208660960197449
5946,image_646,D:\DataAI\AIEx\newdataset\yolo_f\images\train\Image_646.jpg,0,0,0,0.3082621097564697,0.15158353745937347,0.18715810775756836,0.1731908768415451,0.17980535328388214,0,0.47893258929252625,0.13192114233970642,0.13692860305309296,0.11603543907403946,0.1361822485923767,0,0.4813002943992615,0.13389959931373596,0.13814905285835266,0.11592471599578857,0.13072633743286133
5952,image_6471,D:\DataAI\AIEx\newdataset\yolo_f\images\train\Image_6471.jpg,0,4,4,0.16965557634830475,0.15530429780483246,0.19188354909420013,0.16145102679729462,0.32170552015304565,4,0.08809852600097656,0.054718028753995895,0.0945456326007843,0.08458015322685242,0.6780576705932617,4,0.09235644340515137,0.0560571514070034,0.10282129794359207,0.08908232301473618,0.6596827507019043
5960,image_6485,D:\DataAI\AIEx\newdataset\yolo_f\images\train\Image_6485.jpg,0,4,4,0.19221040606498718,0.11565043032169342,0.18811996281147003,0.16182684898376465,0.34219226241111755,4,0.13593396544456482,0.05506658926606178,0.10194560140371323,0.10383324325084686,0.6032205820083618,4,0.1403263509273529,0.05557480826973915,0.10969386994838715,0.10840737819671631,0.5859975814819336
5962,image_6487,D:\DataAI\AIEx\newdataset\yolo_f\images\train\Image_6487.jpg,0,4,4,0.17826755344867706,0.1455533504486084,0.20974817872047424,0.1441166251897812,0.32231423258781433,4,0.10879763960838318,0.06454155594110489,0.10848241299390793,0.10241655260324478,0.6157618165016174,4,0.1111220270395279,0.06524232029914856,0.11655112355947495,0.10953573137521744,0.59754878282547
5964,image_6491,D:\DataAI\AIEx\newdataset\yolo_f\images\train\Image_6491.jpg,0,4,4,0.165531188249588,0.16905555129051208,0.2238953709602356,0.17187124490737915,0.26964667439460754,4,0.10067364573478699,0.08123017847537994,0.1432192325592041,0.12266361713409424,0.5522133111953735,4,0.10387808084487915,0.08057666569948196,0.14562185108661652,0.13054299354553223,0.5393804311752319
5966,image_6496,D:\DataAI\AIEx\newdataset\yolo_f\images\train\Image_6496.jpg,0,4,4,0.1641388237476349,0.1691117286682129,0.19295348227024078,0.17218735814094543,0.3016086518764496,4,0.08260215073823929,0.06770165264606476,0.09504412114620209,0.11195193231105804,0.6427001357078552,4,0.08533540368080139,0.06840815395116806,0.10292144119739532,0.11705663800239563,0.6262784004211426
5967,image_6497,D:\DataAI\AIEx\newdataset\yolo_f\images\train\Image_6497.jpg,0,4,4,0.16115593910217285,0.1790008246898651,0.20222823321819305,0.15545332431793213,0.30216166377067566,4,0.08568010479211807,0.06764917820692062,0.106902576982975,0.09599962830543518,0.6437685489654541,4,0.08806371688842773,0.06815389543771744,0.11363819986581802,0.1001986414194107,0.6299455165863037
5970,image_650,D:\DataAI\AIEx\newdataset\yolo_f\images\train\Image_650.jpg,0,0,0,0.28249943256378174,0.20069962739944458,0.16219784319400787,0.15926122665405273,0.19534185528755188,0,0.5379539132118225,0.14361898601055145,0.0969664603471756,0.10661765187978745,0.1148429661989212,0,0.5389688014984131,0.1456524133682251,0.09730987250804901,0.10542619973421097,0.11264269798994064
5977,image_6510,D:\DataAI\AIEx\newdataset\yolo_f\images\train\Image_6510.jpg,0,4,4,0.1603010594844818,0.16897934675216675,0.19948208332061768,0.15789338946342468,0.3133440613746643,4,0.08676297962665558,0.06871450692415237,0.09952623397111893,0.091074138879776,0.6539221405982971,4,0.09171213209629059,0.06943653523921967,0.10696303844451904,0.09616857767105103,0.6357196569442749
5982,image_6519,D:\DataAI\AIEx\newdataset\yolo_f\images\train\Image_6519.jpg,0,4,4,0.17954331636428833,0.1699134260416031,0.18941088020801544,0.1553954929113388,0.3057369589805603,4,0.1142336055636406,0.08428219705820084,0.11154487729072571,0.07874739170074463,0.6111919283866882,4,0.11858907341957092,0.0849917083978653,0.11648037284612656,0.08244913816452026,0.5974897146224976
5992,image_6537,D:\DataAI\AIEx\newdataset\yolo_f\images\train\Image_6537.jpg,0,4,4,0.15666158497333527,0.16662156581878662,0.19527044892311096,0.16177113354206085,0.3196752369403839,4,0.08273153007030487,0.06493277102708817,0.09746348112821579,0.0918789803981781,0.6629931926727295,4,0.08751596510410309,0.06605214625597,0.1047191396355629,0.0965268611907959,0.6451859474182129
5996,image_6543,D:\DataAI\AIEx\newdataset\yolo_f\images\train\Image_6543.jpg,0,4,4,0.17317834496498108,0.1534947007894516,0.19341707229614258,0.17204098403453827,0.3078688681125641,4,0.09391601383686066,0.06412068754434586,0.10253386944532394,0.10740502178668976,0.6320244073867798,4,0.09769026935100555,0.06513462960720062,0.11043373495340347,0.11250505596399307,0.6142362356185913
5997,image_6543,D:\DataAI\AIEx\newdataset\yolo_f\images\train\Image_6543.jpg,0,4,4,0.15968868136405945,0.14154984056949615,0.20911805331707,0.15710686147212982,0.3325365483760834,4,0.0811050683259964,0.05511194095015526,0.09383104741573334,0.08272651582956314,0.6872254014015198,4,0.08601723611354828,0.05752384662628174,0.10149162262678146,0.08727293461561203,0.6676942706108093
6004,image_6547,D:\DataAI\AIEx\newdataset\yolo_f\images\train\Image_6547.jpg,0,4,4,0.1963299810886383,0.12937067449092865,0.17968280613422394,0.16321060061454773,0.3314058780670166,4,0.20154772698879242,0.07202485203742981,0.11849017441272736,0.12008611112833023,0.48785117268562317,4,0.20891334116458893,0.07432130724191666,0.1251235455274582,0.12318640202283859,0.46845531463623047
6005,image_6548,D:\DataAI\AIEx\newdataset\yolo_f\images\train\Image_6548.jpg,0,4,4,0.1828528642654419,0.16663199663162231,0.17365363240242004,0.1722976416349411,0.3045637905597687,4,0.15617626905441284,0.08573732525110245,0.109628826379776,0.112136609852314,0.5363209843635559,4,0.16402976214885712,0.08660195022821426,0.11626052856445312,0.11412397027015686,0.518983781337738
6019,image_6578,D:\DataAI\AIEx\newdataset\yolo_f\images\train\Image_6578.jpg,0,4,4,0.17940464615821838,0.1604078859090805,0.18724343180656433,0.1716340035200119,0.3013100028038025,4,0.10622736066579819,0.06405927240848541,0.09710332751274109,0.10040806233882904,0.6322019696235657,4,0.11141195893287659,0.0649876818060875,0.10517710447311401,0.10508546978235245,0.6133377552032471
6024,image_6588,D:\DataAI\AIEx\newdataset\yolo_f\images\train\Image_6588.jpg,0,4,4,0.16504229605197906,0.15489226579666138,0.20211997628211975,0.17829160392284393,0.29965391755104065,4,0.08781979978084564,0.06027479097247124,0.10461746901273727,0.11502234637737274,0.6322655081748962,4,0.0918971374630928,0.061980944126844406,0.11385313421487808,0.12097194045782089,0.6112968325614929
6029,image_6593,D:\DataAI\AIEx\newdataset\yolo_f\images\train\Image_6593.jpg,0,4,4,0.19058427214622498,0.1592397540807724,0.18194672465324402,0.16583237051963806,0.30239689350128174,4,0.11471734195947647,0.06718014180660248,0.10096804052591324,0.09532716125249863,0.621807336807251,4,0.11966487765312195,0.06817871332168579,0.10688140988349915,0.10003016144037247,0.6052448749542236
6036,image_660,D:\DataAI\AIEx\newdataset\yolo_f\images\train\Image_660.jpg,0,0,0,0.33519238233566284,0.15332837402820587,0.16163218021392822,0.1717548370361328,0.17809218168258667,0,0.5963971018791199,0.1080053523182869,0.09533919394016266,0.10753994435071945,0.09271841496229172,0,0.6035085916519165,0.10639125853776932,0.09398296475410461,0.10620597004890442,0.08991120755672455
6039,image_6604,D:\DataAI\AIEx\newdataset\yolo_f\images\train\Image_6604.jpg,0,4,4,0.22820498049259186,0.16386981308460236,0.1779797226190567,0.1468556970357895,0.2830897867679596,0,0.3770183324813843,0.11276812106370926,0.11006143689155579,0.09654679894447327,0.3036053478717804,0,0.3853720724582672,0.1102178767323494,0.11204145848751068,0.09593561291694641,0.2964329719543457
6042,image_6610,D:\DataAI\AIEx\newdataset\yolo_f\images\train\Image_6610.jpg,0,4,4,0.16514462232589722,0.16440649330615997,0.18273751437664032,0.17363779246807098,0.3140736520290375,4,0.08754729479551315,0.07469586282968521,0.09101449698209763,0.09246162325143814,0.6542807221412659,4,0.09171093255281448,0.07680497318506241,0.09817682951688766,0.09747624397277832,0.6358310580253601
6051,image_6621,D:\DataAI\AIEx\newdataset\yolo_f\images\train\Image_6621.jpg,0,4,4,0.17007531225681305,0.15066620707511902,0.19824101030826569,0.15558941662311554,0.3254280090332031,4,0.10940171033143997,0.0595553033053875,0.11759583652019501,0.10236255079507828,0.6110846400260925,4,0.11630021780729294,0.060691725462675095,0.12454114854335785,0.10634934902191162,0.5921176075935364
6052,image_6623,D:\DataAI\AIEx\newdataset\yolo_f\images\train\Image_6623.jpg,0,4,4,0.18691763281822205,0.1656438410282135,0.17299942672252655,0.16481661796569824,0.30962246656417847,4,0.11961120367050171,0.07634386420249939,0.09313014894723892,0.0878116562962532,0.623103141784668,4,0.12586140632629395,0.07771621644496918,0.09934064000844955,0.09188011288642883,0.6052016019821167
6053,image_6623,D:\DataAI\AIEx\newdataset\yolo_f\images\train\Image_6623.jpg,0,4,4,0.16481702029705048,0.17278458178043365,0.19621911644935608,0.15864458680152893,0.30753475427627563,4,0.08936238288879395,0.06909167766571045,0.08690045028924942,0.0859098732471466,0.6687356233596802,4,0.09212730079889297,0.07066936790943146,0.09392008185386658,0.09033539146184921,0.6529478430747986
6063,image_6635,D:\DataAI\AIEx\newdataset\yolo_f\images\train\Image_6635.jpg,0,4,4,0.17759886384010315,0.15575461089611053,0.19953183829784393,0.16657322645187378,0.3005414605140686,4,0.09427794069051743,0.06330077350139618,0.10345084965229034,0.10623151808977127,0.6327390074729919,4,0.09846659004688263,0.0646049976348877,0.11150284111499786,0.11111252754926682,0.6143130660057068
6065,image_6639,D:\DataAI\AIEx\newdataset\yolo_f\images\train\Image_6639.jpg,0,4,4,0.1919315606355667,0.15577349066734314,0.188799649477005,0.16381780803203583,0.29967743158340454,4,0.09370361268520355,0.06241929158568382,0.09574425965547562,0.08326846361160278,0.6648644208908081,4,0.09779926389455795,0.06344769150018692,0.10217791050672531,0.08920903503894806,0.6473661661148071
6070,image_6650,D:\DataAI\AIEx\newdataset\yolo_f\images\train\Image_6650.jpg,0,4,4,0.15896105766296387,0.15718315541744232,0.19262775778770447,0.16268962621688843,0.32853835821151733,4,0.09769013524055481,0.0612897053360939,0.10868163406848907,0.10909892618656158,0.6232396364212036,4,0.10490327328443527,0.06198546662926674,0.11522051692008972,0.11350423842668533,0.6043864488601685
6074,image_6655,D:\DataAI\AIEx\newdataset\yolo_f\images\train\Image_6655.jpg,0,4,4,0.16568557918071747,0.16001403331756592,0.19867539405822754,0.16172735393047333,0.31389763951301575,4,0.08979277312755585,0.05901890620589256,0.10227903723716736,0.10094020515680313,0.6479690670967102,4,0.09472719579935074,0.06122935563325882,0.1104501411318779,0.1049870029091835,0.6286063194274902
6075,image_6657,D:\DataAI\AIEx\newdataset\yolo_f\images\train\Image_6657.jpg,0,4,4,0.16876287758350372,0.17115835845470428,0.18535952270030975,0.15757517516613007,0.31714409589767456,4,0.09714525938034058,0.06754979491233826,0.09773123264312744,0.08561209589242935,0.6519615650177002,4,0.10121738910675049,0.06898404657840729,0.10353031754493713,0.08928200602531433,0.636986255645752
6088,image_6687,D:\DataAI\AIEx\newdataset\yolo_f\images\train\Image_6687.jpg,0,4,4,0.15644221007823944,0.17152680456638336,0.20292022824287415,0.16035236418247223,0.308758407831192,4,0.08622317016124725,0.0634087398648262,0.10255415737628937,0.10364707559347153,0.6441667675971985,4,0.09001675993204117,0.06468405574560165,0.11028382182121277,0.10888830572366714,0.6261270642280579
6090,image_6693,D:\DataAI\AIEx\newdataset\yolo_f\images\train\Image_6693.jpg,0,4,4,0.16724780201911926,0.1704334020614624,0.1946352869272232,0.16715215146541595,0.3005313575267792,4,0.09216319769620895,0.06619983166456223,0.10873813927173615,0.09876060485839844,0.6341382265090942,4,0.09570465236902237,0.0687544122338295,0.11509080231189728,0.10338343679904938,0.6170666217803955
6094,image_6699,D:\DataAI\AIEx\newdataset\yolo_f\images\train\Image_6699.jpg,0,4,4,0.17324531078338623,0.15541985630989075,0.19982241094112396,0.17254745960235596,0.2989649474620819,4,0.09767406433820724,0.05878952890634537,0.09938928484916687,0.11897134780883789,0.6251757144927979,4,0.10101313889026642,0.060392219573259354,0.10742361098527908,0.12314633280038834,0.6080247163772583
6098,image_6702,D:\DataAI\AIEx\newdataset\yolo_f\images\train\Image_6702.jpg,0,4,4,0.1694747805595398,0.1470205932855606,0.20568060874938965,0.16874487698078156,0.3090791702270508,4,0.09088122844696045,0.05144515261054039,0.09301801025867462,0.12110190093517303,0.6435537338256836,4,0.09480278939008713,0.05257781967520714,0.10156808793544769,0.12929286062717438,0.6217584013938904
6101,image_6709,D:\DataAI\AIEx\newdataset\yolo_f\images\train\Image_6709.jpg,0,4,4,0.17399966716766357,0.14208023250102997,0.20228470861911774,0.16809192299842834,0.313543438911438,4,0.09116209298372269,0.05431452393531799,0.09805088490247726,0.10386162251234055,0.6526108980178833,4,0.0948377177119255,0.05547717958688736,0.10597006231546402,0.10954758524894714,0.6341674327850342
6109,image_6727,D:\DataAI\AIEx\newdataset\yolo_f\images\train\Image_6727.jpg,0,4,4,0.1846044808626175,0.16142638027668,0.1850796937942505,0.17693696916103363,0.2919524610042572,4,0.09633246809244156,0.06904389709234238,0.1100420132279396,0.12104407697916031,0.6035375595092773,4,0.09801726788282394,0.07015004009008408,0.11681570112705231,0.12394823133945465,0.5910687446594238
6115,image_6731,D:\DataAI\AIEx\newdataset\yolo_f\images\train\Image_6731.jpg,0,4,4,0.17786303162574768,0.1475115269422531,0.1967175304889679,0.17783305048942566,0.30007487535476685,4,0.0858263373374939,0.06073734909296036,0.10890599340200424,0.10590147972106934,0.6386289000511169,4,0.08903392404317856,0.06187554448843002,0.11559513956308365,0.11129112541675568,0.6222042441368103
6120,image_6734,D:\DataAI\AIEx\newdataset\yolo_f\images\train\Image_6734.jpg,0,4,4,0.16638609766960144,0.14929331839084625,0.2030896097421646,0.17311643064022064,0.308114618062973,4,0.08910653740167618,0.05806775763630867,0.09687062352895737,0.09729268401861191,0.6586624383926392,4,0.09321493655443192,0.05885196849703789,0.1050136387348175,0.10230422019958496,0.6406151652336121
6121,image_6734,D:\DataAI\AIEx\newdataset\yolo_f\images\train\Image_6734.jpg,0,4,4,0.16290390491485596,0.12342408299446106,0.19175706803798676,0.16460025310516357,0.35731467604637146,4,0.08395557850599289,0.04657436162233353,0.09228233993053436,0.08993033319711685,0.6872574090957642,4,0.08663784712553024,0.04831233248114586,0.09915116429328918,0.0936765968799591,0.6722220778465271
6126,image_6737,D:\DataAI\AIEx\newdataset\yolo_f\images\train\Image_6737.jpg,0,4,4,0.17158754169940948,0.13173498213291168,0.18201379477977753,0.17580550909042358,0.33885812759399414,4,0.08840938657522202,0.051282502710819244,0.08715435862541199,0.09084811806678772,0.6823055744171143,4,0.09145724773406982,0.053175780922174454,0.09402426332235336,0.09428330510854721,0.6670594215393066
6127,image_6737,D:\DataAI\AIEx\newdataset\yolo_f\images\train\Image_6737.jpg,0,4,4,0.1681373417377472,0.1581820547580719,0.19610659778118134,0.16727370023727417,0.3103002905845642,4,0.09257803857326508,0.06747899204492569,0.09165321290493011,0.08586632460355759,0.6624233722686768,4,0.09760032594203949,0.06846427917480469,0.09949567914009094,0.0907578319311142,0.6436818242073059
6145,image_6746,D:\DataAI\AIEx\newdataset\yolo_f\images\train\Image_6746.jpg,0,4,4,0.18214638531208038,0.14099301397800446,0.18063613772392273,0.17718568444252014,0.3190387785434723,4,0.09946347773075104,0.05635702982544899,0.08714528381824493,0.09391006827354431,0.663124144077301,4,0.10283034294843674,0.05756985396146774,0.09322661906480789,0.09819985926151276,0.6481732726097107
6146,image_6746,D:\DataAI\AIEx\newdataset\yolo_f\images\train\Image_6746.jpg,0,4,4,0.18342220783233643,0.15262152254581451,0.19198426604270935,0.1791079193353653,0.292864054441452,4,0.11291509866714478,0.06940747052431107,0.09281454980373383,0.09955728054046631,0.6253055930137634,4,0.11845263838768005,0.07028094679117203,0.10027060657739639,0.1028837189078331,0.608112096786499
6164,image_6767,D:\DataAI\AIEx\newdataset\yolo_f\images\train\Image_6767.jpg,0,4,4,0.15469694137573242,0.15142910182476044,0.18349586427211761,0.1600402146577835,0.3503378927707672,4,0.09934797137975693,0.06600511819124222,0.09168405830860138,0.09524214267730713,0.6477206945419312,4,0.10491373389959335,0.06709255278110504,0.09999078512191772,0.0984911322593689,0.6295117735862732
6165,image_6768,D:\DataAI\AIEx\newdataset\yolo_f\images\train\Image_6768.jpg,0,4,4,0.16571398079395294,0.13706152141094208,0.1907607465982437,0.16328279674053192,0.34318092465400696,4,0.12109307199716568,0.05974433571100235,0.09240811318159103,0.09432023763656616,0.6324342489242554,4,0.1285550892353058,0.060752928256988525,0.10111236572265625,0.09785826504230499,0.611721396446228
6170,image_6775,D:\DataAI\AIEx\newdataset\yolo_f\images\train\Image_6775.jpg,0,4,4,0.16998516023159027,0.19734127819538116,0.17306335270404816,0.16472679376602173,0.2948834002017975,4,0.09567108750343323,0.08116611838340759,0.09020131081342697,0.10285431146621704,0.6301071643829346,4,0.09976990520954132,0.08332326263189316,0.0965670570731163,0.10646526515483856,0.6138744950294495
6171,image_6775,D:\DataAI\AIEx\newdataset\yolo_f\images\train\Image_6775.jpg,0,4,4,0.18233230710029602,0.16718202829360962,0.19249488413333893,0.17878521978855133,0.2792055904865265,4,0.1250474750995636,0.10046175122261047,0.13834157586097717,0.15124092996120453,0.4849082827568054,4,0.12843914330005646,0.10359098762273788,0.14581209421157837,0.15455204248428345,0.4676056504249573
6172,image_6776,D:\DataAI\AIEx\newdataset\yolo_f\images\train\Image_6776.jpg,0,4,4,0.18196910619735718,0.1768142729997635,0.17843134701251984,0.1688428819179535,0.293942391872406,4,0.10384729504585266,0.07671386003494263,0.09689182788133621,0.09822463989257812,0.6243222951889038,4,0.10639354586601257,0.07853514701128006,0.10293638706207275,0.10179043561220169,0.6103444695472717
6173,image_6776,D:\DataAI\AIEx\newdataset\yolo_f\images\train\Image_6776.jpg,0,4,4,0.16112180054187775,0.12533196806907654,0.19012758135795593,0.16587631404399872,0.3575423061847687,4,0.0893404632806778,0.05437333509325981,0.09885402768850327,0.09506745636463165,0.6623646020889282,4,0.09404598921537399,0.05506298691034317,0.1037696823477745,0.09981737285852432,0.6473039984703064
6186,image_6788,D:\DataAI\AIEx\newdataset\yolo_f\images\train\Image_6788.jpg,0,4,4,0.1575295627117157,0.12412070482969284,0.1970764696598053,0.1642908751964569,0.35698240995407104,4,0.0863044410943985,0.05441055819392204,0.12095232307910919,0.09647136926651001,0.6418613195419312,4,0.09177607297897339,0.05601019412279129,0.1259462535381317,0.10106091946363449,0.6252066493034363
6187,image_6788,D:\DataAI\AIEx\newdataset\yolo_f\images\train\Image_6788.jpg,0,4,4,0.1723981350660324,0.17160476744174957,0.19705229997634888,0.15736787021160126,0.3015768826007843,4,0.09937650710344315,0.0758896917104721,0.09679069370031357,0.09049278497695923,0.6374503374099731,4,0.1033359169960022,0.07710986584424973,0.1033535897731781,0.09466183930635452,0.6215387582778931
6202,image_6801,D:\DataAI\AIEx\newdataset\yolo_f\images\train\Image_6801.jpg,0,4,4,0.16113203763961792,0.13411147892475128,0.18704190850257874,0.17160266637802124,0.34611189365386963,4,0.08907826244831085,0.06147849187254906,0.10688310116529465,0.11723658442497253,0.6253236532211304,4,0.09104474633932114,0.061981841921806335,0.11301378905773163,0.1195235550403595,0.6144359707832336
6203,image_6801,D:\DataAI\AIEx\newdataset\yolo_f\images\train\Image_6801.jpg,0,4,4,0.1791781783103943,0.18272517621517181,0.182053804397583,0.16403573751449585,0.29200705885887146,4,0.09733638912439346,0.07332221418619156,0.09307219088077545,0.09191358834505081,0.6443555355072021,4,0.10124623775482178,0.07629088312387466,0.09980130195617676,0.09601852297782898,0.6266431212425232
6218,image_6821,D:\DataAI\AIEx\newdataset\yolo_f\images\train\Image_6821.jpg,0,4,4,0.18263258039951324,0.16433723270893097,0.18095749616622925,0.163939967751503,0.30813276767730713,4,0.11980387568473816,0.08253651857376099,0.12835478782653809,0.12138596922159195,0.5479188561439514,4,0.12550553679466248,0.08403147757053375,0.13045483827590942,0.1272309422492981,0.5327771902084351
6219,image_6821,D:\DataAI\AIEx\newdataset\yolo_f\images\train\Image_6821.jpg,0,4,4,0.15969747304916382,0.1497928351163864,0.2004416584968567,0.17382419109344482,0.3162437975406647,4,0.07699479907751083,0.05722298100590706,0.09218556433916092,0.09912032634019852,0.6744762659072876,4,0.08034674823284149,0.058467697352170944,0.10071130841970444,0.10528849810361862,0.6551856994628906
6220,image_6822,D:\DataAI\AIEx\newdataset\yolo_f\images\train\Image_6822.jpg,0,4,4,0.17818394303321838,0.16321232914924622,0.18587814271450043,0.16353288292884827,0.3091927468776703,4,0.11674489080905914,0.08492125570774078,0.1334463506937027,0.11266999691724777,0.5522174835205078,4,0.12078449875116348,0.0856904610991478,0.13537384569644928,0.11725031584501266,0.5409008860588074
6221,image_6822,D:\DataAI\AIEx\newdataset\yolo_f\images\train\Image_6822.jpg,0,4,4,0.14833301305770874,0.14199727773666382,0.2066241055727005,0.18077868223190308,0.32226693630218506,4,0.07159771770238876,0.053677748888731,0.09818799048662186,0.10142367333173752,0.6751128435134888,4,0.07454052567481995,0.05602903291583061,0.10708583146333694,0.10857364535331726,0.653770923614502
6238,image_6829,D:\DataAI\AIEx\newdataset\yolo_f\images\train\Image_6829.jpg,0,4,4,0.17018534243106842,0.16448695957660675,0.18967314064502716,0.16575516760349274,0.30989938974380493,4,0.08501006662845612,0.06557188928127289,0.09180454164743423,0.08138340711593628,0.6762301325798035,4,0.08926873654127121,0.06727229058742523,0.09835411608219147,0.08572474122047424,0.6593801379203796
6239,image_6829,D:\DataAI\AIEx\newdataset\yolo_f\images\train\Image_6829.jpg,0,4,4,0.17847754061222076,0.12647992372512817,0.19532878696918488,0.18321001529693604,0.31650376319885254,4,0.11948949098587036,0.06638413667678833,0.16452524065971375,0.13365785777568817,0.5159433484077454,4,0.1250794231891632,0.06982500851154327,0.1684534251689911,0.13696883618831635,0.49967333674430847
6247,image_6834,D:\DataAI\AIEx\newdataset\yolo_f\images\train\Image_6834.jpg,0,4,4,0.1430894285440445,0.1473580002784729,0.2079111635684967,0.16888444125652313,0.3327569365501404,4,0.0720302015542984,0.06452721357345581,0.1042439416050911,0.1050567775964737,0.6541418433189392,4,0.0758611261844635,0.06713176518678665,0.11250719428062439,0.11096196621656418,0.6335379481315613
6248,image_6834,D:\DataAI\AIEx\newdataset\yolo_f\images\train\Image_6834.jpg,0,4,4,0.1837833821773529,0.12144284695386887,0.1894775629043579,0.1931641697883606,0.3121320605278015,4,0.10710054636001587,0.05215766280889511,0.12953956425189972,0.1303861290216446,0.5808160305023193,4,0.11296466737985611,0.05403924733400345,0.13514269888401031,0.13969044387340546,0.5581629872322083
6260,image_6840,D:\DataAI\AIEx\newdataset\yolo_f\images\train\Image_6840.jpg,0,4,4,0.19038814306259155,0.14290671050548553,0.17581163346767426,0.19204790890216827,0.2988455891609192,4,0.13327321410179138,0.08444909751415253,0.13800343871116638,0.14360734820365906,0.5006669163703918,4,0.13907627761363983,0.08722036331892014,0.14359167218208313,0.1488819569349289,0.48122984170913696
6261,image_6840,D:\DataAI\AIEx\newdataset\yolo_f\images\train\Image_6840.jpg,0,4,4,0.18096482753753662,0.13257603347301483,0.20753036439418793,0.17947398126125336,0.29945480823516846,4,0.10323411971330643,0.07536691427230835,0.20436039566993713,0.21842561662197113,0.39861294627189636,4,0.10764337331056595,0.07790130376815796,0.2066851407289505,0.22131718695163727,0.3864530026912689
6266,image_6846,D:\DataAI\AIEx\newdataset\yolo_f\images\train\Image_6846.jpg,0,4,4,0.18318499624729156,0.14211802184581757,0.18223613500595093,0.17369499802589417,0.3187658190727234,4,0.12568770349025726,0.0651831403374672,0.12014979869127274,0.10330058634281158,0.58567875623703,4,0.1328352987766266,0.06604798138141632,0.12289705127477646,0.10956474393606186,0.5686549544334412
6267,image_6846,D:\DataAI\AIEx\newdataset\yolo_f\images\train\Image_6846.jpg,0,4,4,0.15163655579090118,0.1616864651441574,0.20699702203273773,0.1617765873670578,0.31790339946746826,4,0.09101948142051697,0.07003533840179443,0.09584374725818634,0.09148207306861877,0.6516193747520447,4,0.09587931632995605,0.0728614553809166,0.10380620509386063,0.09622742235660553,0.6312256455421448
6275,image_6850,D:\DataAI\AIEx\newdataset\yolo_f\images\train\Image_6850.jpg,0,4,4,0.17071007192134857,0.16213373839855194,0.19070594012737274,0.1604025959968567,0.3160476088523865,4,0.08849011361598969,0.06722129136323929,0.09294644743204117,0.07865214347839355,0.6726900339126587,4,0.09285477548837662,0.0688365250825882,0.10002478212118149,0.08262932300567627,0.6556546092033386
6276,image_6850,D:\DataAI\AIEx\newdataset\yolo_f\images\train\Image_6850.jpg,0,4,4,0.1968909502029419,0.13487645983695984,0.16798637807369232,0.19582389295101166,0.30442237854003906,4,0.13634248077869415,0.07116300612688065,0.13461272418498993,0.14704300463199615,0.5108387470245361,4,0.14465659856796265,0.07418426126241684,0.13924628496170044,0.15279513597488403,0.48911768198013306
6281,image_6855,D:\DataAI\AIEx\newdataset\yolo_f\images\train\Image_6855.jpg,0,4,4,0.18080681562423706,0.14494988322257996,0.1683821827173233,0.19236819446086884,0.31349292397499084,4,0.1170244961977005,0.08558547496795654,0.13264882564544678,0.14372071623802185,0.5210205316543579,4,0.12066350877285004,0.0894634947180748,0.1423160880804062,0.14649759232997894,0.501059353351593
6282,image_6855,D:\DataAI\AIEx\newdataset\yolo_f\images\train\Image_6855.jpg,0,4,4,0.15557707846164703,0.15853802859783173,0.17615148425102234,0.17469733953475952,0.3350360691547394,4,0.0909506306052208,0.07032600790262222,0.1018943339586258,0.12448398023843765,0.6123450398445129,4,0.09340566396713257,0.0752255991101265,0.1069052666425705,0.12863785028457642,0.5958256721496582
6298,image_6870,D:\DataAI\AIEx\newdataset\yolo_f\images\train\Image_6870.jpg,0,4,4,0.1619996577501297,0.11776751279830933,0.2026475965976715,0.17006787657737732,0.34751731157302856,4,0.0861036628484726,0.05103098973631859,0.12424657493829727,0.11017602682113647,0.6284427046775818,4,0.09006979316473007,0.05093855410814285,0.1298798769712448,0.1153385117650032,0.6137732863426208
6303,image_6878,D:\DataAI\AIEx\newdataset\yolo_f\images\train\Image_6878.jpg,0,4,4,0.1478661596775055,0.13311032950878143,0.1884349286556244,0.1513412892818451,0.3792473375797272,4,0.08292653411626816,0.05954158678650856,0.13458037376403809,0.10283424705266953,0.6201172471046448,4,0.08827140927314758,0.059462372213602066,0.13628098368644714,0.10746143758296967,0.6085237264633179
6305,image_6884,D:\DataAI\AIEx\newdataset\yolo_f\images\train\Image_6884.jpg,0,4,4,0.16570624709129333,0.12744054198265076,0.20541028678417206,0.16011744737625122,0.34132543206214905,4,0.09569109976291656,0.053949885070323944,0.12131033837795258,0.10118464380502701,0.6278639435768127,4,0.10119292885065079,0.05572668835520744,0.12555374205112457,0.10746791958808899,0.6100587248802185
6312,image_6897,D:\DataAI\AIEx\newdataset\yolo_f\images\train\Image_6897.jpg,0,4,4,0.15928997099399567,0.163844496011734,0.21064451336860657,0.15208175778388977,0.31413930654525757,4,0.08967659622430801,0.07258143275976181,0.10597120225429535,0.10105616599321365,0.6307145357131958,4,0.09497888386249542,0.07356632500886917,0.11252783238887787,0.1084020584821701,0.6105248928070068
6318,image_6903,D:\DataAI\AIEx\newdataset\yolo_f\images\train\Image_6903.jpg,0,4,4,0.16756035387516022,0.1717083901166916,0.1892569214105606,0.15383943915367126,0.3176348805427551,4,0.09363440424203873,0.0693325400352478,0.09139899909496307,0.09791955351829529,0.6477145552635193,4,0.09774237871170044,0.07107240706682205,0.0984705314040184,0.10166199505329132,0.6310526132583618
6320,image_6906,D:\DataAI\AIEx\newdataset\yolo_f\images\train\Image_6906.jpg,0,4,4,0.16303592920303345,0.16963699460029602,0.1966724842786789,0.15749424695968628,0.31316035985946655,4,0.09651432186365128,0.07024627923965454,0.09627144783735275,0.10010287910699844,0.6368650794029236,4,0.09937280416488647,0.07233154028654099,0.10313508659601212,0.10424771159887314,0.6209129095077515
6324,image_691,D:\DataAI\AIEx\newdataset\yolo_f\images\train\Image_691.jpg,0,0,0,0.3242596685886383,0.1481565535068512,0.1655348539352417,0.18440410494804382,0.17764481902122498,0,0.5420790314674377,0.11674042791128159,0.10148584842681885,0.12306080758571625,0.11663393676280975,0,0.5473233461380005,0.11590424925088882,0.10086973011493683,0.12215334922075272,0.11374938488006592
6329,image_6917,D:\DataAI\AIEx\newdataset\yolo_f\images\train\Image_6917.jpg,0,4,4,0.17329907417297363,0.16711726784706116,0.1984362006187439,0.1616448312997818,0.2995026111602783,4,0.10315736383199692,0.07278726249933243,0.09941738843917847,0.09550788253545761,0.6291300654411316,4,0.10672483593225479,0.07340565323829651,0.10643437504768372,0.0998585894703865,0.6135765910148621
6330,image_6918,D:\DataAI\AIEx\newdataset\yolo_f\images\train\Image_6918.jpg,0,4,4,0.1672968864440918,0.17640763521194458,0.20238687098026276,0.15918749570846558,0.2947210669517517,4,0.09966098517179489,0.07542154937982559,0.10584447532892227,0.10101887583732605,0.6180540919303894,4,0.1033482775092125,0.0769294872879982,0.11270205676555634,0.10481594502925873,0.6022042036056519
6335,image_693,D:\DataAI\AIEx\newdataset\yolo_f\images\train\Image_693.jpg,0,0,0,0.2646048665046692,0.22806058824062347,0.15568239986896515,0.16530580818653107,0.18634644150733948,0,0.5357896685600281,0.16572722792625427,0.09236098825931549,0.10904917120933533,0.09707291424274445,0,0.5357175469398499,0.16843681037425995,0.09272046387195587,0.1078110858798027,0.09531410038471222
6347,image_6940,D:\DataAI\AIEx\newdataset\yolo_f\images\train\Image_6940.jpg,0,4,4,0.186581552028656,0.1560925841331482,0.1990112066268921,0.16159489750862122,0.2967197000980377,4,0.1072726920247078,0.06433640420436859,0.10048926621675491,0.11129327118396759,0.6166083812713623,4,0.11259356886148453,0.06587076932191849,0.10857438296079636,0.11733370274305344,0.5956276059150696
6349,image_6944,D:\DataAI\AIEx\newdataset\yolo_f\images\train\Image_6944.jpg,0,4,4,0.1708032190799713,0.1511193960905075,0.20169508457183838,0.16446399688720703,0.3119182288646698,4,0.09137701988220215,0.06225762888789177,0.09884242713451385,0.08665966987609863,0.6608632206916809,4,0.09514917433261871,0.06380922347307205,0.10713832080364227,0.09138740599155426,0.6425158381462097
6359,image_6965,D:\DataAI\AIEx\newdataset\yolo_f\images\train\Image_6965.jpg,0,4,4,0.17933964729309082,0.175523579120636,0.18092508614063263,0.16178570687770844,0.3024260103702545,4,0.10807421803474426,0.08064192533493042,0.0944848507642746,0.07579165697097778,0.6410073637962341,4,0.11187136918306351,0.08054260164499283,0.09930206090211868,0.07876701653003693,0.6295170187950134
6362,image_697,D:\DataAI\AIEx\newdataset\yolo_f\images\train\Image_697.jpg,0,0,0,0.32020658254623413,0.1727343499660492,0.17374491691589355,0.15978257358074188,0.17353156208992004,0,0.4487113356590271,0.17676010727882385,0.12096888571977615,0.12325242161750793,0.1303071528673172,0,0.45598623156547546,0.17402449250221252,0.12126456201076508,0.12077920883893967,0.12794555723667145
6363,image_697,D:\DataAI\AIEx\newdataset\yolo_f\images\train\Image_697.jpg,0,1,1,0.1848023682832718,0.35302734375,0.16003505885601044,0.130905881524086,0.17122937738895416,0,0.3344572186470032,0.32048138976097107,0.10878190398216248,0.0897306278347969,0.1465488225221634,0,0.3468606770038605,0.3123336136341095,0.10972285270690918,0.09023763239383698,0.14084526896476746
6364,image_697,D:\DataAI\AIEx\newdataset\yolo_f\images\train\Image_697.jpg,0,1,1,0.1701141893863678,0.35210272669792175,0.15795762836933136,0.14585061371326447,0.17397479712963104,1,0.26316556334495544,0.40531739592552185,0.09932807832956314,0.09850462526082993,0.13368438184261322,1,0.2696128487586975,0.39956554770469666,0.09995603561401367,0.09894822537899017,0.131917342543602
6365,image_6970,D:\DataAI\AIEx\newdataset\yolo_f\images\train\Image_6970.jpg,0,4,4,0.167881041765213,0.1589345484972,0.20358964800834656,0.16923893988132477,0.30035582184791565,4,0.09091328084468842,0.06201335787773132,0.09386304765939713,0.08973999321460724,0.6634703278541565,4,0.09692146629095078,0.06373072415590286,0.10257034748792648,0.09565497189760208,0.6411224603652954
6368,image_6982,D:\DataAI\AIEx\newdataset\yolo_f\images\train\Image_6982.jpg,0,4,4,0.16074851155281067,0.16327840089797974,0.1913939267396927,0.17298069596290588,0.3115984797477722,4,0.08034638315439224,0.06459067761898041,0.0978439524769783,0.10191197693347931,0.6553069949150085,4,0.08382002264261246,0.06638096272945404,0.1054355800151825,0.10767687112092972,0.6366865634918213
6369,image_6982,D:\DataAI\AIEx\newdataset\yolo_f\images\train\Image_6982.jpg,0,4,4,0.15797916054725647,0.15775325894355774,0.20154142379760742,0.17273080348968506,0.30999529361724854,4,0.07684795558452606,0.05724314972758293,0.10130931437015533,0.1025526151061058,0.6620469689369202,4,0.07929978519678116,0.059189289808273315,0.10912550985813141,0.1079578846693039,0.644427478313446
6370,image_6982,D:\DataAI\AIEx\newdataset\yolo_f\images\train\Image_6982.jpg,0,4,4,0.158758282661438,0.17747028172016144,0.20105190575122833,0.1702907532453537,0.29242876172065735,4,0.09114664047956467,0.07050097733736038,0.11466432362794876,0.11072742938995361,0.6129605770111084,4,0.09591826051473618,0.07224884629249573,0.12218397855758667,0.1165451630949974,0.5931037664413452
6371,image_6982,D:\DataAI\AIEx\newdataset\yolo_f\images\train\Image_6982.jpg,0,4,4,0.15207618474960327,0.15396171808242798,0.1860816329717636,0.18133850395679474,0.3265419900417328,4,0.07793569564819336,0.0775439664721489,0.09602709114551544,0.10670927166938782,0.6417839527130127,4,0.0807548239827156,0.0795697271823883,0.10350802540779114,0.11142237484455109,0.6247450709342957
6372,image_6982,D:\DataAI\AIEx\newdataset\yolo_f\images\train\Image_6982.jpg,0,4,4,0.15803176164627075,0.18851186335086823,0.19297729432582855,0.1558123379945755,0.3046667277812958,4,0.08263459801673889,0.0739840716123581,0.09601273387670517,0.08965673297643661,0.6577118635177612,4,0.08435142040252686,0.07513802498579025,0.10269320756196976,0.09365047514438629,0.644166886806488
6383,image_7006,D:\DataAI\AIEx\newdataset\yolo_f\images\train\Image_7006.jpg,0,1,1,0.1628766655921936,0.41412219405174255,0.1330847144126892,0.13769501447677612,0.1522214114665985,1,0.2828935980796814,0.32785484194755554,0.10131259262561798,0.10704367607831955,0.18089529871940613,1,0.2846807837486267,0.3308761715888977,0.10408136993646622,0.10820970684289932,0.17215199768543243
6386,image_7009,D:\DataAI\AIEx\newdataset\yolo_f\images\train\Image_7009.jpg,0,1,1,0.175249382853508,0.39066848158836365,0.14141149818897247,0.14866353571414948,0.14400705695152283,1,0.2473081797361374,0.33252206444740295,0.09326362609863281,0.10254479199647903,0.2243613600730896,1,0.24392281472682953,0.3418368399143219,0.09680330753326416,0.10278844088315964,0.21464860439300537
6393,image_7021,D:\DataAI\AIEx\newdataset\yolo_f\images\train\Image_7021.jpg,0,4,4,0.17183177173137665,0.1662956029176712,0.17934006452560425,0.15901696681976318,0.3235156238079071,4,0.09828674048185349,0.07165028154850006,0.0945969969034195,0.0916023775935173,0.6438634991645813,4,0.10139616578817368,0.07258020341396332,0.10140570253133774,0.09518752992153168,0.6294304132461548
6396,image_7025,D:\DataAI\AIEx\newdataset\yolo_f\images\train\Image_7025.jpg,0,4,4,0.1711498647928238,0.15385295450687408,0.18419191241264343,0.16106759011745453,0.32973766326904297,4,0.09485288709402084,0.06178494915366173,0.09294243156909943,0.09844101220369339,0.6519786715507507,4,0.09806856513023376,0.06350897252559662,0.10007476806640625,0.10282262414693832,0.6355250477790833
6431,image_7040,D:\DataAI\AIEx\newdataset\yolo_f\images\train\Image_7040.jpg,0,4,4,0.16461718082427979,0.14337106049060822,0.19717882573604584,0.1567811667919159,0.3380517363548279,4,0.11699022352695465,0.059430163353681564,0.10752520710229874,0.08824944496154785,0.6278049349784851,4,0.1234811320900917,0.05936204642057419,0.11633475869894028,0.09504122287034988,0.605780839920044
6432,image_7040,D:\DataAI\AIEx\newdataset\yolo_f\images\train\Image_7040.jpg,0,4,4,0.1572272628545761,0.1494164913892746,0.2170870453119278,0.16497881710529327,0.311290442943573,4,0.07938104122877121,0.056431420147418976,0.13063682615756989,0.10369937121868134,0.6298513412475586,4,0.08216559141874313,0.05741635710000992,0.13876065611839294,0.10985462367534637,0.6118026971817017
6433,image_7040,D:\DataAI\AIEx\newdataset\yolo_f\images\train\Image_7040.jpg,0,4,4,0.16482889652252197,0.14695654809474945,0.19648082554340363,0.17129506170749664,0.3204387426376343,4,0.08324132859706879,0.05894257873296738,0.09356242418289185,0.09884265810251236,0.6654110550880432,4,0.08725783228874207,0.060088202357292175,0.10063649713993073,0.10494010150432587,0.6470773220062256
6445,image_7045,D:\DataAI\AIEx\newdataset\yolo_f\images\train\Image_7045.jpg,0,4,4,0.15499946475028992,0.13060112297534943,0.19219115376472473,0.1659691035747528,0.3562391698360443,4,0.08134018629789352,0.05500403046607971,0.10470043867826462,0.10093150287866592,0.6580238342285156,4,0.08529521524906158,0.05548616871237755,0.11090746521949768,0.10521376878023148,0.6430974006652832
6452,image_7050,D:\DataAI\AIEx\newdataset\yolo_f\images\train\Image_7050.jpg,0,4,4,0.16484665870666504,0.12191741913557053,0.1997136026620865,0.1667904555797577,0.34673193097114563,4,0.08222395926713943,0.05095318704843521,0.13396260142326355,0.11341723799705505,0.6194429397583008,4,0.08603858947753906,0.05124767869710922,0.13989053666591644,0.11945085972547531,0.6033723950386047
6462,image_7060,D:\DataAI\AIEx\newdataset\yolo_f\images\train\Image_7060.jpg,0,4,4,0.15885654091835022,0.18268541991710663,0.18355026841163635,0.16145838797092438,0.3134493827819824,4,0.09542670845985413,0.07558869570493698,0.08560776710510254,0.0975528359413147,0.6458240151405334,4,0.09904977679252625,0.07667254656553268,0.09279603511095047,0.10113458335399628,0.6303470730781555
6463,image_7060,D:\DataAI\AIEx\newdataset\yolo_f\images\train\Image_7060.jpg,0,4,4,0.16682817041873932,0.1656508892774582,0.20212899148464203,0.16115199029445648,0.30424001812934875,4,0.0864306166768074,0.06693994998931885,0.0983298197388649,0.10041504353284836,0.6478845477104187,4,0.09073641896247864,0.06809192150831223,0.10645195096731186,0.10577627271413803,0.6289433836936951
6467,image_7062,D:\DataAI\AIEx\newdataset\yolo_f\images\train\Image_7062.jpg,0,4,4,0.16301895678043365,0.18072061240673065,0.19184423983097076,0.16278456151485443,0.3016316592693329,4,0.08342470973730087,0.07590623199939728,0.11045429110527039,0.10685858875513077,0.6233561635017395,4,0.08639390766620636,0.07668524980545044,0.11701647937297821,0.11150964349508286,0.6083946824073792
6468,image_7062,D:\DataAI\AIEx\newdataset\yolo_f\images\train\Image_7062.jpg,0,4,4,0.1570127308368683,0.18054139614105225,0.18831568956375122,0.16435682773590088,0.30977338552474976,4,0.0830814465880394,0.07807237654924393,0.09147526323795319,0.08967259526252747,0.6576982736587524,4,0.08665996789932251,0.07969554513692856,0.0987655520439148,0.0942118912935257,0.6406670808792114
6469,image_7063,D:\DataAI\AIEx\newdataset\yolo_f\images\train\Image_7063.jpg,0,4,4,0.16882076859474182,0.1812610775232315,0.1766199916601181,0.16365547478199005,0.3096427023410797,4,0.10427003353834152,0.07446087151765823,0.08684136718511581,0.08600647747516632,0.6484212875366211,4,0.11054138094186783,0.07491355389356613,0.09333416819572449,0.08980398625135422,0.6314069628715515
6470,image_7063,D:\DataAI\AIEx\newdataset\yolo_f\images\train\Image_7063.jpg,0,4,4,0.16462895274162292,0.16425958275794983,0.2042098343372345,0.15624326467514038,0.31065833568573,4,0.09570618718862534,0.08421634882688522,0.10478001832962036,0.08753065764904022,0.6277667880058289,4,0.10041575878858566,0.08537159860134125,0.10898808389902115,0.0903410091996193,0.614883542060852
6471,image_7063,D:\DataAI\AIEx\newdataset\yolo_f\images\train\Image_7063.jpg,0,4,4,0.17124398052692413,0.17865167558193207,0.19013850390911102,0.15801845490932465,0.30194738507270813,4,0.09800554066896439,0.08212307095527649,0.10309076309204102,0.091839499771595,0.6249411106109619,4,0.10118158906698227,0.0836615264415741,0.10914130508899689,0.09470544010400772,0.6113100647926331
6472,image_7063,D:\DataAI\AIEx\newdataset\yolo_f\images\train\Image_7063.jpg,0,4,4,0.1597812920808792,0.1877749264240265,0.19676423072814941,0.15292079746723175,0.30275875329971313,4,0.08937732130289078,0.08480028063058853,0.09374777227640152,0.08719925582408905,0.6448753476142883,4,0.09237752109766006,0.08643430471420288,0.10019494593143463,0.08993322402238846,0.631060004234314
6473,image_7063,D:\DataAI\AIEx\newdataset\yolo_f\images\train\Image_7063.jpg,0,4,4,0.16015584766864777,0.1594051718711853,0.20530462265014648,0.15901495516300201,0.31611940264701843,4,0.09481830894947052,0.06943618506193161,0.09374368190765381,0.09190280735492706,0.650098979473114,4,0.09989921748638153,0.07124912738800049,0.10152973234653473,0.0968254804611206,0.6304964423179626
6507,image_7073,D:\DataAI\AIEx\newdataset\yolo_f\images\train\Image_7073.jpg,0,4,4,0.16481097042560577,0.17390121519565582,0.19716446101665497,0.1560061126947403,0.30811724066734314,4,0.09314215928316116,0.07201749086380005,0.09244436025619507,0.0812595784664154,0.6611364483833313,4,0.09814779460430145,0.07379020005464554,0.09924685955047607,0.08518748730421066,0.6436276435852051
6509,image_7079,D:\DataAI\AIEx\newdataset\yolo_f\images\train\Image_7079.jpg,0,4,4,0.17426174879074097,0.16431280970573425,0.192269429564476,0.16486428678035736,0.3042917549610138,4,0.08645690977573395,0.06626170873641968,0.08958544582128525,0.08803394436836243,0.6696619987487793,4,0.08849586546421051,0.06781461089849472,0.09650690108537674,0.09175801277160645,0.6554245948791504
6512,image_7084,D:\DataAI\AIEx\newdataset\yolo_f\images\train\Image_7084.jpg,0,4,4,0.1741483360528946,0.16948774456977844,0.19134701788425446,0.16187705099582672,0.30313989520072937,4,0.09624989330768585,0.07245181500911713,0.09524969756603241,0.08611272275447845,0.6499359011650085,4,0.09990997612476349,0.07424113899469376,0.10182115435600281,0.08982718735933304,0.6342005133628845
6530,image_7091,D:\DataAI\AIEx\newdataset\yolo_f\images\train\Image_7091.jpg,0,4,4,0.15356968343257904,0.1772477775812149,0.2077597677707672,0.15640923380851746,0.30501359701156616,4,0.08335454016923904,0.07218366861343384,0.11434414982795715,0.10214564204216003,0.6279720067977905,4,0.0895109623670578,0.07064677029848099,0.12198777496814728,0.11134565621614456,0.6065087914466858
6531,image_7091,D:\DataAI\AIEx\newdataset\yolo_f\images\train\Image_7091.jpg,0,4,4,0.15837730467319489,0.17079322040081024,0.193417489528656,0.1614140123128891,0.3159978985786438,4,0.07568966597318649,0.06801153719425201,0.08949066698551178,0.08855202794075012,0.678256094455719,4,0.07870952039957047,0.06888952851295471,0.09625907242298126,0.09328797459602356,0.6628538966178894
6532,image_7091,D:\DataAI\AIEx\newdataset\yolo_f\images\train\Image_7091.jpg,0,4,4,0.1539303958415985,0.13884733617305756,0.2150525599718094,0.16586042940616608,0.32630929350852966,4,0.07235024124383926,0.05115832760930061,0.1350102424621582,0.1172746941447258,0.6242064237594604,4,0.07730405777692795,0.05215822160243988,0.1449749916791916,0.1244635060429573,0.6010991334915161
6533,image_7092,D:\DataAI\AIEx\newdataset\yolo_f\images\train\Image_7092.jpg,0,4,4,0.16616128385066986,0.185743048787117,0.17834383249282837,0.16568519175052643,0.30406665802001953,4,0.09711162000894547,0.07836847007274628,0.09637226164340973,0.09547804296016693,0.6326696276664734,4,0.10039835423231125,0.07998107373714447,0.10260099917650223,0.09887265413999557,0.6181469559669495
6534,image_7092,D:\DataAI\AIEx\newdataset\yolo_f\images\train\Image_7092.jpg,0,4,4,0.17663347721099854,0.1687227487564087,0.1915542483329773,0.1651466339826584,0.2979429364204407,4,0.10151585191488266,0.07423083484172821,0.08953796327114105,0.0883030891418457,0.6464123129844666,4,0.10485512018203735,0.07444215565919876,0.09667707979679108,0.09263793379068375,0.6313877105712891
6549,image_71,D:\DataAI\AIEx\newdataset\yolo_f\images\train\Image_71.jpg,0,2,1,0.14546559751033783,0.285653293132782,0.2150115966796875,0.17146973311901093,0.18239979445934296,2,0.14034567773342133,0.2189851552248001,0.3189438283443451,0.14947856962680817,0.1722467988729477,2,0.13895277678966522,0.2185482382774353,0.320902943611145,0.14632906019687653,0.1752670407295227
6551,image_7102,D:\DataAI\AIEx\newdataset\yolo_f\images\train\Image_7102.jpg,0,4,4,0.16619493067264557,0.1728612333536148,0.18651370704174042,0.16445770859718323,0.3099724352359772,4,0.08881961554288864,0.06999228894710541,0.10139884054660797,0.0953579917550087,0.6444312334060669,4,0.09279070794582367,0.07125568389892578,0.10759583860635757,0.09946972131729126,0.6288880109786987
6582,image_7134,D:\DataAI\AIEx\newdataset\yolo_f\images\train\Image_7134.jpg,0,4,4,0.14553068578243256,0.1612750142812729,0.2145773470401764,0.1668986976146698,0.31171828508377075,4,0.07601196318864822,0.06472912430763245,0.10740120708942413,0.10789095610380173,0.643966794013977,4,0.07966158539056778,0.06642556935548782,0.11641539633274078,0.11446067690849304,0.6230367422103882
6583,image_7134,D:\DataAI\AIEx\newdataset\yolo_f\images\train\Image_7134.jpg,0,4,4,0.15475501120090485,0.17639213800430298,0.1967371106147766,0.15775331854820251,0.31436237692832947,4,0.07940864562988281,0.06983937323093414,0.09329234808683395,0.08453736454248428,0.6729222536087036,4,0.08298417925834656,0.07157523185014725,0.10194553434848785,0.09032843261957169,0.653166651725769
6584,image_7134,D:\DataAI\AIEx\newdataset\yolo_f\images\train\Image_7134.jpg,0,4,4,0.15910346806049347,0.1531773805618286,0.2051352858543396,0.17279154062271118,0.30979233980178833,4,0.0828230082988739,0.06794165074825287,0.11822696030139923,0.10147299617528915,0.629535436630249,4,0.08680232614278793,0.07026010751724243,0.12737403810024261,0.10608594864606857,0.6094775795936584
6585,image_7134,D:\DataAI\AIEx\newdataset\yolo_f\images\train\Image_7134.jpg,0,4,4,0.1413678675889969,0.1478451043367386,0.22496823966503143,0.17440113425254822,0.31141766905784607,4,0.07967711240053177,0.07965461164712906,0.14129585027694702,0.11754905432462692,0.5818234086036682,4,0.08361198008060455,0.08342451602220535,0.15166035294532776,0.12306930124759674,0.5582338571548462
6586,image_7134,D:\DataAI\AIEx\newdataset\yolo_f\images\train\Image_7134.jpg,0,4,4,0.15161055326461792,0.1710861772298813,0.18842360377311707,0.15796826779842377,0.33091145753860474,4,0.08283468335866928,0.06830445677042007,0.09063968807458878,0.09275238960981369,0.6654688119888306,4,0.08532918244600296,0.07010804116725922,0.09778375923633575,0.09750542044639587,0.6492736339569092
6597,image_7138,D:\DataAI\AIEx\newdataset\yolo_f\images\train\Image_7138.jpg,0,4,4,0.16071070730686188,0.17158159613609314,0.1895066797733307,0.1611599624156952,0.3170410096645355,4,0.08312496542930603,0.06737148016691208,0.09977385401725769,0.09855851531028748,0.6511712670326233,4,0.08657572418451309,0.06872480362653732,0.10689011961221695,0.10330792516469955,0.6345014572143555
6598,image_7138,D:\DataAI\AIEx\newdataset\yolo_f\images\train\Image_7138.jpg,0,4,4,0.16570135951042175,0.17410388588905334,0.1796208620071411,0.16961300373077393,0.31096088886260986,4,0.08232380449771881,0.06611364334821701,0.10062764585018158,0.11244194954633713,0.6384929418563843,4,0.08363223820924759,0.06763458251953125,0.10720852762460709,0.1175629124045372,0.6239616870880127
6599,image_7138,D:\DataAI\AIEx\newdataset\yolo_f\images\train\Image_7138.jpg,0,4,4,0.15376348793506622,0.16946429014205933,0.19491127133369446,0.15368513762950897,0.328175812959671,4,0.0763598084449768,0.07005662471055984,0.09929843991994858,0.0883808434009552,0.6659042835235596,4,0.08043406903743744,0.0731152594089508,0.10654939711093903,0.09352783858776093,0.646373450756073
6600,image_7138,D:\DataAI\AIEx\newdataset\yolo_f\images\train\Image_7138.jpg,0,4,4,0.16251003742218018,0.16538241505622864,0.18765820562839508,0.17111621797084808,0.313333123922348,4,0.0822569727897644,0.06297775357961655,0.08878075331449509,0.09857579320669174,0.6674087643623352,4,0.08648888766765594,0.06440272182226181,0.09685476124286652,0.10537669062614441,0.6468769311904907
6601,image_7138,D:\DataAI\AIEx\newdataset\yolo_f\images\train\Image_7138.jpg,0,4,4,0.17041781544685364,0.15290528535842896,0.17596875131130219,0.1706610769033432,0.3300471007823944,4,0.08297297358512878,0.07449605315923691,0.10311717540025711,0.09957221895456314,0.639841616153717,4,0.08731057494878769,0.07751864939928055,0.10787194222211838,0.10363323986530304,0.6236655712127686
6617,image_7142,D:\DataAI\AIEx\newdataset\yolo_f\images\train\Image_7142.jpg,0,4,4,0.15555432438850403,0.17104202508926392,0.20256923139095306,0.1637447476387024,0.3070896863937378,4,0.07541227340698242,0.06551995128393173,0.09955533593893051,0.09536774456501007,0.6641446948051453,4,0.07829472422599792,0.06714047491550446,0.10763921588659286,0.10042403638362885,0.6465016007423401
6618,image_7142,D:\DataAI\AIEx\newdataset\yolo_f\images\train\Image_7142.jpg,0,4,4,0.16716332733631134,0.14570339024066925,0.18628442287445068,0.16937464475631714,0.3314741849899292,4,0.08565619587898254,0.06297705322504044,0.10312695801258087,0.0894174873828888,0.6588222980499268,4,0.08964292705059052,0.06443306058645248,0.10892950743436813,0.0934171974658966,0.6435772776603699
6619,image_7142,D:\DataAI\AIEx\newdataset\yolo_f\images\train\Image_7142.jpg,0,4,4,0.15718777477741241,0.16432417929172516,0.20566868782043457,0.16906271874904633,0.3037566840648651,4,0.07731571048498154,0.06277117133140564,0.10293464362621307,0.0999203696846962,0.6570581793785095,4,0.0810607373714447,0.06476355344057083,0.1113106831908226,0.10710925608873367,0.6357557773590088
6620,image_7142,D:\DataAI\AIEx\newdataset\yolo_f\images\train\Image_7142.jpg,0,4,4,0.1585276573896408,0.16217662394046783,0.20302163064479828,0.17221397161483765,0.30406004190444946,4,0.08704795688390732,0.06618394702672958,0.11474935710430145,0.1064232587814331,0.6255954504013062,4,0.09142566472291946,0.06783301383256912,0.12305815517902374,0.1126251220703125,0.6050580143928528
6621,image_7142,D:\DataAI\AIEx\newdataset\yolo_f\images\train\Image_7142.jpg,0,4,4,0.14043346047401428,0.16360542178153992,0.18985143303871155,0.17068317532539368,0.3354264795780182,4,0.08826196938753128,0.11524517089128494,0.11745794862508774,0.09344079345464706,0.5855941772460938,4,0.0903734639286995,0.1103183850646019,0.12446170300245285,0.09502902626991272,0.5798174142837524
6622,image_7142,D:\DataAI\AIEx\newdataset\yolo_f\images\train\Image_7142.jpg,0,4,4,0.15359602868556976,0.15708187222480774,0.20001177489757538,0.1737925261259079,0.315517783164978,4,0.08609869331121445,0.06932079046964645,0.10336406528949738,0.10290972143411636,0.6383067965507507,4,0.09113822877407074,0.07131662964820862,0.11267530173063278,0.10852865129709244,0.6163412928581238
6623,image_7142,D:\DataAI\AIEx\newdataset\yolo_f\images\train\Image_7142.jpg,0,4,4,0.16639037430286407,0.1312198042869568,0.20608876645565033,0.16025103628635406,0.3360499441623688,4,0.0885484591126442,0.060109030455350876,0.14892227947711945,0.12193454056978226,0.5804856419563293,4,0.09246556460857391,0.06300899386405945,0.1537628024816513,0.12877541780471802,0.5619872808456421
6624,image_7142,D:\DataAI\AIEx\newdataset\yolo_f\images\train\Image_7142.jpg,0,4,4,0.16232334077358246,0.15285834670066833,0.2105153501033783,0.16825903952121735,0.3060438930988312,4,0.08641888201236725,0.062097180634737015,0.12500998377799988,0.11419729143381119,0.6122766137123108,4,0.09113649278879166,0.06470581889152527,0.13450120389461517,0.12084983289241791,0.5888066291809082
6657,image_7149,D:\DataAI\AIEx\newdataset\yolo_f\images\train\Image_7149.jpg,0,4,4,0.1688719242811203,0.14277084171772003,0.20261122286319733,0.16729307174682617,0.318452924489975,4,0.09294269233942032,0.06687833368778229,0.12159772217273712,0.10515949875116348,0.6134217977523804,4,0.09647040069103241,0.0684327557682991,0.1288626492023468,0.11087799817323685,0.5953562259674072
6658,image_7149,D:\DataAI\AIEx\newdataset\yolo_f\images\train\Image_7149.jpg,0,4,4,0.15714572370052338,0.16387680172920227,0.19381727278232574,0.17454107105731964,0.31061917543411255,4,0.0771828293800354,0.06724140793085098,0.10990846902132034,0.11551958322525024,0.6301476955413818,4,0.08093153685331345,0.06877773255109787,0.11756835132837296,0.1215161383152008,0.6112062335014343
6659,image_7149,D:\DataAI\AIEx\newdataset\yolo_f\images\train\Image_7149.jpg,0,4,4,0.16737693548202515,0.14509260654449463,0.20773552358150482,0.1700095385313034,0.3097854256629944,4,0.08159015327692032,0.057306598871946335,0.10088029503822327,0.10809028148651123,0.6521326899528503,4,0.08647686243057251,0.05885586515069008,0.11050770431756973,0.11569934338331223,0.6284602284431458
6669,image_7153,D:\DataAI\AIEx\newdataset\yolo_f\images\train\Image_7153.jpg,0,4,4,0.15715502202510834,0.14731039106845856,0.2045537382364273,0.1646711826324463,0.3263096809387207,4,0.07985271513462067,0.05698133632540703,0.10193178802728653,0.1095365583896637,0.65169757604599,4,0.08420859277248383,0.058818038552999496,0.11073814332485199,0.11726495623588562,0.6289702653884888
6670,image_7153,D:\DataAI\AIEx\newdataset\yolo_f\images\train\Image_7153.jpg,0,4,4,0.16057896614074707,0.1617099940776825,0.19480861723423004,0.17010900378227234,0.31279343366622925,4,0.08279820531606674,0.06771769374608994,0.10847309231758118,0.10965462774038315,0.6313563585281372,4,0.08596768975257874,0.06847500056028366,0.11542804539203644,0.11714784801006317,0.612981379032135
6671,image_7153,D:\DataAI\AIEx\newdataset\yolo_f\images\train\Image_7153.jpg,0,4,4,0.1491384506225586,0.15666474401950836,0.20040427148342133,0.16620489954948425,0.32758772373199463,4,0.07203679531812668,0.06106920912861824,0.09568732231855392,0.08773345500230789,0.6834732294082642,4,0.07467757910490036,0.060896120965480804,0.10382696986198425,0.09366049617528915,0.6669389009475708
6672,image_7153,D:\DataAI\AIEx\newdataset\yolo_f\images\train\Image_7153.jpg,0,4,4,0.15977127850055695,0.16849006712436676,0.19233500957489014,0.16362875699996948,0.31577491760253906,4,0.08683532476425171,0.06835860013961792,0.09231138229370117,0.0881059318780899,0.6643887162208557,4,0.08980008959770203,0.06925707310438156,0.0985240563750267,0.09283517301082611,0.6495836973190308
6673,image_7153,D:\DataAI\AIEx\newdataset\yolo_f\images\train\Image_7153.jpg,0,4,4,0.1556892693042755,0.15086106956005096,0.20144613087177277,0.17762884497642517,0.3143746256828308,4,0.0702955573797226,0.056886933743953705,0.09905383735895157,0.10215269774198532,0.6716110110282898,4,0.0739496499300003,0.058742061257362366,0.1080799400806427,0.10923681408166885,0.6499915719032288
6674,image_7153,D:\DataAI\AIEx\newdataset\yolo_f\images\train\Image_7153.jpg,0,4,4,0.1704578697681427,0.1664004921913147,0.18323977291584015,0.16695626080036163,0.3129456043243408,4,0.08768884837627411,0.07494916021823883,0.08819182962179184,0.08571426570415497,0.6634559035301208,4,0.09256954491138458,0.07529039680957794,0.09396319091320038,0.09002932906150818,0.6481475234031677
6675,image_7153,D:\DataAI\AIEx\newdataset\yolo_f\images\train\Image_7153.jpg,0,4,4,0.15783552825450897,0.15478801727294922,0.20160061120986938,0.16299420595169067,0.32278165221214294,4,0.08155426383018494,0.059713780879974365,0.12927161157131195,0.11458934843540192,0.6148709654808044,4,0.08542002737522125,0.06089946627616882,0.13485592603683472,0.12188397347927094,0.5969406962394714
6730,image_7164,D:\DataAI\AIEx\newdataset\yolo_f\images\train\Image_7164.jpg,0,4,4,0.15699632465839386,0.15300410985946655,0.20810595154762268,0.17300650477409363,0.3088871240615845,4,0.07798593491315842,0.06605600565671921,0.11092310398817062,0.1012745052576065,0.6437604427337646,4,0.08080565184354782,0.06821412593126297,0.11973211169242859,0.10651510953903198,0.624733030796051
6731,image_7164,D:\DataAI\AIEx\newdataset\yolo_f\images\train\Image_7164.jpg,0,4,4,0.1661626398563385,0.1907176971435547,0.18315458297729492,0.15925909578800201,0.3007059395313263,4,0.09312552213668823,0.08446697890758514,0.0878964439034462,0.08686966449022293,0.6476414203643799,4,0.09744156897068024,0.08578857034444809,0.09476198256015778,0.09117116034030914,0.6308367252349854
6732,image_7164,D:\DataAI\AIEx\newdataset\yolo_f\images\train\Image_7164.jpg,0,4,4,0.164933443069458,0.16641287505626678,0.18792179226875305,0.16872785985469818,0.3120039403438568,4,0.08768642693758011,0.07385396957397461,0.0899496003985405,0.09585344791412354,0.6526564955711365,4,0.09047199040651321,0.07542496919631958,0.09748832136392593,0.10046656429767609,0.63614821434021
6733,image_7164,D:\DataAI\AIEx\newdataset\yolo_f\images\train\Image_7164.jpg,0,4,4,0.15537047386169434,0.18987444043159485,0.19656257331371307,0.1615038961172104,0.29668861627578735,4,0.08109626173973083,0.07949095964431763,0.10245846211910248,0.09894685447216034,0.6380075216293335,4,0.08600056171417236,0.07640831917524338,0.10891992598772049,0.10558607429265976,0.6230850219726562
6734,image_7164,D:\DataAI\AIEx\newdataset\yolo_f\images\train\Image_7164.jpg,0,4,4,0.15777887403964996,0.17436106503009796,0.20108306407928467,0.16420170664787292,0.3025752902030945,4,0.09223298728466034,0.07581387460231781,0.09861455857753754,0.0937519371509552,0.6395865678787231,4,0.09697170555591583,0.07694602757692337,0.10621409118175507,0.09830678254365921,0.6215613484382629
6735,image_7164,D:\DataAI\AIEx\newdataset\yolo_f\images\train\Image_7164.jpg,0,4,4,0.16226233541965485,0.1755426526069641,0.1925753355026245,0.16440501809120178,0.30521464347839355,4,0.08502182364463806,0.07285508513450623,0.09291908890008926,0.08709020912647247,0.6621137261390686,4,0.08794227242469788,0.07349327206611633,0.09955069422721863,0.09158164262771606,0.6474320888519287
6736,image_7164,D:\DataAI\AIEx\newdataset\yolo_f\images\train\Image_7164.jpg,0,4,4,0.17987477779388428,0.15801793336868286,0.19772112369537354,0.15857617557048798,0.3058099150657654,4,0.09552018344402313,0.07531547546386719,0.10033060610294342,0.0778975710272789,0.6509361267089844,4,0.10112403333187103,0.07660558819770813,0.10575162619352341,0.08186916261911392,0.6346495747566223
6737,image_7164,D:\DataAI\AIEx\newdataset\yolo_f\images\train\Image_7164.jpg,0,4,4,0.16295072436332703,0.17412889003753662,0.19416606426239014,0.16250954568386078,0.306244820356369,4,0.08158136904239655,0.07392049580812454,0.09565947949886322,0.09307805448770523,0.6557605266571045,4,0.08442409336566925,0.07540076225996017,0.1028078943490982,0.09704506397247314,0.640322208404541
6738,image_7164,D:\DataAI\AIEx\newdataset\yolo_f\images\train\Image_7164.jpg,0,4,4,0.15215641260147095,0.15180477499961853,0.20834146440029144,0.17035596072673798,0.3173413574695587,4,0.08275530487298965,0.06560812890529633,0.10670177638530731,0.09585204720497131,0.6490827798843384,4,0.08706619590520859,0.06839599460363388,0.11552117019891739,0.10192424803972244,0.6270923614501953
6752,image_7168,D:\DataAI\AIEx\newdataset\yolo_f\images\train\Image_7168.jpg,0,4,4,0.1571895182132721,0.17656394839286804,0.1944480538368225,0.16377758979797363,0.30802080035209656,4,0.07893312722444534,0.06761317700147629,0.0922258123755455,0.09258803725242615,0.6686398386955261,4,0.0812639370560646,0.06836945563554764,0.09941761195659637,0.09715980291366577,0.6537891626358032
6753,image_7168,D:\DataAI\AIEx\newdataset\yolo_f\images\train\Image_7168.jpg,0,4,4,0.16793453693389893,0.18875207006931305,0.1815263032913208,0.16397540271282196,0.2978116273880005,4,0.0876905769109726,0.07411859929561615,0.09163475781679153,0.0933297723531723,0.6532263159751892,4,0.09075891971588135,0.07577697932720184,0.09810046851634979,0.09708336740732193,0.6382802724838257
6754,image_7168,D:\DataAI\AIEx\newdataset\yolo_f\images\train\Image_7168.jpg,0,4,4,0.15934619307518005,0.18091437220573425,0.18427111208438873,0.16168855130672455,0.3137798309326172,4,0.08912079781293869,0.0777512714266777,0.08210258185863495,0.08793806284666061,0.6630872488021851,4,0.0929916650056839,0.08051373809576035,0.08986911922693253,0.09292279183864594,0.6437026858329773
6755,image_7168,D:\DataAI\AIEx\newdataset\yolo_f\images\train\Image_7168.jpg,0,4,4,0.1651671826839447,0.1686408966779709,0.1932009607553482,0.17047661542892456,0.30251431465148926,4,0.09060529619455338,0.07241613417863846,0.10155569016933441,0.09138026833534241,0.6440426707267761,4,0.09405825287103653,0.07495509833097458,0.10875549167394638,0.09581585228443146,0.6264153718948364
6756,image_7168,D:\DataAI\AIEx\newdataset\yolo_f\images\train\Image_7168.jpg,0,4,4,0.15530143678188324,0.16055771708488464,0.2032943069934845,0.17193084955215454,0.3089156746864319,4,0.0815964937210083,0.06315113604068756,0.09629817306995392,0.09268584102392197,0.6662683486938477,4,0.0857560783624649,0.06500712037086487,0.10464689135551453,0.09871060401201248,0.645879328250885
6757,image_7168,D:\DataAI\AIEx\newdataset\yolo_f\images\train\Image_7168.jpg,0,4,4,0.14176011085510254,0.15697519481182098,0.19526554644107819,0.16124263405799866,0.34475651383399963,4,0.06888499110937119,0.06504784524440765,0.09637416154146194,0.08350202441215515,0.6861909627914429,4,0.0715225338935852,0.06595367193222046,0.10297422856092453,0.08765961974859238,0.6718899607658386
6758,image_7168,D:\DataAI\AIEx\newdataset\yolo_f\images\train\Image_7168.jpg,0,4,4,0.16208891570568085,0.16432778537273407,0.19568762183189392,0.16660815477371216,0.311287522315979,4,0.08089656382799149,0.06763125956058502,0.0989774689078331,0.08943220973014832,0.663062572479248,4,0.08335604518651962,0.06934669613838196,0.10493253916501999,0.09360252320766449,0.6487621665000916
6759,image_7168,D:\DataAI\AIEx\newdataset\yolo_f\images\train\Image_7168.jpg,0,4,4,0.17183168232440948,0.1771610975265503,0.184315025806427,0.16084440052509308,0.3058478534221649,4,0.10117683559656143,0.07472938299179077,0.08291400223970413,0.09267323464155197,0.6485065817832947,4,0.10350780189037323,0.07646520435810089,0.09005734324455261,0.0966518223285675,0.6333178877830505
6791,image_7173,D:\DataAI\AIEx\newdataset\yolo_f\images\train\Image_7173.jpg,0,4,4,0.1702575832605362,0.16502197086811066,0.18844623863697052,0.169172465801239,0.3071017861366272,4,0.08646544069051743,0.06558716297149658,0.08648324757814407,0.09183736890554428,0.6696267127990723,4,0.08957034349441528,0.0673937126994133,0.09383062273263931,0.09603606164455414,0.6531692743301392
6792,image_7173,D:\DataAI\AIEx\newdataset\yolo_f\images\train\Image_7173.jpg,0,4,4,0.18079793453216553,0.19402141869068146,0.16157692670822144,0.16847223043441772,0.29513147473335266,4,0.11273948848247528,0.0891793891787529,0.09671013802289963,0.09967005997896194,0.6017009019851685,4,0.11726614087820053,0.09234365820884705,0.10168026387691498,0.10224540531635284,0.586464524269104
6793,image_7173,D:\DataAI\AIEx\newdataset\yolo_f\images\train\Image_7173.jpg,0,4,4,0.17338231205940247,0.1698911488056183,0.17668446898460388,0.1722545474767685,0.30778753757476807,4,0.10095766186714172,0.07811696082353592,0.09314081072807312,0.09418261796236038,0.6336020231246948,4,0.10655797272920609,0.08076456189155579,0.09882564097642899,0.09786644577980042,0.6159853339195251
6794,image_7173,D:\DataAI\AIEx\newdataset\yolo_f\images\train\Image_7173.jpg,0,4,4,0.14465822279453278,0.15484605729579926,0.20456281304359436,0.16887444257736206,0.32705849409103394,4,0.07155000418424606,0.059477485716342926,0.0942561998963356,0.09791876375675201,0.6767975687980652,4,0.0746944472193718,0.06111077964305878,0.10270242393016815,0.10371354222297668,0.657778799533844
6795,image_7173,D:\DataAI\AIEx\newdataset\yolo_f\images\train\Image_7173.jpg,0,4,4,0.1643345206975937,0.17201927304267883,0.19699564576148987,0.16221646964550018,0.30443403124809265,4,0.08636971563100815,0.07034633308649063,0.09731654822826385,0.08782792091369629,0.6581395268440247,4,0.09100059419870377,0.07162467390298843,0.10465465486049652,0.09278716892004013,0.6399329304695129
6796,image_7173,D:\DataAI\AIEx\newdataset\yolo_f\images\train\Image_7173.jpg,0,4,4,0.1538991779088974,0.1716427057981491,0.205403134226799,0.16798241436481476,0.3010725975036621,4,0.07866636663675308,0.06774403154850006,0.10131978988647461,0.09392920881509781,0.658340573310852,4,0.08175888657569885,0.06973887234926224,0.10980937629938126,0.09922228753566742,0.6394705772399902
6797,image_7173,D:\DataAI\AIEx\newdataset\yolo_f\images\train\Image_7173.jpg,0,4,4,0.16769851744174957,0.15344752371311188,0.1919441819190979,0.17286136746406555,0.3140483796596527,4,0.0846397653222084,0.06462783366441727,0.08880835771560669,0.09090734273195267,0.6710167527198792,4,0.08775623142719269,0.06668872386217117,0.09662557393312454,0.09579768776893616,0.6531317234039307
6824,image_7178,D:\DataAI\AIEx\newdataset\yolo_f\images\train\Image_7178.jpg,0,4,4,0.16993409395217896,0.15787215530872345,0.19591739773750305,0.1681939959526062,0.30808234214782715,4,0.09286694973707199,0.06106311082839966,0.09427010267972946,0.09083204716444016,0.6609677672386169,4,0.09616595506668091,0.06295924633741379,0.10195662826299667,0.09542708843946457,0.6434910893440247
6825,image_7178,D:\DataAI\AIEx\newdataset\yolo_f\images\train\Image_7178.jpg,0,4,4,0.19922059774398804,0.17476290464401245,0.17053191363811493,0.16389566659927368,0.2915889024734497,4,0.13114535808563232,0.08706297725439072,0.0930727943778038,0.08797676116228104,0.6007421016693115,4,0.13569332659244537,0.08692137897014618,0.09789283573627472,0.09128361195325851,0.588208794593811
6826,image_7178,D:\DataAI\AIEx\newdataset\yolo_f\images\train\Image_7178.jpg,0,4,4,0.17227734625339508,0.17660969495773315,0.1804189831018448,0.16902729868888855,0.30166661739349365,4,0.10260714590549469,0.08235076069831848,0.12674422562122345,0.1146731898188591,0.5736247301101685,4,0.10614003986120224,0.08447131514549255,0.13147102296352386,0.11826809495687485,0.5596495270729065
6827,image_7178,D:\DataAI\AIEx\newdataset\yolo_f\images\train\Image_7178.jpg,0,4,4,0.180146723985672,0.17424456775188446,0.18851257860660553,0.1667722463607788,0.2903238534927368,4,0.13394878804683685,0.11104250699281693,0.13278332352638245,0.12192316353321075,0.500302255153656,4,0.13971668481826782,0.11558281630277634,0.13992677628993988,0.12354560941457748,0.48122817277908325
6852,image_7186,D:\DataAI\AIEx\newdataset\yolo_f\images\train\Image_7186.jpg,0,4,4,0.16021479666233063,0.17227450013160706,0.19310109317302704,0.16011382639408112,0.31429579854011536,4,0.09055136144161224,0.07241097837686539,0.09032822400331497,0.0850067213177681,0.6617026329040527,4,0.0954366996884346,0.07457315176725388,0.09815368801355362,0.08910631388425827,0.642730176448822
6853,image_7186,D:\DataAI\AIEx\newdataset\yolo_f\images\train\Image_7186.jpg,0,4,4,0.1321951150894165,0.1425602287054062,0.20930074155330658,0.15792034566402435,0.3580235242843628,4,0.07031723856925964,0.07529805600643158,0.12858764827251434,0.08938362449407578,0.6364134550094604,4,0.07229283452033997,0.07687351107597351,0.13348126411437988,0.09291666746139526,0.6244357228279114
6854,image_7186,D:\DataAI\AIEx\newdataset\yolo_f\images\train\Image_7186.jpg,0,4,4,0.15166810154914856,0.1651466339826584,0.19959989190101624,0.16583861410617828,0.31774675846099854,4,0.07929985970258713,0.06873156875371933,0.09262635558843613,0.0987287238240242,0.6606135368347168,4,0.0829203873872757,0.07103094458580017,0.09982790052890778,0.10334756225347519,0.6428732872009277
6855,image_7186,D:\DataAI\AIEx\newdataset\yolo_f\images\train\Image_7186.jpg,0,4,4,0.15279297530651093,0.1488524228334427,0.21955569088459015,0.16790956258773804,0.3108893632888794,4,0.08115433901548386,0.06492402404546738,0.13120222091674805,0.10252130776643753,0.620198130607605,4,0.08569523692131042,0.06778072565793991,0.14078250527381897,0.10807297378778458,0.5976685285568237
6856,image_7186,D:\DataAI\AIEx\newdataset\yolo_f\images\train\Image_7186.jpg,0,4,4,0.1544797271490097,0.1610780507326126,0.20051100850105286,0.16896755993366241,0.31496360898017883,4,0.07337090373039246,0.05932136997580528,0.09345711767673492,0.09205882251262665,0.6817917227745056,4,0.07794947922229767,0.06042106822133064,0.10215946286916733,0.1001487523317337,0.6593212485313416
6857,image_7186,D:\DataAI\AIEx\newdataset\yolo_f\images\train\Image_7186.jpg,0,4,4,0.17461347579956055,0.17735518515110016,0.18619580566883087,0.16378745436668396,0.2980480194091797,4,0.10741094499826431,0.07357524335384369,0.10230609029531479,0.10912182182073593,0.6075859665870667,4,0.11111081391572952,0.07493078708648682,0.10960211604833603,0.11377183347940445,0.590584397315979
6858,image_7187,D:\DataAI\AIEx\newdataset\yolo_f\images\train\Image_7187.jpg,0,4,4,0.16608043015003204,0.1743084341287613,0.18410807847976685,0.1694006621837616,0.3061024248600006,4,0.08474709093570709,0.06751537322998047,0.0913459062576294,0.08579717576503754,0.670594334602356,4,0.08910167217254639,0.06959006935358047,0.09860015660524368,0.09063545614480972,0.6520726084709167
6859,image_7187,D:\DataAI\AIEx\newdataset\yolo_f\images\train\Image_7187.jpg,0,4,4,0.18133793771266937,0.19270052015781403,0.16567759215831757,0.16298019886016846,0.2973037362098694,4,0.11474284529685974,0.08928272873163223,0.09163740277290344,0.09012779593467712,0.6142092347145081,4,0.12104935199022293,0.09127557277679443,0.09609855711460114,0.09330346435308456,0.598272979259491
6860,image_7187,D:\DataAI\AIEx\newdataset\yolo_f\images\train\Image_7187.jpg,0,4,4,0.16230301558971405,0.15479321777820587,0.19910651445388794,0.1698915958404541,0.3139056861400604,4,0.07544028013944626,0.05751277878880501,0.09872577339410782,0.09752435982227325,0.670796811580658,4,0.07808912545442581,0.058601874858140945,0.10622280836105347,0.10329762101173401,0.6537885665893555
6881,image_7198,D:\DataAI\AIEx\newdataset\yolo_f\images\train\Image_7198.jpg,0,4,4,0.17807960510253906,0.17159780859947205,0.19020867347717285,0.1663365215063095,0.2937774062156677,4,0.11368777602910995,0.07981093227863312,0.09537295252084732,0.09347081929445267,0.6176576018333435,4,0.11780434101819992,0.08109363913536072,0.10210956633090973,0.09660391509532928,0.6023885607719421
6883,image_7200,D:\DataAI\AIEx\newdataset\yolo_f\images\train\Image_7200.jpg,0,4,4,0.1645929217338562,0.1677902787923813,0.1945379674434662,0.16291804611682892,0.3101607859134674,4,0.0914180800318718,0.07230532914400101,0.09255410730838776,0.0972478911280632,0.6464745402336121,4,0.09591216593980789,0.07333742082118988,0.0998491570353508,0.10182777047157288,0.6290735006332397
6888,image_7209,D:\DataAI\AIEx\newdataset\yolo_f\images\train\Image_7209.jpg,0,0,0,0.32430389523506165,0.15913841128349304,0.17206619679927826,0.17603155970573425,0.1684599369764328,0,0.5287472605705261,0.10657951980829239,0.11027485132217407,0.12297725677490234,0.13142111897468567,0,0.528563380241394,0.10902783274650574,0.11183237284421921,0.11947564035654068,0.1311008185148239
6891,image_7215,D:\DataAI\AIEx\newdataset\yolo_f\images\train\Image_7215.jpg,0,0,0,0.32368233799934387,0.1713521033525467,0.15220364928245544,0.17706798017024994,0.17569389939308167,0,0.5523746013641357,0.10992337018251419,0.1025569885969162,0.11864372342824936,0.11650137603282928,0,0.5576007962226868,0.11002631485462189,0.1017761081457138,0.1163310781121254,0.11426562815904617
6901,image_7236,D:\DataAI\AIEx\newdataset\yolo_f\images\train\Image_7236.jpg,0,4,4,0.1699170470237732,0.1577058881521225,0.20948076248168945,0.15829803049564362,0.30459824204444885,4,0.08494631201028824,0.0631939023733139,0.09758810698986053,0.08389817178249359,0.6703734397888184,4,0.08859619498252869,0.06386673450469971,0.10473074018955231,0.08848938345909119,0.6543169021606445
6905,image_7241,D:\DataAI\AIEx\newdataset\yolo_f\images\train\Image_7241.jpg,0,4,4,0.16597050428390503,0.17301444709300995,0.18779632449150085,0.15531349182128906,0.31790515780448914,4,0.09061519801616669,0.06811267882585526,0.08913426846265793,0.07540856301784515,0.6767293214797974,4,0.09498448669910431,0.07047828286886215,0.09605131298303604,0.07882674783468246,0.6596591472625732
6913,image_7248,D:\DataAI\AIEx\newdataset\yolo_f\images\train\Image_7248.jpg,0,4,4,0.16094093024730682,0.15965016186237335,0.2082286924123764,0.1650122106075287,0.30616796016693115,4,0.0902237594127655,0.05969221889972687,0.09767848998308182,0.09664430469274521,0.655761182308197,4,0.09333870559930801,0.06132091209292412,0.10522058606147766,0.10021409392356873,0.6399056315422058
6914,image_7248,D:\DataAI\AIEx\newdataset\yolo_f\images\train\Image_7248.jpg,0,4,4,0.17059296369552612,0.17215664684772491,0.17421473562717438,0.16135764122009277,0.3216779828071594,4,0.10917388647794724,0.074706070125103,0.08466146141290665,0.08193127810955048,0.6495272517204285,4,0.11382614076137543,0.0764843225479126,0.09107348322868347,0.08606480062007904,0.6325512528419495
6916,image_725,D:\DataAI\AIEx\newdataset\yolo_f\images\train\Image_725.jpg,0,0,0,0.315612256526947,0.18433146178722382,0.17090867459774017,0.1511046290397644,0.17804300785064697,0,0.6070557236671448,0.11928078532218933,0.09343720227479935,0.08749546855688095,0.09273090213537216,0,0.6100040674209595,0.11897505819797516,0.09284374862909317,0.0873112678527832,0.09086586534976959
6930,image_7266,D:\DataAI\AIEx\newdataset\yolo_f\images\train\Image_7266.jpg,0,4,4,0.15627384185791016,0.1860371232032776,0.17932026088237762,0.15404853224754333,0.3243202567100525,4,0.08298103511333466,0.07615569233894348,0.08323059231042862,0.08880124241113663,0.6688315272331238,4,0.08675496280193329,0.07815004140138626,0.08938493579626083,0.09147597849369049,0.6542340517044067
6931,image_7266,D:\DataAI\AIEx\newdataset\yolo_f\images\train\Image_7266.jpg,0,4,4,0.18242140114307404,0.1414058804512024,0.19092580676078796,0.16087503731250763,0.324371874332428,4,0.10116677731275558,0.05630935728549957,0.08366752415895462,0.07785604894161224,0.681000292301178,4,0.10553169250488281,0.058272168040275574,0.09134427458047867,0.08171042054891586,0.6631414294242859
6932,image_7266,D:\DataAI\AIEx\newdataset\yolo_f\images\train\Image_7266.jpg,0,4,4,0.16731347143650055,0.19238907098770142,0.17771916091442108,0.1622857302427292,0.30029258131980896,4,0.09556479752063751,0.08286850899457932,0.09021534025669098,0.09226531535387039,0.6390860080718994,4,0.09944254904985428,0.08585557341575623,0.0971795842051506,0.09618602693080902,0.6213362216949463
6936,image_7268,D:\DataAI\AIEx\newdataset\yolo_f\images\train\Image_7268.jpg,0,4,4,0.1717006415128708,0.1730823814868927,0.1906633824110031,0.1577935814857483,0.3067599833011627,4,0.09977554529905319,0.0725393146276474,0.09157688915729523,0.0882386788725853,0.6478696465492249,4,0.10470984876155853,0.07381382584571838,0.09843099862337112,0.09209045767784119,0.6309548616409302
6937,image_7268,D:\DataAI\AIEx\newdataset\yolo_f\images\train\Image_7268.jpg,0,4,4,0.17552976310253143,0.18325689435005188,0.174268439412117,0.1762961894273758,0.2906486690044403,4,0.10856117308139801,0.09495211392641068,0.11195015907287598,0.12558160722255707,0.5589548945426941,4,0.11192618310451508,0.09610564261674881,0.11813990026712418,0.1293535977602005,0.5444746613502502
6938,image_7268,D:\DataAI\AIEx\newdataset\yolo_f\images\train\Image_7268.jpg,0,4,4,0.1615717113018036,0.18319860100746155,0.18620260059833527,0.15675966441631317,0.31226739287376404,4,0.08906316757202148,0.07832090556621552,0.08543781191110611,0.09021426737308502,0.6569638252258301,4,0.09138121455907822,0.07957708835601807,0.09236351400613785,0.09385164827108383,0.6428265571594238
6943,image_7270,D:\DataAI\AIEx\newdataset\yolo_f\images\train\Image_7270.jpg,0,4,4,0.1678149700164795,0.15943394601345062,0.2068248689174652,0.15318848192691803,0.31273773312568665,4,0.09849013388156891,0.06474614888429642,0.09650050103664398,0.08634253591299057,0.6539207100868225,4,0.10193061083555222,0.06675537675619125,0.10477957129478455,0.0905563235282898,0.635978102684021
6944,image_7270,D:\DataAI\AIEx\newdataset\yolo_f\images\train\Image_7270.jpg,0,4,4,0.17221543192863464,0.17427749931812286,0.18330535292625427,0.1628326177597046,0.30736908316612244,4,0.09147189557552338,0.07375876605510712,0.09056016057729721,0.08490107953548431,0.6593080759048462,4,0.09436812251806259,0.07588712126016617,0.0970768928527832,0.0887807309627533,0.6438871026039124
6945,image_7270,D:\DataAI\AIEx\newdataset\yolo_f\images\train\Image_7270.jpg,0,4,4,0.17670288681983948,0.14953839778900146,0.19036614894866943,0.16641446948051453,0.3169780671596527,4,0.08800040185451508,0.06432881206274033,0.0929732620716095,0.08929119259119034,0.665406346321106,4,0.09136327356100082,0.06674249470233917,0.10052470117807388,0.09339970350265503,0.6479697823524475
6958,image_7281,D:\DataAI\AIEx\newdataset\yolo_f\images\train\Image_7281.jpg,0,4,4,0.17946793138980865,0.1580013483762741,0.19169621169567108,0.17069068551063538,0.3001438081264496,4,0.0982942134141922,0.06458395719528198,0.09963488578796387,0.10278778523206711,0.6346991658210754,4,0.10293141007423401,0.06547310948371887,0.10743473470211029,0.10682322829961777,0.6173374652862549
6959,image_7281,D:\DataAI\AIEx\newdataset\yolo_f\images\train\Image_7281.jpg,0,4,4,0.18104776740074158,0.15871989727020264,0.19186441600322723,0.17169494926929474,0.2966729998588562,4,0.09813157469034195,0.06789133697748184,0.10468506813049316,0.10575563460588455,0.6235364079475403,4,0.10201464593410492,0.06868339329957962,0.11156997829675674,0.11041957139968872,0.6073123812675476
6960,image_7281,D:\DataAI\AIEx\newdataset\yolo_f\images\train\Image_7281.jpg,0,4,4,0.1758764088153839,0.1622849702835083,0.1899254024028778,0.17476515471935272,0.29714810848236084,4,0.09261922538280487,0.07208020240068436,0.10378324240446091,0.10191724449396133,0.6296001672744751,4,0.09441609680652618,0.07291195541620255,0.11060813069343567,0.10616236925125122,0.6159014701843262
6973,image_7288,D:\DataAI\AIEx\newdataset\yolo_f\images\train\Image_7288.jpg,0,4,4,0.17760013043880463,0.16485483944416046,0.18459320068359375,0.16529211401939392,0.30765968561172485,4,0.09333091229200363,0.06992127746343613,0.0925762876868248,0.09498494118452072,0.6491866111755371,4,0.09804502129554749,0.07132605463266373,0.09992524236440659,0.09895523637533188,0.6317484378814697
6974,image_7288,D:\DataAI\AIEx\newdataset\yolo_f\images\train\Image_7288.jpg,0,4,4,0.17220330238342285,0.17082729935646057,0.19810114800930023,0.15531255304813385,0.3035556972026825,4,0.09614318609237671,0.07147151976823807,0.0995553731918335,0.08289594203233719,0.6499339938163757,4,0.10009711980819702,0.07329234480857849,0.10646983236074448,0.0868329107761383,0.6333077549934387
6975,image_7288,D:\DataAI\AIEx\newdataset\yolo_f\images\train\Image_7288.jpg,0,4,4,0.18444299697875977,0.16712771356105804,0.18567824363708496,0.15889988839626312,0.3038511276245117,4,0.09868159890174866,0.07224779576063156,0.09254937618970871,0.08356674760580063,0.6529544591903687,4,0.10506848990917206,0.07342031598091125,0.09938591718673706,0.09005435556173325,0.6320708394050598
6984,image_7302,D:\DataAI\AIEx\newdataset\yolo_f\images\train\Image_7302.jpg,0,4,4,0.18356658518314362,0.16237874329090118,0.18408828973770142,0.1682615578174591,0.30170485377311707,4,0.0974767804145813,0.06979648023843765,0.09412819147109985,0.1296280026435852,0.6089705228805542,4,0.1025378406047821,0.07125888764858246,0.1025213897228241,0.13516846299171448,0.5885134339332581
6987,image_7305,D:\DataAI\AIEx\newdataset\yolo_f\images\train\Image_7305.jpg,0,4,4,0.1709206998348236,0.16659601032733917,0.18854019045829773,0.1652670055627823,0.3086761236190796,4,0.09061486274003983,0.07140770554542542,0.09266578406095505,0.11011672019958496,0.6351949572563171,4,0.09546409547328949,0.07216818630695343,0.10155380517244339,0.11666156351566315,0.6141523718833923
6995,image_7310,D:\DataAI\AIEx\newdataset\yolo_f\images\train\Image_7310.jpg,0,4,4,0.15103024244308472,0.17898644506931305,0.17003202438354492,0.16630321741104126,0.33364802598953247,4,0.08207732439041138,0.08222813904285431,0.08497342467308044,0.11323922872543335,0.6374818086624146,4,0.08561454713344574,0.08455713093280792,0.09231822192668915,0.11909982562065125,0.6184102296829224
6996,image_7310,D:\DataAI\AIEx\newdataset\yolo_f\images\train\Image_7310.jpg,0,4,4,0.1699211150407791,0.15196898579597473,0.2018367052078247,0.16337189078330994,0.3129013180732727,4,0.094830721616745,0.07012007385492325,0.10304788500070572,0.10008687525987625,0.631914496421814,4,0.0979379266500473,0.07144755870103836,0.11155082285404205,0.10672073811292648,0.6123429536819458
7011,image_7320,D:\DataAI\AIEx\newdataset\yolo_f\images\train\Image_7320.jpg,0,4,4,0.17628785967826843,0.16145563125610352,0.20082730054855347,0.16574256122112274,0.29568663239479065,4,0.10584123432636261,0.06854236125946045,0.09948055446147919,0.09728062152862549,0.6288552284240723,4,0.11166678369045258,0.06906092166900635,0.10756818950176239,0.10253932327032089,0.6091647744178772
7012,image_7320,D:\DataAI\AIEx\newdataset\yolo_f\images\train\Image_7320.jpg,0,4,4,0.15785004198551178,0.1682427078485489,0.19199343025684357,0.16356895864009857,0.3183448612689972,4,0.08478401601314545,0.07127899676561356,0.08837869018316269,0.09243178367614746,0.6631265878677368,4,0.08788103610277176,0.07165344059467316,0.0935949757695198,0.100163534283638,0.6467070579528809
7013,image_7321,D:\DataAI\AIEx\newdataset\yolo_f\images\train\Image_7321.jpg,0,4,4,0.17923815548419952,0.17516545951366425,0.1721663624048233,0.16555924713611603,0.3078708052635193,4,0.10192038863897324,0.07433760166168213,0.0844082310795784,0.08724483102560043,0.6520889401435852,4,0.10651349276304245,0.07737267017364502,0.09136998653411865,0.09129384160041809,0.6334499716758728
7014,image_7321,D:\DataAI\AIEx\newdataset\yolo_f\images\train\Image_7321.jpg,0,4,4,0.16329145431518555,0.1684626340866089,0.19737829267978668,0.16809909045696259,0.3027685284614563,4,0.09835892915725708,0.07397633790969849,0.10157911479473114,0.09890851378440857,0.6271771788597107,4,0.10256751626729965,0.07418316602706909,0.10834714025259018,0.10321349650621414,0.6116886734962463
7025,image_7327,D:\DataAI\AIEx\newdataset\yolo_f\images\train\Image_7327.jpg,0,4,4,0.16792720556259155,0.17858949303627014,0.1932518631219864,0.15505410730838776,0.3051773011684418,4,0.10029307007789612,0.0740891844034195,0.08815913647413254,0.08679617196321487,0.6506624221801758,4,0.10579375922679901,0.07645009458065033,0.09569351375102997,0.0912516713142395,0.6308109164237976
7026,image_7327,D:\DataAI\AIEx\newdataset\yolo_f\images\train\Image_7327.jpg,0,4,4,0.1728801429271698,0.15957175195217133,0.18838946521282196,0.16393634676933289,0.31522229313850403,4,0.09692956507205963,0.0684748962521553,0.08905132114887238,0.08482901751995087,0.6607152223587036,4,0.10114625841379166,0.06935790926218033,0.09644633531570435,0.08958858251571655,0.6434609293937683
7049,image_7344,D:\DataAI\AIEx\newdataset\yolo_f\images\train\Image_7344.jpg,0,4,4,0.15588904917240143,0.18246077001094818,0.20124872028827667,0.1493024080991745,0.31109899282455444,4,0.08061721175909042,0.07408236712217331,0.09826386719942093,0.0833723247051239,0.6636642813682556,4,0.08351156860589981,0.07516653090715408,0.10642431676387787,0.08830565214157104,0.6465920209884644
7050,image_7344,D:\DataAI\AIEx\newdataset\yolo_f\images\train\Image_7344.jpg,0,4,4,0.15948693454265594,0.1731722205877304,0.19804078340530396,0.16256549954414368,0.306734561920166,4,0.08833824843168259,0.0750887468457222,0.09151839464902878,0.08780823647975922,0.6572464108467102,4,0.0918765440583229,0.07691152393817902,0.09893731772899628,0.09291870892047882,0.6393558979034424
7051,image_7345,D:\DataAI\AIEx\newdataset\yolo_f\images\train\Image_7345.jpg,0,4,4,0.1602867841720581,0.17789962887763977,0.1963958740234375,0.16152778267860413,0.3038899302482605,4,0.09288692474365234,0.08023259788751602,0.09119346737861633,0.09227676689624786,0.6434102654457092,4,0.0979236289858818,0.08349952101707458,0.10075557231903076,0.0957384705543518,0.6220827698707581
7052,image_7345,D:\DataAI\AIEx\newdataset\yolo_f\images\train\Image_7345.jpg,0,4,4,0.15193751454353333,0.17824877798557281,0.19646424055099487,0.15913188457489014,0.31421759724617004,4,0.07576476782560349,0.06538038700819016,0.10731076449155807,0.09337129443883896,0.6581727862358093,4,0.07950970530509949,0.06736687570810318,0.11503288894891739,0.09854601323604584,0.6395444869995117
7060,image_7359,D:\DataAI\AIEx\newdataset\yolo_f\images\train\Image_7359.jpg,0,4,4,0.16344580054283142,0.153408944606781,0.20029054582118988,0.17555294930934906,0.30730172991752625,4,0.08235355466604233,0.05480911210179329,0.10137688368558884,0.12070023268461227,0.6407603025436401,4,0.08815103024244308,0.05661293491721153,0.11062674224376678,0.12749186158180237,0.6171174049377441
7066,image_7363,D:\DataAI\AIEx\newdataset\yolo_f\images\train\Image_7363.jpg,0,4,4,0.17192339897155762,0.1567573994398117,0.20137405395507812,0.1620543897151947,0.30789074301719666,4,0.09154777228832245,0.06322865188121796,0.10525895655155182,0.09950055181980133,0.6404640078544617,4,0.09689518809318542,0.06454876065254211,0.1130456030368805,0.10360434651374817,0.6219061017036438
7074,image_7377,D:\DataAI\AIEx\newdataset\yolo_f\images\train\Image_7377.jpg,0,4,4,0.19268585741519928,0.12754805386066437,0.21534767746925354,0.15660913288593292,0.3078092634677887,4,0.10763663053512573,0.049048930406570435,0.10715559870004654,0.08786522597074509,0.6482936143875122,4,0.11372469365596771,0.050509415566921234,0.11673013865947723,0.09317553788423538,0.6258602142333984
7076,image_7379,D:\DataAI\AIEx\newdataset\yolo_f\images\train\Image_7379.jpg,0,4,4,0.17452114820480347,0.1607426106929779,0.20247632265090942,0.16340957581996918,0.29885029792785645,4,0.09996297210454941,0.0699341893196106,0.11484604328870773,0.09617649763822556,0.6190802454948425,4,0.10483667999505997,0.07044660300016403,0.12157591432332993,0.10104019939899445,0.6021006107330322
7083,image_7387,D:\DataAI\AIEx\newdataset\yolo_f\images\train\Image_7387.jpg,0,4,4,0.16856737434864044,0.15700536966323853,0.1949055790901184,0.16358056664466858,0.31594109535217285,4,0.09028708934783936,0.06459426879882812,0.09665924310684204,0.10574714094400406,0.6427122354507446,4,0.09549612551927567,0.06491340696811676,0.1034042090177536,0.11175298690795898,0.6244332194328308
7090,image_7398,D:\DataAI\AIEx\newdataset\yolo_f\images\train\Image_7398.jpg,0,4,4,0.1693175733089447,0.15642432868480682,0.2097964584827423,0.15039435029029846,0.3140673339366913,4,0.09690450876951218,0.07033636420965195,0.10302142053842545,0.08859673142433167,0.6411409974098206,4,0.1017841175198555,0.07087919116020203,0.10898196697235107,0.09291578084230423,0.6254389882087708
7094,image_7403,D:\DataAI\AIEx\newdataset\yolo_f\images\train\Image_7403.jpg,0,4,4,0.1645466685295105,0.16953949630260468,0.1996593326330185,0.17095467448234558,0.2952999174594879,4,0.08794866502285004,0.06903740018606186,0.09672293066978455,0.09902924299240112,0.6472617983818054,4,0.09221627563238144,0.069745734333992,0.10436908155679703,0.10443651676177979,0.6292324066162109
7100,image_7420,D:\DataAI\AIEx\newdataset\yolo_f\images\train\Image_7420.jpg,0,4,4,0.16123715043067932,0.1585603952407837,0.18246881663799286,0.17469221353530884,0.3230413794517517,4,0.09307752549648285,0.07530935108661652,0.09009350836277008,0.09976775199174881,0.6417518854141235,4,0.09774566441774368,0.0773572027683258,0.09759039431810379,0.1032666340470314,0.6240401268005371
7102,image_7422,D:\DataAI\AIEx\newdataset\yolo_f\images\train\Image_7422.jpg,0,4,4,0.17514568567276,0.19146184623241425,0.17073291540145874,0.1620463728904724,0.300613135099411,4,0.100946344435215,0.08371374756097794,0.0912993848323822,0.09606580436229706,0.6279746890068054,4,0.10356942564249039,0.08499307930469513,0.09697571396827698,0.0992479920387268,0.6152138113975525
7107,image_7432,D:\DataAI\AIEx\newdataset\yolo_f\images\train\Image_7432.jpg,0,4,4,0.16886144876480103,0.16908659040927887,0.19519047439098358,0.17307314276695251,0.29378828406333923,4,0.08439064770936966,0.06822970509529114,0.09798907488584518,0.10278350859880447,0.6466071605682373,4,0.0875023901462555,0.06971855461597443,0.10498636215925217,0.1075667291879654,0.6302260160446167
7116,image_7450,D:\DataAI\AIEx\newdataset\yolo_f\images\train\Image_7450.jpg,0,4,4,0.1645788699388504,0.16931119561195374,0.19344842433929443,0.17313316464424133,0.2995283305644989,4,0.0851697251200676,0.07048940658569336,0.10344856232404709,0.09655377268791199,0.6443385481834412,4,0.08822955936193466,0.07187557220458984,0.11073445528745651,0.10055956244468689,0.6286008358001709
7118,image_7453,D:\DataAI\AIEx\newdataset\yolo_f\images\train\Image_7453.jpg,0,4,4,0.16795213520526886,0.1659449338912964,0.1922585517168045,0.17206260561943054,0.30178171396255493,4,0.08181705325841904,0.06481370329856873,0.09743215888738632,0.09723956882953644,0.6586974859237671,4,0.08575082570314407,0.06720015406608582,0.10479068756103516,0.10178477317094803,0.6404736042022705
7123,image_7462,D:\DataAI\AIEx\newdataset\yolo_f\images\train\Image_7462.jpg,0,4,4,0.18152165412902832,0.16068977117538452,0.18286748230457306,0.178416907787323,0.2965041697025299,4,0.08515167236328125,0.06293903291225433,0.09039829671382904,0.10831456631422043,0.653196394443512,4,0.08887358009815216,0.06381148099899292,0.09781316667795181,0.11257419735193253,0.6369275450706482
7130,image_7476,D:\DataAI\AIEx\newdataset\yolo_f\images\train\Image_7476.jpg,0,4,4,0.14412741363048553,0.23177024722099304,0.1773693710565567,0.16624754667282104,0.2804854214191437,4,0.0855405181646347,0.13524577021598816,0.10540163516998291,0.09722239524126053,0.5765897631645203,4,0.0907013937830925,0.13657277822494507,0.11234178394079208,0.0990825891494751,0.5613014101982117
7137,image_7485,D:\DataAI\AIEx\newdataset\yolo_f\images\train\Image_7485.jpg,0,4,4,0.1620306372642517,0.16878633201122284,0.1784151792526245,0.15687252581119537,0.33389538526535034,4,0.09223869442939758,0.07135827839374542,0.09915995597839355,0.0818345919251442,0.6554084420204163,4,0.09624022990465164,0.07202800363302231,0.10256652534008026,0.08498358726501465,0.6441816687583923
7142,image_7493,D:\DataAI\AIEx\newdataset\yolo_f\images\train\Image_7493.jpg,0,4,4,0.17247562110424042,0.17252708971500397,0.18544301390647888,0.16099734604358673,0.30855685472488403,4,0.09899072349071503,0.06806142628192902,0.09494377672672272,0.08335895836353302,0.6546450853347778,4,0.1032402291893959,0.06999050080776215,0.1008366197347641,0.08711012452840805,0.6388225555419922
7151,image_751,D:\DataAI\AIEx\newdataset\yolo_f\images\train\Image_751.jpg,0,0,0,0.3274158239364624,0.16308802366256714,0.164180725812912,0.16766512393951416,0.17765022814273834,0,0.5903410315513611,0.1065649762749672,0.09813185781240463,0.10382162779569626,0.10114049911499023,0,0.5957118272781372,0.10562531650066376,0.09737088531255722,0.102796271443367,0.09849566221237183
7152,image_7511,D:\DataAI\AIEx\newdataset\yolo_f\images\train\Image_7511.jpg,0,4,4,0.17236660420894623,0.17091326415538788,0.18820622563362122,0.1718958169221878,0.29661813378334045,4,0.09993882477283478,0.07510215789079666,0.09878581762313843,0.09792748093605042,0.6282457113265991,4,0.10306186974048615,0.07603641599416733,0.10534624010324478,0.10152138024568558,0.6140339970588684
7160,image_7522,D:\DataAI\AIEx\newdataset\yolo_f\images\train\Image_7522.jpg,0,4,4,0.17368151247501373,0.15255601704120636,0.19113022089004517,0.17099422216415405,0.3116380572319031,4,0.09017695486545563,0.05956701934337616,0.09424892067909241,0.09564879536628723,0.6603583693504333,4,0.09307457506656647,0.06110665574669838,0.1013723760843277,0.09958599507808685,0.6448604464530945
7170,image_7531,D:\DataAI\AIEx\newdataset\yolo_f\images\train\Image_7531.jpg,0,4,4,0.16108602285385132,0.1716737598180771,0.20112328231334686,0.15464280545711517,0.31147414445877075,4,0.09003762155771255,0.07073647528886795,0.10025504976511002,0.08862695097923279,0.6503438949584961,4,0.09378741681575775,0.07365637272596359,0.10693199932575226,0.09211046993732452,0.6335137486457825
7171,image_7531,D:\DataAI\AIEx\newdataset\yolo_f\images\train\Image_7531.jpg,0,4,4,0.15324047207832336,0.16218283772468567,0.19692131876945496,0.15495528280735016,0.33270013332366943,4,0.08459345251321793,0.06557681411504745,0.09465491771697998,0.08436992764472961,0.6708048582077026,4,0.088431216776371,0.0690775066614151,0.1033213883638382,0.08901432156562805,0.6501554846763611
7176,image_7537,D:\DataAI\AIEx\newdataset\yolo_f\images\train\Image_7537.jpg,0,4,4,0.1773577779531479,0.1367783546447754,0.20320966839790344,0.17516706883907318,0.3074870705604553,4,0.1004374623298645,0.0638340562582016,0.13691109418869019,0.11510702967643738,0.5837103724479675,4,0.10354815423488617,0.06601646542549133,0.14318470656871796,0.11812683939933777,0.5691238045692444
7177,image_7537,D:\DataAI\AIEx\newdataset\yolo_f\images\train\Image_7537.jpg,0,4,4,0.16130240261554718,0.16451813280582428,0.1992894411087036,0.16696548461914062,0.3079245388507843,4,0.08668694645166397,0.06938154995441437,0.10274985432624817,0.0985121876001358,0.6426693797111511,4,0.09049341827630997,0.07043664157390594,0.1102670207619667,0.10306964069604874,0.6257332563400269
7186,image_7542,D:\DataAI\AIEx\newdataset\yolo_f\images\train\Image_7542.jpg,0,4,4,0.171486496925354,0.1594480723142624,0.18729490041732788,0.16837145388126373,0.313399076461792,4,0.08744357526302338,0.061884257942438126,0.08706962317228317,0.09682118147611618,0.6667813658714294,4,0.09139928221702576,0.06403524428606033,0.09488970786333084,0.10211965441703796,0.6475560665130615
7187,image_7542,D:\DataAI\AIEx\newdataset\yolo_f\images\train\Image_7542.jpg,0,4,4,0.17284707725048065,0.1772790253162384,0.1954651176929474,0.16678647696971893,0.28762227296829224,4,0.10030768066644669,0.07261580973863602,0.10192544013261795,0.09736256301403046,0.6277884840965271,4,0.10436014831066132,0.07488122582435608,0.10851134359836578,0.10101130604743958,0.6112359166145325
7195,image_756,D:\DataAI\AIEx\newdataset\yolo_f\images\train\Image_756.jpg,0,1,1,0.16622188687324524,0.3354348838329315,0.17534056305885315,0.15860356390476227,0.16439907252788544,1,0.19372759759426117,0.3727082908153534,0.16622942686080933,0.13135923445224762,0.1359754353761673,1,0.19309568405151367,0.3766714036464691,0.1693917065858841,0.1287839710712433,0.13205717504024506
7199,image_7585,D:\DataAI\AIEx\newdataset\yolo_f\images\train\Image_7585.jpg,0,1,1,0.17139029502868652,0.3608410656452179,0.14831413328647614,0.1475823074579239,0.1718721240758896,1,0.16962824761867523,0.26332876086235046,0.2622807025909424,0.1406709849834442,0.1640913337469101,1,0.16819947957992554,0.2760365307331085,0.2514418363571167,0.13718289136886597,0.1671392023563385
7208,image_7597,D:\DataAI\AIEx\newdataset\yolo_f\images\train\Image_7597.jpg,0,2,2,0.1751164346933365,0.12415137141942978,0.3518018424510956,0.16097858548164368,0.18795186281204224,2,0.08870557695627213,0.05218374729156494,0.5881960988044739,0.15127600729465485,0.11963862925767899,2,0.0913524329662323,0.05331174656748772,0.5807918310165405,0.1504383683204651,0.12410558760166168
7209,image_7599,D:\DataAI\AIEx\newdataset\yolo_f\images\train\Image_7599.jpg,0,2,2,0.16118471324443817,0.1538640856742859,0.34540727734565735,0.15487341582775116,0.184670552611351,2,0.10021762549877167,0.06951496750116348,0.589111864566803,0.13033156096935272,0.11082399636507034,2,0.10160799324512482,0.0697922557592392,0.5821221470832825,0.13076455891132355,0.11571309715509415
7215,image_7607,D:\DataAI\AIEx\newdataset\yolo_f\images\train\Image_7607.jpg,0,2,2,0.15949060022830963,0.1505180150270462,0.35021793842315674,0.15865646302700043,0.1811169534921646,2,0.09525745362043381,0.06680621206760406,0.5957167744636536,0.12545658648014069,0.11676301807165146,2,0.09601953625679016,0.06582523882389069,0.5927057266235352,0.1251138150691986,0.12033575773239136
7221,image_7615,D:\DataAI\AIEx\newdataset\yolo_f\images\train\Image_7615.jpg,0,2,2,0.15058788657188416,0.1598169356584549,0.3341347277164459,0.16869580745697021,0.18676458299160004,2,0.08752869069576263,0.06534948945045471,0.5877507328987122,0.13796943426132202,0.12140172719955444,2,0.08918150514364243,0.06744685769081116,0.5752912759780884,0.1397188901901245,0.12836143374443054
7232,image_7639,D:\DataAI\AIEx\newdataset\yolo_f\images\train\Image_7639.jpg,0,2,2,0.16799134016036987,0.1755349487066269,0.2767857313156128,0.1891031563282013,0.19058482348918915,2,0.0944526344537735,0.07740213721990585,0.48811763525009155,0.21846899390220642,0.12155858427286148,2,0.09473514556884766,0.08359672874212265,0.481638103723526,0.21369266510009766,0.12633733451366425
7235,image_7643,D:\DataAI\AIEx\newdataset\yolo_f\images\train\Image_7643.jpg,0,2,2,0.1672448068857193,0.13718101382255554,0.35249292850494385,0.15892814099788666,0.18415313959121704,2,0.08903738856315613,0.06153521314263344,0.5778932571411133,0.15820728242397308,0.11332689970731735,2,0.08999738842248917,0.06368592381477356,0.5735722184181213,0.1554788053035736,0.11726562678813934
7237,image_7645,D:\DataAI\AIEx\newdataset\yolo_f\images\train\Image_7645.jpg,0,2,2,0.16990329325199127,0.11775004118680954,0.3669763505458832,0.15960003435611725,0.18577025830745697,2,0.08603551983833313,0.051640547811985016,0.60390704870224,0.14962267875671387,0.10879417508840561,2,0.08749960362911224,0.054056715220212936,0.5964468717575073,0.1492748260498047,0.1127219870686531
7238,image_7646,D:\DataAI\AIEx\newdataset\yolo_f\images\train\Image_7646.jpg,0,2,2,0.17190410196781158,0.12239447236061096,0.365282267332077,0.1559283584356308,0.18449081480503082,2,0.0851462110877037,0.052756961435079575,0.6018563508987427,0.14977510273456573,0.11046529561281204,2,0.08658929169178009,0.05470813438296318,0.5958317518234253,0.1487617939710617,0.11410897970199585
7240,image_765,D:\DataAI\AIEx\newdataset\yolo_f\images\train\Image_765.jpg,0,0,0,0.24423275887966156,0.24322302639484406,0.16286706924438477,0.17304466664791107,0.17663247883319855,0,0.41067978739738464,0.2162812352180481,0.13127397000789642,0.12381619960069656,0.11794884502887726,0,0.40514075756073,0.22460661828517914,0.13300107419490814,0.1217004656791687,0.11555112898349762
7248,image_7659,D:\DataAI\AIEx\newdataset\yolo_f\images\train\Image_7659.jpg,0,2,2,0.1743924617767334,0.1372208446264267,0.3421797752380371,0.1709447056055069,0.1752622276544571,2,0.08510075509548187,0.056302379816770554,0.5711207985877991,0.18295972049236298,0.10451631247997284,2,0.08592982590198517,0.05841024965047836,0.5695577263832092,0.17784400284290314,0.10825814306735992
7257,image_7669,D:\DataAI\AIEx\newdataset\yolo_f\images\train\Image_7669.jpg,0,2,2,0.18364217877388,0.17788267135620117,0.2722298502922058,0.19127394258975983,0.17497135698795319,2,0.10351236164569855,0.0854136273264885,0.46008822321891785,0.24564817547798157,0.10533759742975235,2,0.10387846827507019,0.09083689749240875,0.4593101441860199,0.23686204850673676,0.10911247134208679
7258,image_767,D:\DataAI\AIEx\newdataset\yolo_f\images\train\Image_767.jpg,0,0,0,0.270101934671402,0.18580947816371918,0.19761420786380768,0.15923668444156647,0.18723763525485992,0,0.5074349045753479,0.1319616436958313,0.12389333546161652,0.1047612801194191,0.13194884359836578,0,0.5109483003616333,0.13123421370983124,0.12536779046058655,0.10337251424789429,0.12907716631889343
7262,image_7675,D:\DataAI\AIEx\newdataset\yolo_f\images\train\Image_7675.jpg,0,2,2,0.18093708157539368,0.1639905869960785,0.28347742557525635,0.19348591566085815,0.17810893058776855,2,0.09902293235063553,0.0779251903295517,0.45483389496803284,0.2547537684440613,0.11346417665481567,2,0.09954202175140381,0.08176364749670029,0.4620659053325653,0.24026939272880554,0.11635898053646088
7267,image_7686,D:\DataAI\AIEx\newdataset\yolo_f\images\train\Image_7686.jpg,0,2,2,0.17105676233768463,0.13716121017932892,0.3264167010784149,0.18498942255973816,0.18037588894367218,2,0.08524980396032333,0.054258815944194794,0.5362423062324524,0.20524944365024567,0.11899963021278381,2,0.08737325668334961,0.05761447176337242,0.52958083152771,0.20347289741039276,0.12195848673582077
7274,image_77,D:\DataAI\AIEx\newdataset\yolo_f\images\train\Image_77.jpg,0,2,2,0.16234977543354034,0.14219537377357483,0.3237195312976837,0.20323728024959564,0.16849800944328308,2,0.10340770334005356,0.08371928334236145,0.4476807713508606,0.20695175230503082,0.15824054181575775,2,0.10437437146902084,0.08451010286808014,0.4514441192150116,0.20153135061264038,0.15814009308815002
7276,image_7703,D:\DataAI\AIEx\newdataset\yolo_f\images\train\Image_7703.jpg,0,2,2,0.16093365848064423,0.1505676656961441,0.3270553648471832,0.17581264674663544,0.1856307089328766,2,0.08117318153381348,0.06832128763198853,0.5488712191581726,0.18459826707839966,0.11703602969646454,2,0.08156303316354752,0.07103943824768066,0.54592365026474,0.1802968978881836,0.12117692083120346
7283,image_7714,D:\DataAI\AIEx\newdataset\yolo_f\images\train\Image_7714.jpg,0,2,2,0.16220618784427643,0.15837296843528748,0.30616503953933716,0.1881263554096222,0.18512944877147675,2,0.08641383051872253,0.060011278837919235,0.5353586077690125,0.20073302090168,0.11748325824737549,2,0.08638855069875717,0.06464243680238724,0.5299461483955383,0.19676651060581207,0.12225638329982758
7285,image_7719,D:\DataAI\AIEx\newdataset\yolo_f\images\train\Image_7719.jpg,0,2,2,0.17233173549175262,0.11437411606311798,0.3419591784477234,0.18728724122047424,0.18404772877693176,2,0.08933325111865997,0.05036240816116333,0.562892735004425,0.18771015107631683,0.1097014844417572,2,0.09068451076745987,0.05246585234999657,0.555479884147644,0.18716177344322205,0.114207923412323
7287,image_7721,D:\DataAI\AIEx\newdataset\yolo_f\images\train\Image_7721.jpg,0,2,2,0.1637374758720398,0.14944815635681152,0.3382941782474518,0.17225588858127594,0.17626437544822693,2,0.08243996649980545,0.05941672995686531,0.5772155523300171,0.17063017189502716,0.11029760539531708,2,0.08396396785974503,0.06387034803628922,0.5667661428451538,0.1707107126712799,0.11468877643346786
7297,image_7736,D:\DataAI\AIEx\newdataset\yolo_f\images\train\Image_7736.jpg,0,2,2,0.16130900382995605,0.14896483719348907,0.3441351354122162,0.16477268934249878,0.1808183789253235,2,0.08200342953205109,0.05845770612359047,0.5967098474502563,0.15657572448253632,0.1062532290816307,2,0.0845123827457428,0.061004240065813065,0.5860007405281067,0.1572452187538147,0.11123736947774887
7302,image_7742,D:\DataAI\AIEx\newdataset\yolo_f\images\train\Image_7742.jpg,0,2,2,0.1587701290845871,0.12470673024654388,0.3507990837097168,0.1632058322429657,0.20251823961734772,2,0.07381752878427505,0.05094514787197113,0.6156367659568787,0.1442793756723404,0.11532115936279297,2,0.07529759407043457,0.0531296581029892,0.6070173382759094,0.1442275196313858,0.12032783031463623
7307,image_7747,D:\DataAI\AIEx\newdataset\yolo_f\images\train\Image_7747.jpg,0,2,2,0.16180527210235596,0.1585080921649933,0.3167647421360016,0.18232141435146332,0.18060044944286346,2,0.07849811762571335,0.0626165121793747,0.5564416646957397,0.18465179204940796,0.11779190599918365,2,0.07972339540719986,0.06717748194932938,0.5475298762321472,0.18321247398853302,0.12235675007104874
7312,image_7753,D:\DataAI\AIEx\newdataset\yolo_f\images\train\Image_7753.jpg,0,2,2,0.17062421143054962,0.11286585032939911,0.35843560099601746,0.16470476984977722,0.1933695673942566,2,0.08475781232118607,0.043354228138923645,0.6167457699775696,0.14258316159248352,0.11255907267332077,2,0.08744212985038757,0.045050594955682755,0.606272280216217,0.1439836323261261,0.11725125461816788
7319,image_7763,D:\DataAI\AIEx\newdataset\yolo_f\images\train\Image_7763.jpg,0,2,2,0.16715969145298004,0.11978106200695038,0.34752124547958374,0.17273010313510895,0.1928078979253769,2,0.0850444808602333,0.05061763525009155,0.5873711705207825,0.1701590120792389,0.106807641685009,2,0.08669288456439972,0.052699845284223557,0.582046627998352,0.1670607477426529,0.11149989068508148
7326,image_7774,D:\DataAI\AIEx\newdataset\yolo_f\images\train\Image_7774.jpg,0,2,2,0.16507139801979065,0.14669394493103027,0.3153228163719177,0.18515071272850037,0.18776114284992218,2,0.08188080042600632,0.058004312217235565,0.5515948534011841,0.19446052610874176,0.11405951529741287,2,0.08458104729652405,0.06123057007789612,0.54508376121521,0.19164463877677917,0.11745995283126831
7329,image_7781,D:\DataAI\AIEx\newdataset\yolo_f\images\train\Image_7781.jpg,0,2,2,0.17202883958816528,0.14093682169914246,0.3203548789024353,0.17923268675804138,0.18744675815105438,2,0.085492342710495,0.0533168725669384,0.567270040512085,0.17070215940475464,0.1232185810804367,2,0.08679013699293137,0.05509711429476738,0.5618769526481628,0.16955280303955078,0.12668293714523315
7332,image_7784,D:\DataAI\AIEx\newdataset\yolo_f\images\train\Image_7784.jpg,0,2,2,0.16820552945137024,0.16151608526706696,0.29063040018081665,0.18857815861701965,0.1910697966814041,2,0.08742989599704742,0.06628604233264923,0.5123617649078369,0.20760048925876617,0.12632179260253906,2,0.08913731575012207,0.0687599703669548,0.5074941515922546,0.20594453811645508,0.12866398692131042
7340,image_7794,D:\DataAI\AIEx\newdataset\yolo_f\images\train\Image_7794.jpg,0,2,2,0.18092036247253418,0.13102827966213226,0.32257476449012756,0.1870681643486023,0.1784084439277649,2,0.09266844391822815,0.05726254731416702,0.543716311454773,0.1909075230360031,0.11544516682624817,2,0.09464023262262344,0.05999777093529701,0.537566065788269,0.18854449689388275,0.11925142258405685
7346,image_7804,D:\DataAI\AIEx\newdataset\yolo_f\images\train\Image_7804.jpg,0,2,2,0.17696818709373474,0.15469664335250854,0.3052283525466919,0.19205449521541595,0.17105235159397125,2,0.09780571609735489,0.07178015261888504,0.5006774067878723,0.21101981401443481,0.11871689558029175,2,0.09759272634983063,0.07505151629447937,0.5010110139846802,0.2037428468465805,0.12260191142559052
7354,image_7817,D:\DataAI\AIEx\newdataset\yolo_f\images\train\Image_7817.jpg,0,2,2,0.18084171414375305,0.13105465471744537,0.33854809403419495,0.17494745552539825,0.17460806667804718,2,0.09412094205617905,0.060428228229284286,0.5509332418441772,0.18963724374771118,0.10488028079271317,2,0.09484195709228516,0.06225438043475151,0.5516335964202881,0.18279118835926056,0.10847891867160797
7355,image_7818,D:\DataAI\AIEx\newdataset\yolo_f\images\train\Image_7818.jpg,0,2,2,0.18046382069587708,0.13781660795211792,0.3367999494075775,0.17350152134895325,0.17141810059547424,2,0.09752225875854492,0.0676896944642067,0.5341793894767761,0.19024068117141724,0.11036791652441025,2,0.09815444052219391,0.0681416392326355,0.5386555194854736,0.18153363466262817,0.11351475119590759
7359,image_7821,D:\DataAI\AIEx\newdataset\yolo_f\images\train\Image_7821.jpg,0,2,2,0.1680188626050949,0.1471867859363556,0.3265838921070099,0.18004126846790314,0.17816925048828125,2,0.08699391037225723,0.06958476454019547,0.5114770531654358,0.20789197087287903,0.12405230104923248,2,0.08785533905029297,0.07126646488904953,0.5152454972267151,0.19863887131214142,0.12699386477470398
7362,image_784,D:\DataAI\AIEx\newdataset\yolo_f\images\train\Image_784.jpg,0,0,0,0.2857666611671448,0.17388509213924408,0.18454985320568085,0.1735059916973114,0.18229243159294128,0,0.5588995814323425,0.10665439814329147,0.09908342361450195,0.1132897436618805,0.12207277864217758,0,0.5651370882987976,0.10572521388530731,0.09880100190639496,0.11156576126813889,0.11877096444368362
7372,image_7884,D:\DataAI\AIEx\newdataset\yolo_f\images\train\Image_7884.jpg,0,3,3,0.1523413062095642,0.17397738993167877,0.23197965323925018,0.25613170862197876,0.1855699121952057,3,0.075327567756176,0.07593323290348053,0.3127187192440033,0.39841777086257935,0.1376027762889862,3,0.07727241516113281,0.07846345007419586,0.31189629435539246,0.39200642704963684,0.1403614729642868
7380,image_7893,D:\DataAI\AIEx\newdataset\yolo_f\images\train\Image_7893.jpg,0,2,2,0.18032224476337433,0.14681309461593628,0.2662973403930664,0.2341393083333969,0.1724279373884201,2,0.09635090082883835,0.06834391504526138,0.42490288615226746,0.3106979429721832,0.09970427304506302,2,0.09758837521076202,0.06955251097679138,0.4242306053638458,0.30592554807662964,0.10270296037197113
7383,image_7899,D:\DataAI\AIEx\newdataset\yolo_f\images\train\Image_7899.jpg,0,2,2,0.15306207537651062,0.18229235708713531,0.24845540523529053,0.21376189589500427,0.20242834091186523,2,0.08108839392662048,0.07428540289402008,0.38875627517700195,0.3275735378265381,0.12829643487930298,2,0.08152434974908829,0.07492835074663162,0.3876030147075653,0.32427331805229187,0.1316709667444229
7385,image_7901,D:\DataAI\AIEx\newdataset\yolo_f\images\train\Image_7901.jpg,0,2,2,0.15516020357608795,0.18703289330005646,0.2813636064529419,0.18656761944293976,0.18987572193145752,2,0.08984389901161194,0.07629963755607605,0.44110050797462463,0.26418599486351013,0.12856991589069366,2,0.09095017611980438,0.07504303753376007,0.43955737352371216,0.26314032077789307,0.13130906224250793
7387,image_7904,D:\DataAI\AIEx\newdataset\yolo_f\images\train\Image_7904.jpg,0,2,2,0.15819275379180908,0.16040487587451935,0.28879836201667786,0.19594421982765198,0.19665974378585815,2,0.08109209686517715,0.06756539642810822,0.49905040860176086,0.24054443836212158,0.11174768209457397,2,0.0823274478316307,0.07069000601768494,0.49043452739715576,0.24019946157932281,0.11634857207536697
7388,image_7906,D:\DataAI\AIEx\newdataset\yolo_f\images\train\Image_7906.jpg,0,2,2,0.1699778437614441,0.1787279099225998,0.3127172291278839,0.1712816208600998,0.1672954112291336,2,0.08596593141555786,0.06552544236183167,0.5832152962684631,0.161217600107193,0.10407570749521255,2,0.08751671761274338,0.06768494099378586,0.5749626755714417,0.16295012831687927,0.10688546299934387
7397,image_7918,D:\DataAI\AIEx\newdataset\yolo_f\images\train\Image_7918.jpg,0,3,3,0.17029254138469696,0.1471305638551712,0.18470486998558044,0.31443533301353455,0.18343664705753326,3,0.08374470472335815,0.05917796120047569,0.2344932109117508,0.4904252290725708,0.13215894997119904,3,0.08562908321619034,0.06004616245627403,0.2400921881198883,0.47884035110473633,0.1353922188282013
7406,image_7932,D:\DataAI\AIEx\newdataset\yolo_f\images\train\Image_7932.jpg,0,3,3,0.1656547337770462,0.1522500067949295,0.1915649175643921,0.3129826486110687,0.17754767835140228,3,0.07953593879938126,0.06385216116905212,0.20216184854507446,0.5419849157333374,0.11246512085199356,3,0.08151723444461823,0.06787147372961044,0.2074229121208191,0.5266839861869812,0.11650440841913223
7408,image_7934,D:\DataAI\AIEx\newdataset\yolo_f\images\train\Image_7934.jpg,0,3,3,0.17157363891601562,0.1522461324930191,0.200652077794075,0.2885374426841736,0.18699073791503906,3,0.08127155154943466,0.06252311915159225,0.24110561609268188,0.49088022112846375,0.12421950697898865,3,0.08302587270736694,0.0655718520283699,0.2464275360107422,0.47765424847602844,0.12732040882110596
7416,image_7947,D:\DataAI\AIEx\newdataset\yolo_f\images\train\Image_7947.jpg,0,2,2,0.16518159210681915,0.15519729256629944,0.28395265340805054,0.21598011255264282,0.17968839406967163,2,0.08064571022987366,0.059058792889118195,0.4976951479911804,0.25473806262016296,0.10786222666501999,2,0.08207850158214569,0.061733148992061615,0.4920601546764374,0.2520428001880646,0.11208537220954895
7418,image_7949,D:\DataAI\AIEx\newdataset\yolo_f\images\train\Image_7949.jpg,0,3,2,0.15745706856250763,0.18001775443553925,0.2482644021511078,0.2219683974981308,0.19229237735271454,2,0.08088529109954834,0.07151414453983307,0.43953219056129456,0.29679161310195923,0.11127673834562302,2,0.08149849623441696,0.07563872635364532,0.43723246455192566,0.2903856337070465,0.11524464190006256
7424,image_7963,D:\DataAI\AIEx\newdataset\yolo_f\images\train\Image_7963.jpg,0,3,3,0.17778711020946503,0.13427671790122986,0.21534818410873413,0.27806878089904785,0.19451922178268433,3,0.09155996143817902,0.058477312326431274,0.3146842420101166,0.4235273599624634,0.11175116151571274,3,0.09268336743116379,0.06097523495554924,0.3126271665096283,0.4182894825935364,0.11542471498250961
7428,image_7970,D:\DataAI\AIEx\newdataset\yolo_f\images\train\Image_7970.jpg,0,2,2,0.16796301305294037,0.15767884254455566,0.282168984413147,0.23117531836032867,0.16101384162902832,2,0.09880436211824417,0.06827379018068314,0.4275628626346588,0.29928311705589294,0.10607583820819855,2,0.09903823584318161,0.0705965980887413,0.42667344212532043,0.2947431206703186,0.10894855111837387
7435,image_7980,D:\DataAI\AIEx\newdataset\yolo_f\images\train\Image_7980.jpg,0,2,2,0.16847123205661774,0.15130940079689026,0.3561459183692932,0.14407047629356384,0.18000295758247375,2,0.12008927017450333,0.10625593364238739,0.5278996229171753,0.11557044833898544,0.13018469512462616,2,0.12330698221921921,0.10891629010438919,0.518503725528717,0.11458650976419449,0.13468648493289948
7437,image_7983,D:\DataAI\AIEx\newdataset\yolo_f\images\train\Image_7983.jpg,0,2,2,0.18996261060237885,0.14650818705558777,0.3234565854072571,0.16495060920715332,0.1751219630241394,2,0.11904265731573105,0.07680068165063858,0.5450447797775269,0.1347447782754898,0.12436706572771072,2,0.12155626714229584,0.0799408033490181,0.537216305732727,0.13408677279949188,0.12719984352588654
7441,image_7988,D:\DataAI\AIEx\newdataset\yolo_f\images\train\Image_7988.jpg,0,2,2,0.19859053194522858,0.11055194586515427,0.34728965163230896,0.16771134734153748,0.17585644125938416,2,0.12340133637189865,0.05406242236495018,0.5868988633155823,0.1368810534477234,0.09875631332397461,2,0.12556013464927673,0.05376027151942253,0.579366147518158,0.13810871541500092,0.10320476442575455
7447,image_7996,D:\DataAI\AIEx\newdataset\yolo_f\images\train\Image_7996.jpg,0,2,2,0.17230968177318573,0.17619764804840088,0.3044818639755249,0.16482111811637878,0.18218964338302612,2,0.1023482158780098,0.07417163997888565,0.5563579201698303,0.13409672677516937,0.1330254226922989,2,0.10423221439123154,0.07510595768690109,0.5489227175712585,0.13506688177585602,0.13667230308055878
7448,image_7997,D:\DataAI\AIEx\newdataset\yolo_f\images\train\Image_7997.jpg,0,2,2,0.1729937642812729,0.17207977175712585,0.30947548151016235,0.16607464849948883,0.17937631905078888,2,0.10412907600402832,0.07392924278974533,0.5537909269332886,0.13862231373786926,0.1295284479856491,2,0.10650947690010071,0.07431597262620926,0.5481657385826111,0.13872146606445312,0.13228733837604523
7459,image_801,D:\DataAI\AIEx\newdataset\yolo_f\images\train\Image_801.jpg,0,1,1,0.2398344725370407,0.2852213382720947,0.18197831511497498,0.14147979021072388,0.15148606896400452,0,0.4776630699634552,0.18180787563323975,0.1345296949148178,0.10602239519357681,0.09997692704200745,0,0.47119423747062683,0.1913534700870514,0.13395215570926666,0.10432948917150497,0.09917067736387253
7460,image_801,D:\DataAI\AIEx\newdataset\yolo_f\images\train\Image_801.jpg,0,0,0,0.3322496712207794,0.14600807428359985,0.16732801496982574,0.17558279633522034,0.17883144319057465,0,0.5394202470779419,0.14114676415920258,0.10075660049915314,0.1064978539943695,0.1121785119175911,0,0.5435784459114075,0.14050142467021942,0.09966007620096207,0.10699620842933655,0.10926378518342972
7464,image_8015,D:\DataAI\AIEx\newdataset\yolo_f\images\train\Image_8015.jpg,0,2,2,0.1642938107252121,0.14234820008277893,0.359677791595459,0.14219191670417786,0.1914883553981781,2,0.08815821260213852,0.06088920310139656,0.6236861944198608,0.11023354530334473,0.11703284084796906,2,0.0911555215716362,0.06239130347967148,0.6133138537406921,0.11110451072454453,0.12203477323055267
7467,image_8018,D:\DataAI\AIEx\newdataset\yolo_f\images\train\Image_8018.jpg,0,2,2,0.16173416376113892,0.17693406343460083,0.31357187032699585,0.16062438488006592,0.18713553249835968,2,0.10187988728284836,0.0820164829492569,0.5579112768173218,0.12236574292182922,0.13582663238048553,2,0.1058032214641571,0.08590703457593918,0.5425485968589783,0.12415637820959091,0.14158470928668976
7473,image_8027,D:\DataAI\AIEx\newdataset\yolo_f\images\train\Image_8027.jpg,0,2,2,0.1794571727514267,0.1238425001502037,0.34854912757873535,0.15722718834877014,0.1909240037202835,2,0.09479816257953644,0.05469386279582977,0.6092894673347473,0.12623684108257294,0.11498169600963593,2,0.09708458185195923,0.05445048213005066,0.60173499584198,0.12778422236442566,0.11894573271274567
7489,image_8048,D:\DataAI\AIEx\newdataset\yolo_f\images\train\Image_8048.jpg,0,3,3,0.14347782731056213,0.13257423043251038,0.21106354892253876,0.28609970211982727,0.22678470611572266,3,0.07875501364469528,0.06318914145231247,0.20056861639022827,0.4617905020713806,0.19569672644138336,3,0.07730677723884583,0.06284426897764206,0.21043282747268677,0.4484744071960449,0.2009417563676834
7493,image_8053,D:\DataAI\AIEx\newdataset\yolo_f\images\train\Image_8053.jpg,0,2,2,0.13969701528549194,0.17387203872203827,0.3149935305118561,0.1913864016532898,0.1800510287284851,2,0.07516439259052277,0.06340540945529938,0.4796781837940216,0.2681030035018921,0.11364901810884476,2,0.076007179915905,0.06202990561723709,0.4742553234100342,0.27224916219711304,0.11545847356319427
7500,image_8061,D:\DataAI\AIEx\newdataset\yolo_f\images\train\Image_8061.jpg,0,3,2,0.18626226484775543,0.1703810691833496,0.2626800537109375,0.20733359456062317,0.17334294319152832,2,0.12822414934635162,0.10828685760498047,0.34125229716300964,0.2866821587085724,0.1355545073747635,2,0.12585291266441345,0.1081061065196991,0.34503862261772156,0.286312073469162,0.1346903294324875
7503,image_807,D:\DataAI\AIEx\newdataset\yolo_f\images\train\Image_807.jpg,0,0,0,0.3170103132724762,0.18292468786239624,0.17845743894577026,0.1734326332807541,0.14817489683628082,0,0.5423409342765808,0.14504793286323547,0.11022297292947769,0.1073380634188652,0.09505008906126022,0,0.5524720549583435,0.14114943146705627,0.10909239202737808,0.10479946434497833,0.09248661994934082
7504,image_807,D:\DataAI\AIEx\newdataset\yolo_f\images\train\Image_807.jpg,0,0,0,0.3152981400489807,0.1649221032857895,0.17566919326782227,0.17166243493556976,0.1724480837583542,0,0.4659164845943451,0.1762869954109192,0.11506347358226776,0.12555670738220215,0.11717637628316879,0,0.46846258640289307,0.1767553836107254,0.11446277052164078,0.1243368536233902,0.11598244309425354
7507,image_8072,D:\DataAI\AIEx\newdataset\yolo_f\images\train\Image_8072.jpg,0,2,2,0.17136988043785095,0.14532539248466492,0.32442525029182434,0.1809275895357132,0.17795193195343018,2,0.08696284145116806,0.06235988810658455,0.5514716506004333,0.18747662007808685,0.11172901839017868,2,0.08777742087841034,0.0648200735449791,0.5483387112617493,0.18311385810375214,0.11594995111227036
7516,image_8089,D:\DataAI\AIEx\newdataset\yolo_f\images\train\Image_8089.jpg,0,2,2,0.1731393188238144,0.15167595446109772,0.3333851397037506,0.17049770057201385,0.171301931142807,2,0.08241517096757889,0.05939018726348877,0.5502130389213562,0.20472292602062225,0.10325871407985687,2,0.08390471339225769,0.06121361628174782,0.5550481677055359,0.1929813027381897,0.10685217380523682
7517,image_809,D:\DataAI\AIEx\newdataset\yolo_f\images\train\Image_809.jpg,0,1,1,0.18740911781787872,0.3244061768054962,0.1545400768518448,0.14982612431049347,0.18381847441196442,1,0.22185757756233215,0.3458329141139984,0.14630207419395447,0.12752309441566467,0.1584843397140503,1,0.221319317817688,0.35029223561286926,0.14918987452983856,0.12630103528499603,0.15289752185344696
7520,image_8093,D:\DataAI\AIEx\newdataset\yolo_f\images\train\Image_8093.jpg,0,2,2,0.1761457920074463,0.13724780082702637,0.3340519964694977,0.1757548749446869,0.17679950594902039,2,0.08791317790746689,0.06266987323760986,0.5244450569152832,0.21420958638191223,0.1107623353600502,2,0.08946273475885391,0.06574714183807373,0.5241133570671082,0.20569872856140137,0.11497806757688522
7529,image_8108,D:\DataAI\AIEx\newdataset\yolo_f\images\train\Image_8108.jpg,0,2,2,0.1764788180589676,0.17710067331790924,0.276093453168869,0.18908891081809998,0.1812381148338318,2,0.09571100026369095,0.07473614811897278,0.4972410798072815,0.2210352122783661,0.11127647012472153,2,0.09578835964202881,0.07885728031396866,0.49643054604530334,0.21398209035396576,0.11494175344705582
7533,image_8112,D:\DataAI\AIEx\newdataset\yolo_f\images\train\Image_8112.jpg,0,2,2,0.1690368950366974,0.13472983241081238,0.2924494445323944,0.20177143812179565,0.20201238989830017,2,0.08601121604442596,0.057700060307979584,0.4988738000392914,0.2332417368888855,0.12417320907115936,2,0.08625949919223785,0.05944264307618141,0.503923237323761,0.2231650948524475,0.12720943987369537
7534,image_8113,D:\DataAI\AIEx\newdataset\yolo_f\images\train\Image_8113.jpg,0,2,2,0.17209529876708984,0.15179958939552307,0.31504493951797485,0.18048743903636932,0.1805727481842041,2,0.08610925823450089,0.06132550165057182,0.5576918721199036,0.17642974853515625,0.1184435784816742,2,0.087502121925354,0.06286968290805817,0.5557716488838196,0.17138923704624176,0.12246734648942947
7541,image_8123,D:\DataAI\AIEx\newdataset\yolo_f\images\train\Image_8123.jpg,0,2,2,0.16490599513053894,0.11911212652921677,0.3611976206302643,0.164820596575737,0.1899637132883072,2,0.07878722250461578,0.04484482854604721,0.6023983359336853,0.16952860355377197,0.10444104671478271,2,0.08014551550149918,0.04689234122633934,0.5976206660270691,0.16670933365821838,0.10863205790519714
7548,image_8135,D:\DataAI\AIEx\newdataset\yolo_f\images\train\Image_8135.jpg,0,2,2,0.17951731383800507,0.14696697890758514,0.30547747015953064,0.19078592956066132,0.17725233733654022,2,0.09233225136995316,0.06529941409826279,0.5111190676689148,0.2174743413925171,0.11377489566802979,2,0.09338714927434921,0.06816484034061432,0.5106913447380066,0.21126772463321686,0.1164889931678772
7550,image_8143,D:\DataAI\AIEx\newdataset\yolo_f\images\train\Image_8143.jpg,0,2,2,0.16856136918067932,0.14596445858478546,0.32197144627571106,0.18333062529563904,0.1801721453666687,2,0.08056283742189407,0.059694595634937286,0.521202802658081,0.21110118925571442,0.12743863463401794,2,0.08286003023386002,0.06407684832811356,0.516377329826355,0.20531611144542694,0.1313697099685669
7558,image_8153,D:\DataAI\AIEx\newdataset\yolo_f\images\train\Image_8153.jpg,0,2,2,0.15442456305027008,0.17158330976963043,0.32518470287323,0.17782583832740784,0.17098161578178406,2,0.08547664433717728,0.06724357604980469,0.5825551152229309,0.16161581873893738,0.10310892015695572,2,0.08541450649499893,0.06779114156961441,0.5739883780479431,0.16567938029766083,0.10712658613920212
7562,image_8159,D:\DataAI\AIEx\newdataset\yolo_f\images\train\Image_8159.jpg,0,2,2,0.16538183391094208,0.1369190216064453,0.34038805961608887,0.17441897094249725,0.1828920692205429,2,0.08591222018003464,0.054822128266096115,0.5871675610542297,0.1629372239112854,0.10916091501712799,2,0.0864279493689537,0.05497336760163307,0.5808284282684326,0.16472165286540985,0.11304855346679688
7565,image_8161,D:\DataAI\AIEx\newdataset\yolo_f\images\train\Image_8161.jpg,0,2,2,0.16854716837406158,0.15580934286117554,0.32802054286003113,0.1743491291999817,0.17327383160591125,2,0.09741294384002686,0.06747746467590332,0.548906147480011,0.18082429468631744,0.1053791418671608,2,0.09831281751394272,0.06568419933319092,0.5462479591369629,0.1820647269487381,0.10769030451774597
7567,image_8164,D:\DataAI\AIEx\newdataset\yolo_f\images\train\Image_8164.jpg,0,2,2,0.1546657830476761,0.14795845746994019,0.31530624628067017,0.1900433748960495,0.19202615320682526,2,0.08120770007371902,0.05808790400624275,0.5597873330116272,0.19216163456439972,0.10875537991523743,2,0.08160144090652466,0.059416353702545166,0.5516150593757629,0.19332119822502136,0.11404598504304886
7575,image_8175,D:\DataAI\AIEx\newdataset\yolo_f\images\train\Image_8175.jpg,0,2,2,0.14679265022277832,0.19149920344352722,0.2892687916755676,0.1982906609773636,0.17414867877960205,2,0.08854380249977112,0.07743192464113235,0.5109484791755676,0.2025545984506607,0.12052120268344879,2,0.08812423795461655,0.0781327411532402,0.5051683187484741,0.20298898220062256,0.12558574974536896
7579,image_818,D:\DataAI\AIEx\newdataset\yolo_f\images\train\Image_818.jpg,0,0,0,0.3044212758541107,0.17367009818553925,0.16397380828857422,0.1711786389350891,0.1867561638355255,0,0.5490516424179077,0.11919785290956497,0.10069765150547028,0.11563634872436523,0.11541654169559479,0,0.5508032441139221,0.12007122486829758,0.1006227657198906,0.11496306210756302,0.1135396733880043
7585,image_8191,D:\DataAI\AIEx\newdataset\yolo_f\images\train\Image_8191.jpg,0,2,2,0.15903711318969727,0.2105030119419098,0.26714828610420227,0.16622883081436157,0.1970827728509903,2,0.09610835462808609,0.09185469150543213,0.5339691042900085,0.15937086939811707,0.11869693547487259,2,0.09721019864082336,0.09425380080938339,0.5249007344245911,0.15996450185775757,0.1236707866191864
7589,image_8195,D:\DataAI\AIEx\newdataset\yolo_f\images\train\Image_8195.jpg,0,2,2,0.17234840989112854,0.17881761491298676,0.30305373668670654,0.16090057790279388,0.1848796308040619,2,0.10872846841812134,0.07222267985343933,0.5646981000900269,0.12673784792423248,0.1276128739118576,2,0.11093553155660629,0.0730469599366188,0.5554385781288147,0.12824665009975433,0.13233228027820587
7593,image_820,D:\DataAI\AIEx\newdataset\yolo_f\images\train\Image_820.jpg,0,0,0,0.3275172710418701,0.1422671377658844,0.17081888020038605,0.16386115550994873,0.1955355554819107,0,0.5566603541374207,0.10281356424093246,0.10769423097372055,0.1089031845331192,0.12392868101596832,0,0.5613662600517273,0.10201385617256165,0.10773029178380966,0.10751450806856155,0.12137515097856522
7596,image_8202,D:\DataAI\AIEx\newdataset\yolo_f\images\train\Image_8202.jpg,0,2,2,0.14778555929660797,0.14249065518379211,0.3315655291080475,0.1998426616191864,0.17831559479236603,2,0.08504151552915573,0.06396356225013733,0.5275046229362488,0.22343198955059052,0.10005832463502884,2,0.08749569952487946,0.06460504978895187,0.5184082388877869,0.2258167415857315,0.10367428511381149
7603,image_8209,D:\DataAI\AIEx\newdataset\yolo_f\images\train\Image_8209.jpg,0,1,1,0.15309730172157288,0.3552466928958893,0.1624370664358139,0.16640140116214752,0.16281758248806,2,0.11875882744789124,0.20232245326042175,0.3459509611129761,0.20479297637939453,0.1281747817993164,2,0.11547722667455673,0.21179790794849396,0.34571248292922974,0.1969458907842636,0.13006652891635895
7604,image_821,D:\DataAI\AIEx\newdataset\yolo_f\images\train\Image_821.jpg,0,0,0,0.3229033350944519,0.13902680575847626,0.18044336140155792,0.16416539251804352,0.1934611052274704,0,0.525623083114624,0.09899149090051651,0.1135510504245758,0.1152200773358345,0.14661434292793274,0,0.5355497598648071,0.09714096039533615,0.1130903884768486,0.11307039856910706,0.14114850759506226
7614,image_8226,D:\DataAI\AIEx\newdataset\yolo_f\images\train\Image_8226.jpg,0,1,1,0.14678946137428284,0.4064553678035736,0.14789311587810516,0.1527591496706009,0.1461028754711151,1,0.12114470452070236,0.3170011639595032,0.2510584890842438,0.1758137196302414,0.13498187065124512,1,0.11984119564294815,0.3291245996952057,0.24064618349075317,0.17302340269088745,0.13736459612846375
7617,image_8238,D:\DataAI\AIEx\newdataset\yolo_f\images\train\Image_8238.jpg,0,2,2,0.1573023647069931,0.1707950085401535,0.3059731423854828,0.18853434920310974,0.17739519476890564,2,0.07643121480941772,0.06760475039482117,0.5374504327774048,0.2039203941822052,0.11459317803382874,2,0.07679340243339539,0.07042783498764038,0.5311594605445862,0.2016141563653946,0.12000518292188644
7620,image_8247,D:\DataAI\AIEx\newdataset\yolo_f\images\train\Image_8247.jpg,0,2,2,0.15558172762393951,0.1271931678056717,0.3545336425304413,0.16824905574321747,0.19444237649440765,2,0.0749579593539238,0.04731405898928642,0.6056228280067444,0.15432365238666534,0.11778144538402557,2,0.0769837349653244,0.048770442605018616,0.5961034297943115,0.15679296851158142,0.12134936451911926
7624,image_8251,D:\DataAI\AIEx\newdataset\yolo_f\images\train\Image_8251.jpg,0,2,2,0.15662305057048798,0.11349023878574371,0.33915823698043823,0.19490405917167664,0.1958245187997818,2,0.07348096370697021,0.04623636230826378,0.5121277570724487,0.24764251708984375,0.12051242589950562,2,0.07441877573728561,0.04788351431488991,0.5084254741668701,0.24437794089317322,0.12489428371191025
7633,image_8267,D:\DataAI\AIEx\newdataset\yolo_f\images\train\Image_8267.jpg,0,2,2,0.15779918432235718,0.13853280246257782,0.3458005487918854,0.18052485585212708,0.17734259366989136,2,0.08343406021595001,0.0585317425429821,0.5587443113327026,0.1875496804714203,0.11174017190933228,2,0.0864483043551445,0.060736481100320816,0.5460359454154968,0.19087977707386017,0.11589951813220978
7648,image_829,D:\DataAI\AIEx\newdataset\yolo_f\images\train\Image_829.jpg,0,0,0,0.32059869170188904,0.13772138953208923,0.18317356705665588,0.1763107180595398,0.18219567835330963,0,0.5111477971076965,0.11921650916337967,0.11387164890766144,0.12686005234718323,0.12890399992465973,0,0.5200169086456299,0.11649132519960403,0.11349458992481232,0.12416358292102814,0.12583358585834503
7649,image_829,D:\DataAI\AIEx\newdataset\yolo_f\images\train\Image_829.jpg,0,0,0,0.33968833088874817,0.137170672416687,0.15384232997894287,0.17960120737552643,0.18969744443893433,0,0.5229036211967468,0.14585985243320465,0.08778726309537888,0.1178179532289505,0.12563130259513855,0,0.5228148102760315,0.14830425381660461,0.0881771594285965,0.11761098355054855,0.12309274822473526
7652,image_8293,D:\DataAI\AIEx\newdataset\yolo_f\images\train\Image_8293.jpg,0,2,2,0.16054217517375946,0.1437302976846695,0.3631610572338104,0.14659571647644043,0.18597078323364258,2,0.0724828764796257,0.052971966564655304,0.632498562335968,0.13714352250099182,0.10490307956933975,2,0.07469898462295532,0.0546049103140831,0.6231397986412048,0.1388826221227646,0.10867369920015335
7656,image_830,D:\DataAI\AIEx\newdataset\yolo_f\images\train\Image_830.jpg,0,0,0,0.3321078419685364,0.11916860193014145,0.1928495615720749,0.1878940761089325,0.1679799109697342,0,0.5269808173179626,0.09719667583703995,0.12725712358951569,0.12787777185440063,0.12068762630224228,0,0.5337651968002319,0.0950244888663292,0.12710459530353546,0.12610584497451782,0.11799982190132141
7657,image_830,D:\DataAI\AIEx\newdataset\yolo_f\images\train\Image_830.jpg,0,0,0,0.33613845705986023,0.11827345192432404,0.17436237633228302,0.17866574227809906,0.19256001710891724,0,0.5312855243682861,0.11071134358644485,0.10535760223865509,0.12302776426076889,0.12961775064468384,0,0.5391834378242493,0.10830742865800858,0.10455305129289627,0.12284841388463974,0.12510766088962555
7662,image_8304,D:\DataAI\AIEx\newdataset\yolo_f\images\train\Image_8304.jpg,0,2,2,0.16033229231834412,0.18455034494400024,0.3226483464241028,0.14611360430717468,0.18635547161102295,2,0.0862075611948967,0.06919529289007187,0.6031051278114319,0.12771229445934296,0.113779716193676,2,0.08921409398317337,0.07048330456018448,0.59199458360672,0.13012346625328064,0.11818452179431915
7665,image_8307,D:\DataAI\AIEx\newdataset\yolo_f\images\train\Image_8307.jpg,0,2,2,0.1525832861661911,0.17579369246959686,0.32527706027030945,0.1695830523967743,0.17676293849945068,2,0.07622206211090088,0.0649183914065361,0.575027346611023,0.1783473938703537,0.10548476874828339,2,0.07942361384630203,0.06684624403715134,0.5602731108665466,0.1832689791917801,0.11018805205821991
7675,image_8321,D:\DataAI\AIEx\newdataset\yolo_f\images\train\Image_8321.jpg,0,2,2,0.17291997373104095,0.16358277201652527,0.3161916136741638,0.16368533670902252,0.18362027406692505,2,0.0862024575471878,0.072918601334095,0.5197746753692627,0.19030751287937164,0.13079674541950226,2,0.08875101804733276,0.07659171521663666,0.5134549736976624,0.18633459508419037,0.13486763834953308
7677,image_8327,D:\DataAI\AIEx\newdataset\yolo_f\images\train\Image_8327.jpg,0,2,2,0.16874630749225616,0.13390308618545532,0.34559062123298645,0.176729217171669,0.17503079771995544,2,0.08440681546926498,0.055558688938617706,0.5604742765426636,0.19208796322345734,0.10747230052947998,2,0.08565977960824966,0.056668344885110855,0.5572039484977722,0.1889907568693161,0.11147711426019669
7683,image_8335,D:\DataAI\AIEx\newdataset\yolo_f\images\train\Image_8335.jpg,0,2,2,0.16249923408031464,0.14497150480747223,0.35614100098609924,0.15045471489429474,0.18593358993530273,2,0.08033788949251175,0.06456399708986282,0.5754960179328918,0.16470928490161896,0.11489282548427582,2,0.08152466267347336,0.064091257750988,0.5768520832061768,0.1597101092338562,0.11782184988260269
7694,image_836,D:\DataAI\AIEx\newdataset\yolo_f\images\train\Image_836.jpg,0,0,0,0.3229783773422241,0.15252190828323364,0.18161305785179138,0.17215701937675476,0.17072966694831848,0,0.563892126083374,0.10203999280929565,0.11367303878068924,0.11330286413431168,0.10709194093942642,0,0.5725924372673035,0.09939698129892349,0.11274029314517975,0.1112629845738411,0.10400724411010742
7695,image_836,D:\DataAI\AIEx\newdataset\yolo_f\images\train\Image_836.jpg,0,0,0,0.294557124376297,0.14762023091316223,0.17914675176143646,0.18309418857097626,0.19558162987232208,0,0.456041544675827,0.13655070960521698,0.12018919736146927,0.13285411894321442,0.1543644815683365,0,0.46361470222473145,0.13496384024620056,0.11912626028060913,0.1322678029537201,0.15002737939357758
7700,image_8365,D:\DataAI\AIEx\newdataset\yolo_f\images\train\Image_8365.jpg,0,2,2,0.18648000061511993,0.14604097604751587,0.305807888507843,0.205041766166687,0.15662942826747894,2,0.12464535236358643,0.08045312017202377,0.49455568194389343,0.1897190511226654,0.11062675714492798,2,0.12704342603683472,0.08398421853780746,0.48963266611099243,0.18675203621387482,0.11258772015571594
7702,image_8368,D:\DataAI\AIEx\newdataset\yolo_f\images\train\Image_8368.jpg,0,2,2,0.1987934559583664,0.1560308039188385,0.32872870564460754,0.17230136692523956,0.14414562284946442,2,0.14343859255313873,0.09366991370916367,0.5120081901550293,0.15672796964645386,0.09415536373853683,2,0.1462060958147049,0.09731627255678177,0.5052800178527832,0.15464450418949127,0.09655313938856125
7711,image_838,D:\DataAI\AIEx\newdataset\yolo_f\images\train\Image_838.jpg,0,0,0,0.3535817861557007,0.12344256043434143,0.17248935997486115,0.1766931414604187,0.17379309237003326,0,0.6072739958763123,0.08289993554353714,0.09353996813297272,0.10899841785430908,0.10728763043880463,0,0.6141640543937683,0.0825100839138031,0.09262922406196594,0.10706041008234024,0.10363618284463882
7717,image_8386,D:\DataAI\AIEx\newdataset\yolo_f\images\train\Image_8386.jpg,0,2,2,0.18272764980793,0.17690704762935638,0.33317434787750244,0.16641514003276825,0.1407758742570877,2,0.11930394172668457,0.08903137594461441,0.5348098278045654,0.16267207264900208,0.09418277442455292,2,0.12224602699279785,0.09183228015899658,0.5297116637229919,0.16010253131389618,0.09610752016305923
7719,image_8388,D:\DataAI\AIEx\newdataset\yolo_f\images\train\Image_8388.jpg,0,3,3,0.17382867634296417,0.17162738740444183,0.16675208508968353,0.31798818707466125,0.16980363428592682,3,0.08684796839952469,0.06822054088115692,0.18021029233932495,0.5488794445991516,0.11584176868200302,3,0.08795633167028427,0.07173244655132294,0.18726828694343567,0.532661497592926,0.12038138508796692
7727,image_8397,D:\DataAI\AIEx\newdataset\yolo_f\images\train\Image_8397.jpg,0,2,2,0.13203881680965424,0.14166824519634247,0.345337450504303,0.2090790569782257,0.17187641561031342,2,0.068524070084095,0.06265739351511002,0.3837485611438751,0.33864787220954895,0.14642208814620972,2,0.07102298736572266,0.06276804208755493,0.386071115732193,0.33129921555519104,0.1488385945558548
7730,image_84,D:\DataAI\AIEx\newdataset\yolo_f\images\train\Image_84.jpg,0,2,2,0.18158750236034393,0.1425144225358963,0.3319854438304901,0.15623630583286285,0.1876762956380844,2,0.12339743971824646,0.06733230501413345,0.562992513179779,0.11887139827013016,0.12740623950958252,2,0.12716656923294067,0.06932186335325241,0.553517758846283,0.11838812381029129,0.13160569965839386
7733,image_8402,D:\DataAI\AIEx\newdataset\yolo_f\images\train\Image_8402.jpg,0,2,3,0.1707058995962143,0.1357898712158203,0.21153856813907623,0.30297014117240906,0.17899556457996368,3,0.08612551540136337,0.058608703315258026,0.2660086154937744,0.4797755181789398,0.10948158800601959,3,0.08802613615989685,0.06040390580892563,0.2648628056049347,0.47216010093688965,0.11454705148935318
7738,image_8415,D:\DataAI\AIEx\newdataset\yolo_f\images\train\Image_8415.jpg,0,3,3,0.1558113992214203,0.13314189016819,0.21496160328388214,0.29811936616897583,0.19796574115753174,3,0.08849001675844193,0.06019236147403717,0.1776418834924698,0.5256854891777039,0.1479901820421219,3,0.08885449916124344,0.05990416556596756,0.18883615732192993,0.509024441242218,0.15338069200515747
7744,image_8421,D:\DataAI\AIEx\newdataset\yolo_f\images\train\Image_8421.jpg,0,3,3,0.15886838734149933,0.1786680519580841,0.17054003477096558,0.3156484067440033,0.1762751340866089,3,0.0882025957107544,0.07930026203393936,0.1229214072227478,0.5806998014450073,0.12887588143348694,3,0.08780119568109512,0.08128762245178223,0.13230901956558228,0.5648775100708008,0.13372470438480377
7750,image_8428,D:\DataAI\AIEx\newdataset\yolo_f\images\train\Image_8428.jpg,0,3,3,0.16339337825775146,0.1599469780921936,0.19221501052379608,0.3080277442932129,0.17641684412956238,3,0.08919385820627213,0.07069680839776993,0.16678659617900848,0.5569778680801392,0.1163448914885521,3,0.0921863466501236,0.07182862609624863,0.17384295165538788,0.5407989621162415,0.12134312093257904
7756,image_8435,D:\DataAI\AIEx\newdataset\yolo_f\images\train\Image_8435.jpg,0,3,3,0.15016208589076996,0.1496230810880661,0.20002160966396332,0.3304290175437927,0.1697641909122467,3,0.07433915883302689,0.06459233909845352,0.16458794474601746,0.5856471061706543,0.11083349585533142,3,0.07718969136476517,0.06549399346113205,0.17081516981124878,0.5718392729759216,0.11466186493635178
7760,image_8442,D:\DataAI\AIEx\newdataset\yolo_f\images\train\Image_8442.jpg,0,3,3,0.1545964777469635,0.16619475185871124,0.19347093999385834,0.2868086099624634,0.19892923533916473,3,0.0858868658542633,0.07764412462711334,0.13703353703022003,0.5139281153678894,0.18550734221935272,3,0.08788035064935684,0.07945563644170761,0.14612548053264618,0.4973200857639313,0.18921847641468048
7761,image_8447,D:\DataAI\AIEx\newdataset\yolo_f\images\train\Image_8447.jpg,0,3,3,0.17206674814224243,0.15765368938446045,0.20867383480072021,0.28042542934417725,0.18118032813072205,3,0.08282075822353363,0.07252266258001328,0.2701527774333954,0.3986431658267975,0.17586058378219604,3,0.0856437236070633,0.07817873358726501,0.2772035300731659,0.37922531366348267,0.17974868416786194
7774,image_8466,D:\DataAI\AIEx\newdataset\yolo_f\images\train\Image_8466.jpg,0,3,3,0.17487390339374542,0.15891219675540924,0.17468374967575073,0.30955013632774353,0.18198002874851227,3,0.0878729447722435,0.07548042386770248,0.2258732169866562,0.45336848497390747,0.15740500390529633,3,0.09016270190477371,0.08014950901269913,0.2391972690820694,0.42805999517440796,0.16243046522140503
7776,image_847,D:\DataAI\AIEx\newdataset\yolo_f\images\train\Image_847.jpg,0,0,0,0.29926803708076477,0.16354399919509888,0.17044761776924133,0.1701747328042984,0.19656558334827423,0,0.5280599594116211,0.10422013700008392,0.09962646663188934,0.11104663461446762,0.1570468544960022,0,0.5369250774383545,0.1023009642958641,0.09970737993717194,0.10904575884342194,0.15202082693576813
7782,image_8487,D:\DataAI\AIEx\newdataset\yolo_f\images\train\Image_8487.jpg,0,3,3,0.18163210153579712,0.163732647895813,0.13132837414741516,0.3491804599761963,0.17412643134593964,3,0.09753845632076263,0.08303063362836838,0.1624741405248642,0.5509518980979919,0.10600489377975464,3,0.09990482032299042,0.08613618463277817,0.17347513139247894,0.527468740940094,0.11301515251398087
7789,image_8497,D:\DataAI\AIEx\newdataset\yolo_f\images\train\Image_8497.jpg,0,3,3,0.1995440125465393,0.14734746515750885,0.13614316284656525,0.3418165147304535,0.17514891922473907,3,0.11080113053321838,0.07336995005607605,0.1621742993593216,0.5390074253082275,0.11464724689722061,3,0.11461615562438965,0.07795622944831848,0.16947340965270996,0.5180503726005554,0.1199038028717041
7791,image_8500,D:\DataAI\AIEx\newdataset\yolo_f\images\train\Image_8500.jpg,0,3,3,0.20076648890972137,0.13830552995204926,0.1516256183385849,0.31769320368766785,0.19160917401313782,3,0.11305808275938034,0.07026723772287369,0.19064056873321533,0.5022136569023132,0.12382045388221741,3,0.11291234940290451,0.07259810715913773,0.20106825232505798,0.4845576584339142,0.12886358797550201
7800,image_8518,D:\DataAI\AIEx\newdataset\yolo_f\images\train\Image_8518.jpg,0,3,3,0.16580554842948914,0.14216193556785583,0.21189582347869873,0.30220404267311096,0.17793267965316772,3,0.08647885173559189,0.06528086960315704,0.2913094460964203,0.4310506582260132,0.125880166888237,3,0.0883423238992691,0.06716375052928925,0.2941354215145111,0.42333298921585083,0.1270255446434021
7802,image_8524,D:\DataAI\AIEx\newdataset\yolo_f\images\train\Image_8524.jpg,0,2,2,0.150496706366539,0.16608187556266785,0.30182960629463196,0.19932901859283447,0.18226277828216553,2,0.0748429000377655,0.0761178657412529,0.4153575003147125,0.28167152404785156,0.15201018750667572,2,0.07517152279615402,0.0772923156619072,0.41156005859375,0.28082039952278137,0.1551557332277298
7806,image_8532,D:\DataAI\AIEx\newdataset\yolo_f\images\train\Image_8532.jpg,0,2,2,0.13788117468357086,0.15379253029823303,0.31531962752342224,0.19394786655902863,0.19905880093574524,2,0.07489760965108871,0.0671335831284523,0.49993640184402466,0.1956317275762558,0.16240069270133972,2,0.07645878195762634,0.06504248827695847,0.49684712290763855,0.19813835620880127,0.16351334750652313
7812,image_8542,D:\DataAI\AIEx\newdataset\yolo_f\images\train\Image_8542.jpg,0,2,2,0.1369563341140747,0.1427103728055954,0.2907228469848633,0.2353183627128601,0.1942920684814453,3,0.07787425816059113,0.060660481452941895,0.3034665286540985,0.4116417169570923,0.1463569551706314,3,0.07712127268314362,0.062313951551914215,0.310965895652771,0.3994460999965668,0.150152787566185
7818,image_8552,D:\DataAI\AIEx\newdataset\yolo_f\images\train\Image_8552.jpg,0,2,2,0.15266697108745575,0.15443623065948486,0.3460195064544678,0.18447169661521912,0.1624056100845337,2,0.0868944376707077,0.07030503451824188,0.5332368612289429,0.19583144783973694,0.1137322336435318,2,0.09040027856826782,0.06924465298652649,0.5265002846717834,0.19949103891849518,0.11436376720666885
7822,image_8559,D:\DataAI\AIEx\newdataset\yolo_f\images\train\Image_8559.jpg,0,2,2,0.14809858798980713,0.12331143766641617,0.3382067084312439,0.22606314718723297,0.16432012617588043,2,0.08563229441642761,0.05994489789009094,0.401216059923172,0.3232094347476959,0.12999725341796875,2,0.0865025743842125,0.05994606390595436,0.40271374583244324,0.3194585144519806,0.13137906789779663
7832,image_8570,D:\DataAI\AIEx\newdataset\yolo_f\images\train\Image_8570.jpg,0,2,2,0.13843227922916412,0.12412595748901367,0.3704444468021393,0.21167081594467163,0.15532653033733368,2,0.0781787857413292,0.060933515429496765,0.3718567490577698,0.34567901492118835,0.1433519870042801,2,0.08028513938188553,0.05824551731348038,0.3682529926300049,0.34868356585502625,0.14453276991844177
7835,image_8576,D:\DataAI\AIEx\newdataset\yolo_f\images\train\Image_8576.jpg,0,2,2,0.16408638656139374,0.16672606766223907,0.25559914112091064,0.2275484800338745,0.1860399842262268,2,0.12019623070955276,0.10180827230215073,0.363957017660141,0.27772772312164307,0.13631069660186768,2,0.12379548698663712,0.10313434153795242,0.3568272590637207,0.27971693873405457,0.13652600347995758
7837,image_858,D:\DataAI\AIEx\newdataset\yolo_f\images\train\Image_858.jpg,0,0,0,0.35234081745147705,0.12461928278207779,0.17276902496814728,0.16900280117988586,0.18126800656318665,0,0.6275937557220459,0.08210579305887222,0.09222718328237534,0.10105475783348083,0.0970185399055481,0,0.6337124109268188,0.08076287806034088,0.09068097919225693,0.10044842958450317,0.0943952351808548
7845,image_8593,D:\DataAI\AIEx\newdataset\yolo_f\images\train\Image_8593.jpg,0,2,2,0.16828912496566772,0.15945850312709808,0.31467974185943604,0.19807279109954834,0.159499853849411,2,0.10770785808563232,0.0786469355225563,0.42250970005989075,0.2805294990539551,0.11060602962970734,2,0.10961107164621353,0.07981622219085693,0.4131966233253479,0.2835581600666046,0.11381790041923523
7851,image_86,D:\DataAI\AIEx\newdataset\yolo_f\images\train\Image_86.jpg,0,0,0,0.2635980546474457,0.23474083840847015,0.1641658991575241,0.17389647662639618,0.16359876096248627,0,0.38652724027633667,0.2449248731136322,0.1179787740111351,0.11121496558189392,0.1393541395664215,0,0.3862760066986084,0.2449268102645874,0.11877240985631943,0.11213045567274094,0.13789433240890503
7852,image_86,D:\DataAI\AIEx\newdataset\yolo_f\images\train\Image_86.jpg,0,0,0,0.2537280321121216,0.20286275446414948,0.1494496911764145,0.17636723816394806,0.21759232878684998,0,0.32141193747520447,0.20713376998901367,0.10051820427179337,0.10576657950878143,0.2651694416999817,0,0.32196012139320374,0.20534639060497284,0.10344584286212921,0.10645586997270584,0.2627916932106018
7854,image_8600,D:\DataAI\AIEx\newdataset\yolo_f\images\train\Image_8600.jpg,0,2,2,0.15330326557159424,0.14712409675121307,0.2918621003627777,0.2036002278327942,0.20411032438278198,2,0.0995827168226242,0.07303332537412643,0.4434652328491211,0.2573602795600891,0.12655843794345856,2,0.1012209951877594,0.07263140380382538,0.43703439831733704,0.259117990732193,0.12999509274959564
7856,image_8602,D:\DataAI\AIEx\newdataset\yolo_f\images\train\Image_8602.jpg,0,2,2,0.17444004118442535,0.18137632310390472,0.2686099708080292,0.19064192473888397,0.18493172526359558,2,0.10608546435832977,0.08495471626520157,0.42993393540382385,0.2714301645755768,0.10759568959474564,2,0.10666858404874802,0.08504241704940796,0.4268769323825836,0.27006596326828003,0.11134617030620575
7859,image_8605,D:\DataAI\AIEx\newdataset\yolo_f\images\train\Image_8605.jpg,0,2,2,0.14944113790988922,0.14524343609809875,0.3392924666404724,0.19314292073249817,0.17288005352020264,2,0.0901620090007782,0.06513286381959915,0.511981189250946,0.22588852047920227,0.10683539509773254,2,0.0916646346449852,0.06422602385282516,0.5030223727226257,0.23196175694465637,0.10912521183490753
7862,image_8610,D:\DataAI\AIEx\newdataset\yolo_f\images\train\Image_8610.jpg,0,2,2,0.161244198679924,0.15983253717422485,0.283761203289032,0.2293190062046051,0.16584309935569763,2,0.08496177196502686,0.0661020576953888,0.40139496326446533,0.3425706624984741,0.1049705520272255,2,0.085765041410923,0.06709758937358856,0.3953298330307007,0.34356558322906494,0.10824195295572281
7868,image_8617,D:\DataAI\AIEx\newdataset\yolo_f\images\train\Image_8617.jpg,0,2,2,0.1450866162776947,0.13331496715545654,0.36868467926979065,0.17082731425762177,0.18208639323711395,2,0.07349208742380142,0.05017057806253433,0.5505214929580688,0.21119076013565063,0.11462501436471939,2,0.07603468745946884,0.050616879016160965,0.528144121170044,0.22467154264450073,0.12053277343511581
7872,image_8623,D:\DataAI\AIEx\newdataset\yolo_f\images\train\Image_8623.jpg,0,2,2,0.14765645563602448,0.16496409475803375,0.34529486298561096,0.1690366268157959,0.1730479598045349,2,0.08024513721466064,0.05990670621395111,0.5586806535720825,0.19267134368419647,0.10849615931510925,2,0.08161766827106476,0.059924881905317307,0.5461927056312561,0.19812610745429993,0.11413855850696564
7879,image_8632,D:\DataAI\AIEx\newdataset\yolo_f\images\train\Image_8632.jpg,0,2,2,0.17895901203155518,0.1751806139945984,0.31423795223236084,0.17913207411766052,0.1524903029203415,2,0.13369126617908478,0.10493545979261398,0.46625322103500366,0.1867344081401825,0.10838564485311508,2,0.1328059434890747,0.10331426560878754,0.4688812494277954,0.18451081216335297,0.11048763245344162
7886,image_864,D:\DataAI\AIEx\newdataset\yolo_f\images\train\Image_864.jpg,0,0,0,0.33724382519721985,0.1285967379808426,0.16429069638252258,0.17665301263332367,0.1932157427072525,0,0.5753779411315918,0.08368173241615295,0.09754665940999985,0.11537279188632965,0.12802088260650635,0,0.5809372067451477,0.08271677047014236,0.09730202704668045,0.11401792615652084,0.12502612173557281
7887,image_8640,D:\DataAI\AIEx\newdataset\yolo_f\images\train\Image_8640.jpg,0,2,2,0.17719438672065735,0.15976110100746155,0.31228765845298767,0.1990688443183899,0.15168794989585876,2,0.11446688324213028,0.07903366535902023,0.44495290517807007,0.2496483027935028,0.11189822107553482,2,0.1148933619260788,0.07726921141147614,0.4483949542045593,0.24652142822742462,0.11292105913162231
7900,image_8659,D:\DataAI\AIEx\newdataset\yolo_f\images\train\Image_8659.jpg,0,2,2,0.14860399067401886,0.1401829868555069,0.2960438132286072,0.21863463521003723,0.19653457403182983,2,0.0819125697016716,0.054870545864105225,0.4527975618839264,0.2828685939311981,0.12755067646503448,2,0.08299785852432251,0.05619402974843979,0.4482099711894989,0.2813584804534912,0.1312396228313446
7901,image_8660,D:\DataAI\AIEx\newdataset\yolo_f\images\train\Image_8660.jpg,0,2,2,0.15773184597492218,0.1524461805820465,0.32966646552085876,0.18214796483516693,0.1780075579881668,2,0.08682712912559509,0.06068805605173111,0.48983290791511536,0.24778005480766296,0.11487182974815369,2,0.08958259969949722,0.06291893869638443,0.47504591941833496,0.25327616930007935,0.11917629837989807
7911,image_868,D:\DataAI\AIEx\newdataset\yolo_f\images\train\Image_868.jpg,0,0,0,0.3286154270172119,0.11891252547502518,0.19320784509181976,0.1917390376329422,0.16752517223358154,0,0.5426820516586304,0.10374555736780167,0.11684728413820267,0.1362859308719635,0.10043925046920776,0,0.5509955883026123,0.10085106641054153,0.11640939861536026,0.133756622672081,0.0979873538017273
7916,image_8684,D:\DataAI\AIEx\newdataset\yolo_f\images\train\Image_8684.jpg,0,0,0,0.32841622829437256,0.14973624050617218,0.18034331500530243,0.16623811423778534,0.1752661019563675,0,0.4531446695327759,0.11516299843788147,0.1313779354095459,0.1167101040482521,0.18360428512096405,0,0.46061351895332336,0.1113254576921463,0.13297204673290253,0.11533977091312408,0.17974919080734253
7919,image_8687,D:\DataAI\AIEx\newdataset\yolo_f\images\train\Image_8687.jpg,0,0,0,0.30394428968429565,0.1439143270254135,0.18862444162368774,0.1821841448545456,0.1813327968120575,0,0.3979090750217438,0.12776844203472137,0.14509154856204987,0.13494203984737396,0.1942889541387558,0,0.40850239992141724,0.12105828523635864,0.1469661295413971,0.13239116966724396,0.19108201563358307
7922,image_869,D:\DataAI\AIEx\newdataset\yolo_f\images\train\Image_869.jpg,0,0,0,0.34136760234832764,0.1176401823759079,0.198512464761734,0.17991124093532562,0.16256847977638245,0,0.5566094517707825,0.10454006493091583,0.11954754590988159,0.1185474693775177,0.10075544565916061,0,0.5639632344245911,0.10313016921281815,0.11834181100130081,0.11647003889083862,0.09809473901987076
7929,image_8699,D:\DataAI\AIEx\newdataset\yolo_f\images\train\Image_8699.jpg,0,1,1,0.212941512465477,0.29798969626426697,0.15273301303386688,0.1439085602760315,0.19242724776268005,1,0.26191094517707825,0.27118703722953796,0.1340084969997406,0.11511597037315369,0.2177775800228119,1,0.26121434569358826,0.27892178297042847,0.13312776386737823,0.11288896203041077,0.21384720504283905
7936,image_8706,D:\DataAI\AIEx\newdataset\yolo_f\images\train\Image_8706.jpg,0,1,1,0.218797966837883,0.3280583322048187,0.1293654888868332,0.13998395204544067,0.1837942898273468,0,0.2981443703174591,0.2962740957736969,0.11355814337730408,0.11952470988035202,0.1724986582994461,1,0.294179230928421,0.3053819537162781,0.11315162479877472,0.11639070510864258,0.1708964705467224
7937,image_8707,D:\DataAI\AIEx\newdataset\yolo_f\images\train\Image_8707.jpg,0,0,0,0.331895649433136,0.16377075016498566,0.1744188517332077,0.16263802349567413,0.16727671027183533,0,0.5015814304351807,0.1040295958518982,0.13187721371650696,0.117940254509449,0.14457149803638458,0,0.5098351836204529,0.10189516842365265,0.13093554973602295,0.11567884683609009,0.14165528118610382
7941,image_8711,D:\DataAI\AIEx\newdataset\yolo_f\images\train\Image_8711.jpg,0,0,0,0.2691816985607147,0.2247665375471115,0.16966602206230164,0.1547287404537201,0.18165703117847443,0,0.4497642517089844,0.12007797509431839,0.125528484582901,0.11436909437179565,0.19026020169258118,0,0.4572807550430298,0.11673855036497116,0.12553909420967102,0.11219905316829681,0.18824253976345062
7949,image_8723,D:\DataAI\AIEx\newdataset\yolo_f\images\train\Image_8723.jpg,0,2,2,0.21627023816108704,0.19411753118038177,0.2770758867263794,0.17818424105644226,0.13435210287570953,2,0.17927749454975128,0.08167566359043121,0.4919146001338959,0.15127816796302795,0.09585408866405487,2,0.18357904255390167,0.08474847674369812,0.4799708425998688,0.15511780977249146,0.09658386558294296
7957,image_8737,D:\DataAI\AIEx\newdataset\yolo_f\images\train\Image_8737.jpg,0,1,1,0.18098899722099304,0.3805173337459564,0.16192860901355743,0.13817879557609558,0.1383863240480423,1,0.211588054895401,0.4171719253063202,0.1452917605638504,0.11342719197273254,0.11252105981111526,1,0.20734578371047974,0.42426207661628723,0.14652471244335175,0.11134343594312668,0.1105240136384964
7959,image_8739,D:\DataAI\AIEx\newdataset\yolo_f\images\train\Image_8739.jpg,0,1,1,0.18360328674316406,0.3406551480293274,0.17734278738498688,0.13231141865253448,0.1660873144865036,1,0.2208324521780014,0.32713937759399414,0.15237216651439667,0.10300029814243317,0.19665569067001343,1,0.21940535306930542,0.3345736861228943,0.15189993381500244,0.10149163007736206,0.19262933731079102
7965,image_8761,D:\DataAI\AIEx\newdataset\yolo_f\images\train\Image_8761.jpg,0,2,2,0.21199609339237213,0.18708795309066772,0.26483777165412903,0.16980436444282532,0.166273832321167,2,0.14691729843616486,0.10878850519657135,0.4719349145889282,0.15679721534252167,0.1155620738863945,2,0.14922593533992767,0.11048151552677155,0.4649088680744171,0.15631985664367676,0.11906382441520691
7973,image_877,D:\DataAI\AIEx\newdataset\yolo_f\images\train\Image_877.jpg,0,0,0,0.32058435678482056,0.1317182034254074,0.18417884409427643,0.18001294136047363,0.1835056096315384,0,0.5483716726303101,0.0913715735077858,0.11175528913736343,0.12753935158252716,0.12096207588911057,0,0.5572353005409241,0.08798772841691971,0.11192522197961807,0.1249416172504425,0.11791013181209564
7976,image_8781,D:\DataAI\AIEx\newdataset\yolo_f\images\train\Image_8781.jpg,0,1,1,0.18376322090625763,0.28582632541656494,0.16956257820129395,0.18792103230953217,0.17292678356170654,1,0.21477660536766052,0.329608678817749,0.1279270201921463,0.15530936419963837,0.17237836122512817,1,0.21097975969314575,0.3368530869483948,0.1315741091966629,0.15140758454799652,0.16918545961380005
7978,image_8784,D:\DataAI\AIEx\newdataset\yolo_f\images\train\Image_8784.jpg,0,2,1,0.13530810177326202,0.2687400281429291,0.2512756884098053,0.17334242165088654,0.17133373022079468,2,0.1187751367688179,0.15270495414733887,0.42250919342041016,0.17863893508911133,0.12737177312374115,2,0.11967305094003677,0.15695324540138245,0.41576799750328064,0.17690615355968475,0.1306995451450348
7985,image_8799,D:\DataAI\AIEx\newdataset\yolo_f\images\train\Image_8799.jpg,0,2,2,0.14164498448371887,0.18742530047893524,0.3029502332210541,0.1926182061433792,0.1753612756729126,2,0.08553451299667358,0.0772007629275322,0.5608483552932739,0.1663859784603119,0.11003031581640244,2,0.08632846176624298,0.07812993228435516,0.5508677363395691,0.1698264628648758,0.11484739184379578
7988,image_8804,D:\DataAI\AIEx\newdataset\yolo_f\images\train\Image_8804.jpg,0,2,2,0.1699645221233368,0.1806151568889618,0.30130138993263245,0.1676211655139923,0.18049779534339905,2,0.12342208623886108,0.09665420651435852,0.5017527937889099,0.1487044095993042,0.1294664740562439,2,0.12424635142087936,0.09622650593519211,0.4992709755897522,0.14771471917629242,0.13254143297672272
7998,image_8824,D:\DataAI\AIEx\newdataset\yolo_f\images\train\Image_8824.jpg,0,2,2,0.1613519787788391,0.14546215534210205,0.32564038038253784,0.1990051120519638,0.1685403287410736,2,0.08471152931451797,0.05657811835408211,0.5478373765945435,0.2046193778514862,0.10625360161066055,2,0.08436012268066406,0.057765889912843704,0.5482457280158997,0.20064584910869598,0.10898233950138092
8006,image_8836,D:\DataAI\AIEx\newdataset\yolo_f\images\train\Image_8836.jpg,0,2,2,0.1563883274793625,0.16006089746952057,0.30469468235969543,0.1972276270389557,0.1816285103559494,2,0.08290216326713562,0.057192113250494,0.5233977437019348,0.21918633580207825,0.11732164025306702,2,0.08317244797945023,0.05869486555457115,0.5264503359794617,0.21393106877803802,0.11775124818086624
8007,image_8837,D:\DataAI\AIEx\newdataset\yolo_f\images\train\Image_8837.jpg,0,2,2,0.1596086472272873,0.14835965633392334,0.32318973541259766,0.19938962161540985,0.16945227980613708,2,0.09780990332365036,0.06906261295080185,0.4941878914833069,0.2212306261062622,0.11770903319120407,2,0.09691447764635086,0.07110018283128738,0.49713823199272156,0.2149476706981659,0.11989941447973251
8013,image_8842,D:\DataAI\AIEx\newdataset\yolo_f\images\train\Image_8842.jpg,0,3,3,0.17690636217594147,0.1627817302942276,0.16824021935462952,0.3044690489768982,0.1876026690006256,3,0.09423331916332245,0.07227876782417297,0.1304594874382019,0.5944207906723022,0.10860759019851685,3,0.09628043323755264,0.07396882772445679,0.14164341986179352,0.5717748999595642,0.11633247137069702
8014,image_8843,D:\DataAI\AIEx\newdataset\yolo_f\images\train\Image_8843.jpg,0,3,3,0.17539313435554504,0.16942274570465088,0.17528486251831055,0.30079972743988037,0.17909957468509674,3,0.09381572157144547,0.07241598516702652,0.13153555989265442,0.5898915529251099,0.11234118789434433,3,0.09578254073858261,0.07385813444852829,0.143726646900177,0.566624641418457,0.12000810354948044
8022,image_8850,D:\DataAI\AIEx\newdataset\yolo_f\images\train\Image_8850.jpg,0,3,3,0.18595032393932343,0.14951589703559875,0.1778852939605713,0.308829128742218,0.1778193712234497,3,0.10177196562290192,0.06413940340280533,0.12662027776241302,0.5969507098197937,0.11051765084266663,3,0.10482878237962723,0.0665125697851181,0.13515517115592957,0.5772449374198914,0.11625852435827255
8031,image_8859,D:\DataAI\AIEx\newdataset\yolo_f\images\train\Image_8859.jpg,0,3,3,0.1844889372587204,0.15129786729812622,0.17095458507537842,0.306353360414505,0.18690520524978638,3,0.09764248132705688,0.06452532112598419,0.11635232716798782,0.6008946299552917,0.12058526277542114,3,0.10043665766716003,0.06800372898578644,0.12537707388401031,0.5782107710838318,0.1279718279838562
8033,image_8860,D:\DataAI\AIEx\newdataset\yolo_f\images\train\Image_8860.jpg,0,3,3,0.18648244440555573,0.15626244246959686,0.17213498055934906,0.30753007531166077,0.1775900423526764,3,0.10074231773614883,0.07075034081935883,0.12426187098026276,0.5877313613891602,0.11651408672332764,3,0.10362700372934341,0.07388965785503387,0.1332269310951233,0.5658715963363647,0.12338487058877945
8040,image_8868,D:\DataAI\AIEx\newdataset\yolo_f\images\train\Image_8868.jpg,0,3,3,0.16772395372390747,0.17286476492881775,0.15412497520446777,0.31916430592536926,0.18612194061279297,3,0.08855018764734268,0.08337926119565964,0.1253659427165985,0.5906960368156433,0.11200857162475586,3,0.08938253670930862,0.08554064482450485,0.13487200438976288,0.569953441619873,0.12025132775306702
8043,image_8870,D:\DataAI\AIEx\newdataset\yolo_f\images\train\Image_8870.jpg,0,3,3,0.16293302178382874,0.20300355553627014,0.15962517261505127,0.2989048361778259,0.17553335428237915,3,0.09118175506591797,0.09092491865158081,0.12432841211557388,0.5905582308769226,0.10300666838884354,3,0.09440861642360687,0.09384201467037201,0.13226746022701263,0.57082599401474,0.10865592956542969
8044,image_8871,D:\DataAI\AIEx\newdataset\yolo_f\images\train\Image_8871.jpg,0,3,3,0.162085622549057,0.19353307783603668,0.1639411300420761,0.30198934674263,0.17845085263252258,3,0.09013200551271439,0.08804595470428467,0.1302127093076706,0.5861800909042358,0.10542930662631989,3,0.09289513528347015,0.08919013291597366,0.1371062844991684,0.5689792633056641,0.11182921379804611
8048,image_8875,D:\DataAI\AIEx\newdataset\yolo_f\images\train\Image_8875.jpg,0,3,3,0.16703853011131287,0.19065424799919128,0.1650918871164322,0.3033359944820404,0.17387929558753967,3,0.09283098578453064,0.08803335577249527,0.12816588580608368,0.5845756530761719,0.10639410465955734,3,0.0963689535856247,0.09054943919181824,0.13597644865512848,0.5654199123382568,0.11168523877859116
8051,image_8878,D:\DataAI\AIEx\newdataset\yolo_f\images\train\Image_8878.jpg,0,3,3,0.1757231056690216,0.14671005308628082,0.16777403652668,0.3142596483230591,0.19553309679031372,3,0.09191196411848068,0.06797149777412415,0.12271951138973236,0.595471978187561,0.1219250038266182,3,0.09424883127212524,0.07029490172863007,0.13202838599681854,0.5741536617279053,0.1292741447687149
8056,image_8882,D:\DataAI\AIEx\newdataset\yolo_f\images\train\Image_8882.jpg,0,3,3,0.19862213730812073,0.15351806581020355,0.16775807738304138,0.302340567111969,0.17776112258434296,3,0.11347701400518417,0.07727480679750443,0.12614984810352325,0.5712607502937317,0.11183761805295944,3,0.11510324478149414,0.07959295809268951,0.1355687528848648,0.5513026714324951,0.1184324100613594
8063,image_8889,D:\DataAI\AIEx\newdataset\yolo_f\images\train\Image_8889.jpg,0,3,3,0.1729876697063446,0.17116780579090118,0.16930875182151794,0.3037094473838806,0.18282629549503326,3,0.09568510949611664,0.07873760908842087,0.1295294314622879,0.5783264636993408,0.11772137135267258,3,0.09794528782367706,0.08112715184688568,0.1383005976676941,0.5571946501731873,0.1254323124885559
8067,image_8893,D:\DataAI\AIEx\newdataset\yolo_f\images\train\Image_8893.jpg,0,3,3,0.16960163414478302,0.1752784550189972,0.17003020644187927,0.30944475531578064,0.17564494907855988,3,0.09696975350379944,0.07520859688520432,0.12371950596570969,0.5916996598243713,0.11240247637033463,3,0.0987263023853302,0.07838854193687439,0.13325615227222443,0.5701771974563599,0.11945183575153351
8076,image_8900,D:\DataAI\AIEx\newdataset\yolo_f\images\train\Image_8900.jpg,0,3,3,0.18071845173835754,0.14858676493167877,0.16014309227466583,0.30760058760643005,0.202951118350029,3,0.09670114517211914,0.06288758665323257,0.1122492253780365,0.5941844582557678,0.13397753238677979,3,0.09936702251434326,0.06676796823740005,0.12140733748674393,0.5710686445236206,0.14138898253440857
8078,image_8902,D:\DataAI\AIEx\newdataset\yolo_f\images\train\Image_8902.jpg,0,3,3,0.18683673441410065,0.14590342342853546,0.1718490868806839,0.3067033588886261,0.1887073516845703,3,0.10334762930870056,0.06199483945965767,0.11759316176176071,0.5957372188568115,0.12132715433835983,3,0.10596267879009247,0.0641673132777214,0.12801103293895721,0.5729204416275024,0.12893860042095184
8080,image_8904,D:\DataAI\AIEx\newdataset\yolo_f\images\train\Image_8904.jpg,0,3,3,0.16776679456233978,0.1788901388645172,0.15957564115524292,0.31794318556785583,0.17582422494888306,3,0.08870698511600494,0.07551134377717972,0.1128598228096962,0.6128175258636475,0.11010432988405228,3,0.09103325754404068,0.07823984324932098,0.12281428277492523,0.5921167731285095,0.11579590290784836
8082,image_8906,D:\DataAI\AIEx\newdataset\yolo_f\images\train\Image_8906.jpg,0,3,3,0.1695622205734253,0.1731058806180954,0.1765103042125702,0.3055150806903839,0.175306499004364,3,0.089533731341362,0.07268249243497849,0.1281042993068695,0.5969392657279968,0.11274020373821259,3,0.09176702052354813,0.07627113163471222,0.13832320272922516,0.574945867061615,0.11869283020496368
8093,image_8916,D:\DataAI\AIEx\newdataset\yolo_f\images\train\Image_8916.jpg,0,3,3,0.17652975022792816,0.1729772835969925,0.15589219331741333,0.3219192624092102,0.1726815402507782,3,0.09893079102039337,0.07728362083435059,0.11511564254760742,0.601438045501709,0.10723190754652023,3,0.10114950686693192,0.08129027485847473,0.12387387454509735,0.5799801349639893,0.11370623856782913
8098,image_8920,D:\DataAI\AIEx\newdataset\yolo_f\images\train\Image_8920.jpg,0,3,3,0.16213807463645935,0.18788780272006989,0.16992954909801483,0.30153822898864746,0.17850635945796967,3,0.08976408839225769,0.08447358012199402,0.1273202896118164,0.5862483978271484,0.11219357699155807,3,0.09236199408769608,0.0882323607802391,0.1366906315088272,0.5645625591278076,0.11815247684717178
8103,image_8925,D:\DataAI\AIEx\newdataset\yolo_f\images\train\Image_8925.jpg,0,2,2,0.17110426723957062,0.1510637253522873,0.3471004068851471,0.17965610325336456,0.15107549726963043,2,0.10662239789962769,0.07090502232313156,0.4489227831363678,0.2806593179702759,0.09289050847291946,2,0.10637114197015762,0.0703871101140976,0.45292624831199646,0.2734230160713196,0.09689246118068695
8109,image_8930,D:\DataAI\AIEx\newdataset\yolo_f\images\train\Image_8930.jpg,0,2,2,0.17500682175159454,0.14680662751197815,0.3558351397514343,0.1565191149711609,0.1658322960138321,2,0.09397213160991669,0.06274224072694778,0.5828787684440613,0.16079936921596527,0.09960751235485077,2,0.09732402116060257,0.06122269108891487,0.5767078399658203,0.1623249500989914,0.10242047905921936
8110,image_8931,D:\DataAI\AIEx\newdataset\yolo_f\images\train\Image_8931.jpg,0,2,2,0.1874055415391922,0.12772049009799957,0.35140034556388855,0.16504766047000885,0.16842594742774963,2,0.1038607805967331,0.055145252496004105,0.546836256980896,0.1923869550228119,0.10177077353000641,2,0.10753661394119263,0.055668022483587265,0.5431311726570129,0.18935751914978027,0.10430668294429779
8116,image_8937,D:\DataAI\AIEx\newdataset\yolo_f\images\train\Image_8937.jpg,0,2,2,0.18169115483760834,0.14165109395980835,0.34290608763694763,0.17785634100437164,0.15589529275894165,2,0.11540669202804565,0.06118481606245041,0.4530589282512665,0.27976006269454956,0.09058944135904312,2,0.11624165624380112,0.06298969686031342,0.46140414476394653,0.2646166980266571,0.09474776685237885
8121,image_8941,D:\DataAI\AIEx\newdataset\yolo_f\images\train\Image_8941.jpg,0,2,2,0.18052513897418976,0.13506671786308289,0.3572576344013214,0.17288312315940857,0.15426737070083618,2,0.10804735124111176,0.05840354412794113,0.490136057138443,0.25318631529808044,0.0902266651391983,2,0.1079004630446434,0.060788437724113464,0.4919339418411255,0.2440606653690338,0.09531653672456741
8131,image_8951,D:\DataAI\AIEx\newdataset\yolo_f\images\train\Image_8951.jpg,0,2,2,0.16659606993198395,0.134748637676239,0.37841033935546875,0.1670667678117752,0.15317821502685547,2,0.09916037321090698,0.058866556733846664,0.5133399367332458,0.23547109961509705,0.09316205233335495,2,0.0996212288737297,0.05925840884447098,0.5150694251060486,0.22999928891658783,0.09605170041322708
8133,image_8953,D:\DataAI\AIEx\newdataset\yolo_f\images\train\Image_8953.jpg,0,2,2,0.15793971717357635,0.13675549626350403,0.38630548119544983,0.165413960814476,0.15358535945415497,2,0.0950215682387352,0.05681295320391655,0.5163238048553467,0.23788398504257202,0.09395767003297806,2,0.09389203786849976,0.057540230453014374,0.5211670994758606,0.2303505390882492,0.0970500111579895
8140,image_8960,D:\DataAI\AIEx\newdataset\yolo_f\images\train\Image_8960.jpg,0,2,2,0.1676645576953888,0.1480027288198471,0.35810136795043945,0.17755988240242004,0.1486714780330658,2,0.10475759208202362,0.06402023136615753,0.5016235113143921,0.24322573840618134,0.08637288212776184,2,0.10651388019323349,0.06492830812931061,0.501459002494812,0.23795582354068756,0.08914294838905334
8145,image_8965,D:\DataAI\AIEx\newdataset\yolo_f\images\train\Image_8965.jpg,0,3,3,0.17800013720989227,0.14808990061283112,0.1905391812324524,0.305803120136261,0.17756764590740204,3,0.09121900796890259,0.0630229115486145,0.13595031201839447,0.5801404118537903,0.12966731190681458,3,0.09445901960134506,0.06512068212032318,0.14321956038475037,0.5595066547393799,0.13769404590129852
8154,image_8974,D:\DataAI\AIEx\newdataset\yolo_f\images\train\Image_8974.jpg,0,3,3,0.17877350747585297,0.16077004373073578,0.1679283082485199,0.30934032797813416,0.18318778276443481,3,0.08897082507610321,0.06800277531147003,0.12756682932376862,0.597394585609436,0.1180649846792221,3,0.09215641021728516,0.07183361053466797,0.13572348654270172,0.5749993324279785,0.12528719007968903
8158,image_8978,D:\DataAI\AIEx\newdataset\yolo_f\images\train\Image_8978.jpg,0,3,3,0.1716247797012329,0.16439716517925262,0.18325048685073853,0.2951446771621704,0.18558290600776672,3,0.09151890128850937,0.06919968873262405,0.14444337785243988,0.5764834880828857,0.11835456639528275,3,0.09382937848567963,0.07261443883180618,0.15189453959465027,0.5547007918357849,0.1269608587026596
8163,image_8982,D:\DataAI\AIEx\newdataset\yolo_f\images\train\Image_8982.jpg,0,3,3,0.17325127124786377,0.16801436245441437,0.1824483424425125,0.29916897416114807,0.17711706459522247,3,0.09016352891921997,0.07356149703264236,0.1308109015226364,0.5872189998626709,0.11824501305818558,3,0.09262286871671677,0.07688478380441666,0.1399596929550171,0.5652546882629395,0.12527795135974884
8167,image_8986,D:\DataAI\AIEx\newdataset\yolo_f\images\train\Image_8986.jpg,0,3,3,0.16689546406269073,0.16315744817256927,0.19055472314357758,0.30326059460639954,0.17613168060779572,3,0.08832462131977081,0.06826081871986389,0.1298850178718567,0.5924668312072754,0.12106272578239441,3,0.08925814926624298,0.07106664031744003,0.14142440259456635,0.569433331489563,0.12881754338741302
8174,image_8992,D:\DataAI\AIEx\newdataset\yolo_f\images\train\Image_8992.jpg,0,3,3,0.17623887956142426,0.14541687071323395,0.18763205409049988,0.3107597529888153,0.1799524426460266,3,0.09836893528699875,0.06390555202960968,0.1394910216331482,0.5844172239303589,0.1138172522187233,3,0.09932056069374084,0.06729305535554886,0.1513640582561493,0.5599965453147888,0.12202579528093338
8179,image_8997,D:\DataAI\AIEx\newdataset\yolo_f\images\train\Image_8997.jpg,0,3,3,0.17475883662700653,0.15667538344860077,0.1895102709531784,0.301891565322876,0.17716394364833832,3,0.09681416302919388,0.07105404138565063,0.15033508837223053,0.5582653284072876,0.12353139370679855,3,0.09993915259838104,0.07359226047992706,0.15869580209255219,0.5374585390090942,0.13031423091888428
8190,image_9006,D:\DataAI\AIEx\newdataset\yolo_f\images\train\Image_9006.jpg,0,3,3,0.18417085707187653,0.15259715914726257,0.16330811381340027,0.31369420886039734,0.18622969090938568,3,0.09953370690345764,0.06142290681600571,0.1044624075293541,0.6019948124885559,0.13258618116378784,3,0.10088569670915604,0.06477090716362,0.11403212696313858,0.5772837400436401,0.14302751421928406
8192,image_9008,D:\DataAI\AIEx\newdataset\yolo_f\images\train\Image_9008.jpg,0,3,3,0.17951327562332153,0.14864803850650787,0.17006126046180725,0.31797152757644653,0.18380588293075562,3,0.09274549782276154,0.059877872467041016,0.11137481033802032,0.6095009446144104,0.12650085985660553,3,0.09382300078868866,0.06320873647928238,0.12172546237707138,0.5858542323112488,0.1353885531425476
8195,image_9011,D:\DataAI\AIEx\newdataset\yolo_f\images\train\Image_9011.jpg,0,3,3,0.17542104423046112,0.15763333439826965,0.1763588935136795,0.3092752695083618,0.1813114732503891,3,0.09251803904771805,0.06388142704963684,0.11990824341773987,0.5974135398864746,0.12627869844436646,3,0.09415832161903381,0.06734877079725266,0.12965193390846252,0.5739793181419373,0.13486158847808838
8201,image_9017,D:\DataAI\AIEx\newdataset\yolo_f\images\train\Image_9017.jpg,0,3,3,0.19009104371070862,0.16069579124450684,0.16478785872459412,0.3055126965045929,0.17891262471675873,3,0.10538119822740555,0.07223733514547348,0.12390972673892975,0.586961567401886,0.11151010543107986,3,0.10887384414672852,0.07573188841342926,0.13109341263771057,0.566696286201477,0.117604561150074
8207,image_9022,D:\DataAI\AIEx\newdataset\yolo_f\images\train\Image_9022.jpg,0,3,3,0.17009907960891724,0.16429345309734344,0.18393643200397491,0.29666459560394287,0.18500638008117676,3,0.09668010473251343,0.07204911857843399,0.14603619277477264,0.5609652996063232,0.12426931411027908,3,0.09866297245025635,0.07559914141893387,0.15516015887260437,0.5380655527114868,0.13251212239265442
8212,image_9027,D:\DataAI\AIEx\newdataset\yolo_f\images\train\Image_9027.jpg,0,3,3,0.1889047473669052,0.14807340502738953,0.18066111207008362,0.30611032247543335,0.1762504279613495,3,0.1069953665137291,0.06308736652135849,0.12152942270040512,0.5822176933288574,0.12617021799087524,3,0.10919006913900375,0.06616568565368652,0.13120931386947632,0.5589494705200195,0.13448548316955566
8217,image_9031,D:\DataAI\AIEx\newdataset\yolo_f\images\train\Image_9031.jpg,0,3,3,0.18123945593833923,0.1560259908437729,0.17422372102737427,0.3090093731880188,0.1795015037059784,3,0.10240455716848373,0.06786992400884628,0.12712320685386658,0.5873467922210693,0.11525554955005646,3,0.10388824343681335,0.07022127509117126,0.1373537927865982,0.565451443195343,0.12308524549007416
8222,image_9036,D:\DataAI\AIEx\newdataset\yolo_f\images\train\Image_9036.jpg,0,3,3,0.17518925666809082,0.183086097240448,0.17918609082698822,0.29458874464035034,0.16794981062412262,3,0.09596806764602661,0.08060266822576523,0.13423626124858856,0.5728552341461182,0.11633776128292084,3,0.09970385581254959,0.08416100591421127,0.14103075861930847,0.5519289970397949,0.12317538261413574
8226,image_9040,D:\DataAI\AIEx\newdataset\yolo_f\images\train\Image_9040.jpg,0,3,3,0.17704135179519653,0.1679050773382187,0.1891370266675949,0.28937941789627075,0.17653712630271912,3,0.10202521830797195,0.0778912603855133,0.13646429777145386,0.5585498809814453,0.12506933510303497,3,0.10529891401529312,0.08201908320188522,0.14475390315055847,0.5357621908187866,0.13216593861579895
8236,image_905,D:\DataAI\AIEx\newdataset\yolo_f\images\train\Image_905.jpg,0,0,0,0.2763267755508423,0.222384974360466,0.16480709612369537,0.17490288615226746,0.1615782380104065,0,0.43459898233413696,0.21564951539039612,0.10300825536251068,0.13011707365512848,0.11662612855434418,0,0.4395471513271332,0.21581481397151947,0.10247543454170227,0.12793026864528656,0.11423234641551971
8239,image_9052,D:\DataAI\AIEx\newdataset\yolo_f\images\train\Image_9052.jpg,0,3,3,0.17029936611652374,0.160151869058609,0.1871352195739746,0.2984564006328583,0.18395714461803436,3,0.08905880153179169,0.07190141081809998,0.13763457536697388,0.5704402327537537,0.1309649646282196,3,0.09095382690429688,0.07336559891700745,0.14897938072681427,0.5461307764053345,0.14057044684886932
8240,image_9053,D:\DataAI\AIEx\newdataset\yolo_f\images\train\Image_9053.jpg,0,3,3,0.168131023645401,0.16159597039222717,0.18107075989246368,0.2965461015701294,0.19265614449977875,3,0.08714096993207932,0.07364672422409058,0.13173577189445496,0.5730804204940796,0.13439616560935974,3,0.08929183334112167,0.07630394399166107,0.1434568613767624,0.5459245443344116,0.14502285420894623
8248,image_9061,D:\DataAI\AIEx\newdataset\yolo_f\images\train\Image_9061.jpg,0,3,3,0.1719444990158081,0.19384394586086273,0.16033726930618286,0.28699371218681335,0.18688058853149414,3,0.09766284376382828,0.08751291036605835,0.12600956857204437,0.5672026872634888,0.12161199003458023,3,0.10147242248058319,0.09066261351108551,0.1340416967868805,0.5458336472511292,0.12798966467380524
8254,image_9067,D:\DataAI\AIEx\newdataset\yolo_f\images\train\Image_9067.jpg,0,3,3,0.17590637505054474,0.16247422993183136,0.18776285648345947,0.29919004440307617,0.17466647922992706,3,0.09696082770824432,0.06841189414262772,0.13548946380615234,0.5708760619163513,0.1282617449760437,3,0.09820035099983215,0.07084324210882187,0.1445690542459488,0.5498740673065186,0.13651326298713684
8256,image_9069,D:\DataAI\AIEx\newdataset\yolo_f\images\train\Image_9069.jpg,0,3,3,0.1676790714263916,0.15341950953006744,0.18705779314041138,0.30758991837501526,0.1842537224292755,3,0.09611593186855316,0.06747348606586456,0.14787811040878296,0.5617835521697998,0.1267489492893219,3,0.09752432256937027,0.06779173016548157,0.15605103969573975,0.5440926551818848,0.13454027473926544
8259,image_9072,D:\DataAI\AIEx\newdataset\yolo_f\images\train\Image_9072.jpg,0,3,3,0.16454415023326874,0.1667225956916809,0.18133768439292908,0.3096844255924225,0.17771121859550476,3,0.0917256772518158,0.0714150071144104,0.1282297670841217,0.5811620354652405,0.1274675577878952,3,0.0927634984254837,0.0741744339466095,0.13833755254745483,0.5591597557067871,0.13556478917598724
8267,image_9080,D:\DataAI\AIEx\newdataset\yolo_f\images\train\Image_9080.jpg,0,3,3,0.1834154576063156,0.16312150657176971,0.17355695366859436,0.30122610926628113,0.178679957985878,3,0.10356554388999939,0.06898252665996552,0.1189800500869751,0.5801206827163696,0.12835122644901276,3,0.10687971115112305,0.07282385230064392,0.12773585319519043,0.5570048093795776,0.13555574417114258
8269,image_9082,D:\DataAI\AIEx\newdataset\yolo_f\images\train\Image_9082.jpg,0,3,3,0.18021923303604126,0.1623159497976303,0.16476336121559143,0.30933210253715515,0.18336932361125946,3,0.09715935587882996,0.06722951680421829,0.10987958312034607,0.6033204793930054,0.12241099029779434,3,0.09979785233736038,0.07020024955272675,0.11858607828617096,0.5818745493888855,0.1295413225889206
8272,image_9085,D:\DataAI\AIEx\newdataset\yolo_f\images\train\Image_9085.jpg,0,3,3,0.17043626308441162,0.18514595925807953,0.16150325536727905,0.3045337200164795,0.1783808022737503,3,0.09684063494205475,0.08491507917642593,0.11121739447116852,0.5942018628120422,0.11282508075237274,3,0.09912962466478348,0.08808578550815582,0.12029658257961273,0.5729102492332458,0.11957772076129913
8279,image_9091,D:\DataAI\AIEx\newdataset\yolo_f\images\train\Image_9091.jpg,0,3,3,0.1776256114244461,0.1702343225479126,0.15865086019039154,0.3128412365913391,0.18064801394939423,3,0.09293234348297119,0.07371528446674347,0.1105773001909256,0.6068979501724243,0.1158771738409996,3,0.09583216160535812,0.07491530478000641,0.11895627528429031,0.5893110036849976,0.1209852322936058
8283,image_9095,D:\DataAI\AIEx\newdataset\yolo_f\images\train\Image_9095.jpg,0,3,3,0.20404697954654694,0.13715624809265137,0.16467764973640442,0.3135400712490082,0.1805790215730667,3,0.10995287448167801,0.062317248433828354,0.11663082987070084,0.5928372740745544,0.11826175451278687,3,0.11383481323719025,0.06311248242855072,0.12664355337619781,0.5731219053268433,0.12328723818063736
8293,image_9103,D:\DataAI\AIEx\newdataset\yolo_f\images\train\Image_9103.jpg,0,3,3,0.16477370262145996,0.15549136698246002,0.18833567202091217,0.29905226826667786,0.19234706461429596,3,0.08282584697008133,0.06914795190095901,0.1564721167087555,0.5625174641609192,0.12903665006160736,3,0.08632717281579971,0.07246715575456619,0.16230598092079163,0.5436071157455444,0.13529261946678162
8295,image_9105,D:\DataAI\AIEx\newdataset\yolo_f\images\train\Image_9105.jpg,0,3,3,0.17500287294387817,0.15623021125793457,0.1758367121219635,0.3073217272758484,0.18560849130153656,3,0.0897858589887619,0.07127431035041809,0.1421230286359787,0.5807830095291138,0.11603381484746933,3,0.09380750358104706,0.0745353177189827,0.1473047435283661,0.5625078082084656,0.12184459716081619
8300,image_9110,D:\DataAI\AIEx\newdataset\yolo_f\images\train\Image_9110.jpg,0,3,3,0.17261181771755219,0.15049771964550018,0.18493835628032684,0.3038650155067444,0.18808713555335999,3,0.08951415121555328,0.06599587202072144,0.1448824256658554,0.5800572633743286,0.11955032497644424,3,0.09315960109233856,0.06912199407815933,0.1506335437297821,0.5616516470909119,0.12543316185474396
8309,image_9119,D:\DataAI\AIEx\newdataset\yolo_f\images\train\Image_9119.jpg,0,3,3,0.16763141751289368,0.15539370477199554,0.18882347643375397,0.3047585189342499,0.18339292705059052,3,0.08705498278141022,0.06822223216295242,0.1376471370458603,0.5819472074508667,0.12512843310832977,3,0.08999369293451309,0.07075884938240051,0.14774379134178162,0.5598094463348389,0.1316942572593689
8314,image_9124,D:\DataAI\AIEx\newdataset\yolo_f\images\train\Image_9124.jpg,0,3,3,0.17629730701446533,0.1545531302690506,0.16891318559646606,0.3199818730354309,0.1802545189857483,3,0.09683592617511749,0.07025247067213058,0.12596751749515533,0.5903293490409851,0.11661478132009506,3,0.09924408048391342,0.07352332025766373,0.13485489785671234,0.5691887140274048,0.12318900972604752
8319,image_9129,D:\DataAI\AIEx\newdataset\yolo_f\images\train\Image_9129.jpg,0,3,3,0.19019636511802673,0.1523612141609192,0.1749897003173828,0.2978890836238861,0.18456360697746277,3,0.11557231843471527,0.06845992058515549,0.12129241973161697,0.5595836043357849,0.13509172201156616,3,0.1178026795387268,0.07079273462295532,0.129642516374588,0.5426027178764343,0.13915933668613434
8321,image_9131,D:\DataAI\AIEx\newdataset\yolo_f\images\train\Image_9131.jpg,0,3,3,0.19742156565189362,0.14855821430683136,0.17699989676475525,0.29507574439048767,0.18194451928138733,3,0.12339369207620621,0.06717812269926071,0.1185314729809761,0.5591267943382263,0.13176992535591125,3,0.1257132887840271,0.06943017244338989,0.12652939558029175,0.5414572954177856,0.13686984777450562
8326,image_9136,D:\DataAI\AIEx\newdataset\yolo_f\images\train\Image_9136.jpg,0,3,3,0.1851377934217453,0.14242403209209442,0.1857355833053589,0.30069082975387573,0.18601180613040924,3,0.10416025668382645,0.06991230696439743,0.1291435807943344,0.5516113638877869,0.14517250657081604,3,0.10586915165185928,0.07220888137817383,0.13817976415157318,0.5335740447044373,0.15016815066337585
8332,image_9141,D:\DataAI\AIEx\newdataset\yolo_f\images\train\Image_9141.jpg,0,3,3,0.179978609085083,0.17840519547462463,0.1595788449048996,0.3077619671821594,0.17427532374858856,3,0.10727426409721375,0.08363712579011917,0.1148291677236557,0.5784121751785278,0.11584728211164474,3,0.10911794751882553,0.08622315526008606,0.12261245399713516,0.5590304732322693,0.12301596254110336
8337,image_9146,D:\DataAI\AIEx\newdataset\yolo_f\images\train\Image_9146.jpg,0,3,3,0.1730577051639557,0.17986910045146942,0.17571069300174713,0.29963934421539307,0.17172318696975708,3,0.09683938324451447,0.0821506604552269,0.13918085396289825,0.5584633350372314,0.12336575984954834,3,0.10005485266447067,0.08519675582647324,0.14600828289985657,0.5398111939430237,0.12892895936965942
8341,image_9150,D:\DataAI\AIEx\newdataset\yolo_f\images\train\Image_9150.jpg,0,3,3,0.18568366765975952,0.1638491004705429,0.16351944208145142,0.3122783303260803,0.17466950416564941,3,0.10131215304136276,0.07794823497533798,0.13149383664131165,0.5745545029640198,0.11469128727912903,3,0.1051005944609642,0.0796281099319458,0.1385868340730667,0.5576170682907104,0.11906737089157104
8345,image_9154,D:\DataAI\AIEx\newdataset\yolo_f\images\train\Image_9154.jpg,0,3,3,0.1875333935022354,0.1613222360610962,0.16432063281536102,0.30884236097335815,0.17798134684562683,3,0.10216629505157471,0.07426032423973083,0.12215767800807953,0.5816588401794434,0.11975681781768799,3,0.10538528114557266,0.076876699924469,0.13050223886966705,0.5614491701126099,0.12578663229942322
8348,image_9157,D:\DataAI\AIEx\newdataset\yolo_f\images\train\Image_9157.jpg,0,3,3,0.18566320836544037,0.15812474489212036,0.17148321866989136,0.30688512325286865,0.17784368991851807,3,0.10261203348636627,0.06821640580892563,0.11936195939779282,0.5832225680351257,0.12658703327178955,3,0.10452950745820999,0.07116521149873734,0.12941619753837585,0.5609363317489624,0.13395272195339203
8359,image_9168,D:\DataAI\AIEx\newdataset\yolo_f\images\train\Image_9168.jpg,0,3,3,0.1730322241783142,0.16972942650318146,0.17468231916427612,0.3051169812679291,0.17743904888629913,3,0.09758865833282471,0.07176671177148819,0.1252559870481491,0.5736818313598633,0.13170678913593292,3,0.09876397252082825,0.07494319975376129,0.13459141552448273,0.5524466037750244,0.13925474882125854
8360,image_9169,D:\DataAI\AIEx\newdataset\yolo_f\images\train\Image_9169.jpg,0,3,3,0.18178577721118927,0.16745570302009583,0.18169406056404114,0.2979215979576111,0.17114287614822388,3,0.10176053643226624,0.07138536125421524,0.12685607373714447,0.5741196274757385,0.12587837874889374,3,0.10294156521558762,0.07455369085073471,0.13646835088729858,0.5531945824623108,0.1328417807817459
8362,image_9171,D:\DataAI\AIEx\newdataset\yolo_f\images\train\Image_9171.jpg,0,3,3,0.18307770788669586,0.16249363124370575,0.17770734429359436,0.2966941297054291,0.18002724647521973,3,0.1088332086801529,0.06896868348121643,0.12498749047517776,0.5612152814865112,0.13599540293216705,3,0.10917849093675613,0.07149199396371841,0.1343218833208084,0.5415303707122803,0.14347726106643677
8365,image_9174,D:\DataAI\AIEx\newdataset\yolo_f\images\train\Image_9174.jpg,0,3,3,0.1633262187242508,0.16955691576004028,0.17692843079566956,0.31512346863746643,0.17506501078605652,3,0.09224290400743484,0.07607702165842056,0.1385035663843155,0.5599057674407959,0.13327069580554962,3,0.09283123165369034,0.07897213101387024,0.14938528835773468,0.5379951596260071,0.14081621170043945
8374,image_9183,D:\DataAI\AIEx\newdataset\yolo_f\images\train\Image_9183.jpg,0,3,3,0.17401571571826935,0.1726042926311493,0.170308455824852,0.3189254105091095,0.16414611041545868,3,0.10993524640798569,0.09781453013420105,0.13986486196517944,0.5313521027565002,0.12103321403265,3,0.11075729876756668,0.10022740811109543,0.14832985401153564,0.5116754174232483,0.12900997698307037
8377,image_9186,D:\DataAI\AIEx\newdataset\yolo_f\images\train\Image_9186.jpg,0,3,3,0.1746077686548233,0.16782855987548828,0.17072130739688873,0.3257656693458557,0.16107673943042755,3,0.1115405410528183,0.10238546878099442,0.1495823711156845,0.5156470537185669,0.12084461748600006,3,0.11401060223579407,0.10483434796333313,0.15748345851898193,0.4967038035392761,0.12696780264377594
8385,image_9193,D:\DataAI\AIEx\newdataset\yolo_f\images\train\Image_9193.jpg,0,3,3,0.18357814848423004,0.1419093757867813,0.18236321210861206,0.32808631658554077,0.16406302154064178,3,0.10572397708892822,0.07947095483541489,0.14789550006389618,0.5320177674293518,0.1348918378353119,3,0.10670261085033417,0.08160632848739624,0.1559392660856247,0.5154685974121094,0.14028318226337433
8389,image_9197,D:\DataAI\AIEx\newdataset\yolo_f\images\train\Image_9197.jpg,0,3,3,0.1860332489013672,0.13877052068710327,0.19237792491912842,0.32100293040275574,0.1618153303861618,3,0.11852533370256424,0.07137632369995117,0.1522447168827057,0.5389320850372314,0.11892152577638626,3,0.1194043681025505,0.07258182764053345,0.1608113944530487,0.5243920683860779,0.12281028181314468
8397,image_9204,D:\DataAI\AIEx\newdataset\yolo_f\images\train\Image_9204.jpg,0,3,3,0.17321835458278656,0.15543191134929657,0.1811934858560562,0.3209143280982971,0.16924194991588593,3,0.10810798406600952,0.07080909609794617,0.14200687408447266,0.5553292036056519,0.12374687939882278,3,0.10967767238616943,0.07277626544237137,0.15133704245090485,0.537600576877594,0.1286083608865738
8402,image_9209,D:\DataAI\AIEx\newdataset\yolo_f\images\train\Image_9209.jpg,0,3,3,0.1810121387243271,0.16324952244758606,0.17604097723960876,0.2987362742424011,0.18096108734607697,3,0.10201374441385269,0.07145753502845764,0.12917865812778473,0.5695673823356628,0.1277827024459839,3,0.10501425713300705,0.07295430451631546,0.13801689445972443,0.550701379776001,0.13331320881843567
8404,image_9211,D:\DataAI\AIEx\newdataset\yolo_f\images\train\Image_9211.jpg,0,3,3,0.18358078598976135,0.13635152578353882,0.18351784348487854,0.31900814175605774,0.17754170298576355,3,0.10525970906019211,0.06147231534123421,0.1355162411928177,0.5645031332969666,0.13324858248233795,3,0.10653422027826309,0.06320225447416306,0.14477986097335815,0.5448887944221497,0.14059484004974365
8411,image_9218,D:\DataAI\AIEx\newdataset\yolo_f\images\train\Image_9218.jpg,0,3,3,0.16696108877658844,0.1813148707151413,0.1596934199333191,0.3099878132343292,0.18204282224178314,3,0.0957081988453865,0.08547185361385345,0.1186477392911911,0.580138087272644,0.12003406882286072,3,0.09934671223163605,0.08792037516832352,0.12572649121284485,0.5624925494194031,0.12451381236314774
8412,image_9219,D:\DataAI\AIEx\newdataset\yolo_f\images\train\Image_9219.jpg,0,3,3,0.17307902872562408,0.1799614131450653,0.165886789560318,0.30473777651786804,0.17633496224880219,3,0.10489184409379959,0.08424404263496399,0.12010683119297028,0.5649153590202332,0.12584188580513,3,0.10779435932636261,0.08818939328193665,0.12835991382598877,0.5453096032142639,0.13034676015377045
8426,image_9233,D:\DataAI\AIEx\newdataset\yolo_f\images\train\Image_9233.jpg,0,3,3,0.16219240427017212,0.1620931625366211,0.17743384838104248,0.3250838816165924,0.17319665849208832,3,0.09159889072179794,0.07538754492998123,0.14097678661346436,0.5761566758155823,0.11588013917207718,3,0.09478635340929031,0.07791172713041306,0.14699293673038483,0.5609153509140015,0.11939369887113571
8428,image_9235,D:\DataAI\AIEx\newdataset\yolo_f\images\train\Image_9235.jpg,0,3,3,0.17035561800003052,0.1643911749124527,0.16471996903419495,0.3251279890537262,0.17540523409843445,3,0.09558472037315369,0.0750732272863388,0.1316421627998352,0.57986980676651,0.11783003062009811,3,0.09899719804525375,0.07762059569358826,0.13793691992759705,0.5639386177062988,0.1215066909790039
8434,image_9240,D:\DataAI\AIEx\newdataset\yolo_f\images\train\Image_9240.jpg,0,3,3,0.17685571312904358,0.17204183340072632,0.167445108294487,0.30924591422080994,0.17441144585609436,3,0.10171898454427719,0.07931854575872421,0.130265012383461,0.5728512406349182,0.11584621667861938,3,0.10524070262908936,0.08137451112270355,0.1368519514799118,0.5554877519607544,0.12104513496160507
8437,image_9243,D:\DataAI\AIEx\newdataset\yolo_f\images\train\Image_9243.jpg,0,3,3,0.167862668633461,0.17569094896316528,0.1786581575870514,0.3077889084815979,0.16999927163124084,3,0.09841278940439224,0.08099576085805893,0.14007525146007538,0.5667492747306824,0.11376692354679108,3,0.10185667872428894,0.08269476890563965,0.14748649299144745,0.5496487617492676,0.11831330507993698
8442,image_9248,D:\DataAI\AIEx\newdataset\yolo_f\images\train\Image_9248.jpg,0,3,3,0.16737879812717438,0.17436060309410095,0.18028776347637177,0.3032085597515106,0.1747642159461975,3,0.09236311167478561,0.07862529903650284,0.1444999873638153,0.5612775087356567,0.12323412299156189,3,0.09679671376943588,0.08048511296510696,0.15086974203586578,0.5444197654724121,0.12742868065834045
8444,image_9250,D:\DataAI\AIEx\newdataset\yolo_f\images\train\Image_9250.jpg,0,3,3,0.1714809387922287,0.16437548398971558,0.18742284178733826,0.29993340373039246,0.17678730189800262,3,0.0929136574268341,0.0748060867190361,0.14661604166030884,0.5534175038337708,0.13224677741527557,3,0.09746522456407547,0.07631047815084457,0.153218075633049,0.5355921983718872,0.13741402328014374
8447,image_9253,D:\DataAI\AIEx\newdataset\yolo_f\images\train\Image_9253.jpg,0,3,3,0.16278602182865143,0.18431910872459412,0.16752184927463531,0.3020172715187073,0.18335576355457306,3,0.08911317586898804,0.08960778266191483,0.13441702723503113,0.5623357892036438,0.12452621757984161,3,0.0925355926156044,0.093101866543293,0.1404925137758255,0.545340359210968,0.1285296380519867
8454,image_926,D:\DataAI\AIEx\newdataset\yolo_f\images\train\Image_926.jpg,0,0,0,0.34298208355903625,0.14101646840572357,0.1687232404947281,0.18202237784862518,0.16525578498840332,0,0.5110552906990051,0.16025491058826447,0.10266531258821487,0.12587642669677734,0.100148044526577,0,0.5144611597061157,0.1601550430059433,0.10222149640321732,0.12423373758792877,0.09892856329679489
8460,image_9265,D:\DataAI\AIEx\newdataset\yolo_f\images\train\Image_9265.jpg,0,3,3,0.17366699874401093,0.17006957530975342,0.1744472086429596,0.3058198392391205,0.17599636316299438,3,0.10043757408857346,0.0765080600976944,0.12304731458425522,0.5724249482154846,0.1275821030139923,3,0.1038394421339035,0.07911357283592224,0.13191698491573334,0.5520381927490234,0.13309183716773987
8464,image_9269,D:\DataAI\AIEx\newdataset\yolo_f\images\train\Image_9269.jpg,0,3,3,0.18010906875133514,0.14597882330417633,0.192133367061615,0.3105349540710449,0.1712438017129898,3,0.11028672754764557,0.06518381088972092,0.14546339213848114,0.55411696434021,0.12494911253452301,3,0.11174649000167847,0.06753048300743103,0.15529687702655792,0.5333372354507446,0.13208892941474915
8467,image_9272,D:\DataAI\AIEx\newdataset\yolo_f\images\train\Image_9272.jpg,0,3,3,0.1889154613018036,0.13623589277267456,0.18448171019554138,0.31874507665634155,0.17162182927131653,3,0.1149498000741005,0.061650849878787994,0.13894133269786835,0.560986340045929,0.1234717071056366,3,0.11612768471240997,0.06405443698167801,0.14815743267536163,0.5407270193099976,0.13093338906764984
8477,image_9282,D:\DataAI\AIEx\newdataset\yolo_f\images\train\Image_9282.jpg,0,3,3,0.19550645351409912,0.15063463151454926,0.18809032440185547,0.29310113191604614,0.17266745865345,3,0.12108578532934189,0.06617273390293121,0.13216707110404968,0.5586380362510681,0.12193632125854492,3,0.1226312518119812,0.06863328814506531,0.14065152406692505,0.538897693157196,0.12918618321418762
8480,image_9285,D:\DataAI\AIEx\newdataset\yolo_f\images\train\Image_9285.jpg,0,3,3,0.1825004518032074,0.15423227846622467,0.1789507269859314,0.31152066588401794,0.1727958768606186,3,0.1118425652384758,0.06657568365335464,0.1351950317621231,0.5612398386001587,0.12514685094356537,3,0.11312773078680038,0.06915097683668137,0.1445402354001999,0.5410569906234741,0.1321241408586502
8484,image_9289,D:\DataAI\AIEx\newdataset\yolo_f\images\train\Image_9289.jpg,0,3,3,0.18129661679267883,0.1475028246641159,0.18799571692943573,0.3082338869571686,0.17497092485427856,3,0.10852552950382233,0.06470810621976852,0.14511539041996002,0.5486023426055908,0.1330486238002777,3,0.1094578355550766,0.06722815334796906,0.1550779938697815,0.5270451903343201,0.14119084179401398
8487,image_9292,D:\DataAI\AIEx\newdataset\yolo_f\images\train\Image_9292.jpg,0,3,3,0.18970897793769836,0.13857625424861908,0.1864313781261444,0.3114190697669983,0.17386434972286224,3,0.1134573444724083,0.061054930090904236,0.14083634316921234,0.5518980622291565,0.13275334239006042,3,0.11488118767738342,0.06332901120185852,0.15018804371356964,0.5310553908348083,0.14054635167121887
8494,image_9299,D:\DataAI\AIEx\newdataset\yolo_f\images\train\Image_9299.jpg,0,3,3,0.17515867948532104,0.1587071567773819,0.17618681490421295,0.3118254840373993,0.17812184989452362,3,0.10536687821149826,0.0737573429942131,0.1367259919643402,0.5645133256912231,0.11963647603988647,3,0.10742898285388947,0.07678727805614471,0.14544107019901276,0.5445181131362915,0.12582457065582275
8495,image_93,D:\DataAI\AIEx\newdataset\yolo_f\images\train\Image_93.jpg,0,1,1,0.17321252822875977,0.3601798713207245,0.1655527800321579,0.13979026675224304,0.1612645536661148,1,0.20890122652053833,0.3635613024234772,0.18360364437103271,0.09407902508974075,0.14985482394695282,1,0.2096603661775589,0.3622890114784241,0.1835511028766632,0.09512867778539658,0.14937077462673187
8502,image_9306,D:\DataAI\AIEx\newdataset\yolo_f\images\train\Image_9306.jpg,0,3,3,0.18348076939582825,0.17387501895427704,0.15249483287334442,0.3070610463619232,0.18308831751346588,3,0.09927355498075485,0.06962042301893234,0.12244261056184769,0.6020076274871826,0.10665575414896011,3,0.10099545121192932,0.07374852895736694,0.12934859097003937,0.5818206071853638,0.1140868067741394
8503,image_9307,D:\DataAI\AIEx\newdataset\yolo_f\images\train\Image_9307.jpg,0,3,3,0.18884095549583435,0.16232992708683014,0.16300414502620697,0.3079870641231537,0.17783790826797485,3,0.10334798693656921,0.06645729392766953,0.12668685615062714,0.5960307717323303,0.1074770912528038,3,0.10532614588737488,0.07027143239974976,0.1336376667022705,0.5754605531692505,0.11530426144599915
8513,image_9316,D:\DataAI\AIEx\newdataset\yolo_f\images\train\Image_9316.jpg,0,3,3,0.18843033909797668,0.13974280655384064,0.16442221403121948,0.32270684838294983,0.18469783663749695,3,0.09499018639326096,0.05749915540218353,0.13247942924499512,0.5983718037605286,0.11665937304496765,3,0.09781774133443832,0.06035144254565239,0.142076775431633,0.5793118476867676,0.12044216692447662
8517,image_932,D:\DataAI\AIEx\newdataset\yolo_f\images\train\Image_932.jpg,0,0,0,0.3411945402622223,0.11170685291290283,0.18269355595111847,0.1911015808582306,0.17330342531204224,0,0.5717464685440063,0.08961209654808044,0.10673754662275314,0.1316073089838028,0.10029662400484085,0,0.5787626504898071,0.08765358477830887,0.10634317249059677,0.1294674575328827,0.09777318686246872
8519,image_9321,D:\DataAI\AIEx\newdataset\yolo_f\images\train\Image_9321.jpg,0,3,3,0.1775345504283905,0.1500246822834015,0.16396676003932953,0.32131195068359375,0.18716199696063995,3,0.0913948267698288,0.05894613638520241,0.1710551679134369,0.552821695804596,0.12578219175338745,3,0.09480462968349457,0.0610966794192791,0.18159592151641846,0.5303947925567627,0.13210797309875488
8530,image_9332,D:\DataAI\AIEx\newdataset\yolo_f\images\train\Image_9332.jpg,0,3,3,0.18385645747184753,0.157631054520607,0.15623778104782104,0.32055020332336426,0.1817244291305542,3,0.09696419537067413,0.06103772670030594,0.17925423383712769,0.553096354007721,0.10964744538068771,3,0.09989213198423386,0.0637378990650177,0.18822667002677917,0.531982421875,0.11616090685129166
8533,image_9335,D:\DataAI\AIEx\newdataset\yolo_f\images\train\Image_9335.jpg,0,3,3,0.1946759819984436,0.1508578509092331,0.16214120388031006,0.3155761659145355,0.17674879729747772,3,0.10884248465299606,0.058891668915748596,0.18225345015525818,0.5417665243148804,0.10824590921401978,3,0.11106801778078079,0.06283923238515854,0.18685756623744965,0.5232911109924316,0.11594408005475998
8534,image_9336,D:\DataAI\AIEx\newdataset\yolo_f\images\train\Image_9336.jpg,0,3,3,0.18173851072788239,0.16134655475616455,0.16268478333950043,0.31665897369384766,0.1775711178779602,3,0.10336646437644958,0.0649130642414093,0.1847153604030609,0.5379809737205505,0.10902413725852966,3,0.1048155352473259,0.06893763691186905,0.19075338542461395,0.5192112922668457,0.11628209799528122
8544,image_9346,D:\DataAI\AIEx\newdataset\yolo_f\images\train\Image_9346.jpg,0,3,3,0.18618232011795044,0.16202916204929352,0.1626005619764328,0.3111027777194977,0.17808516323566437,3,0.103421151638031,0.07203719764947891,0.112423375248909,0.5972971320152283,0.11482110619544983,3,0.10579387843608856,0.07582946866750717,0.1223212331533432,0.5741773247718811,0.12187814712524414
8550,image_9352,D:\DataAI\AIEx\newdataset\yolo_f\images\train\Image_9352.jpg,0,3,3,0.1746259331703186,0.16157762706279755,0.18123994767665863,0.30139458179473877,0.18116189539432526,3,0.09682220965623856,0.06674106419086456,0.13106904923915863,0.5863629579544067,0.11900472640991211,3,0.09932699054479599,0.0710587203502655,0.13943111896514893,0.563723623752594,0.12645955383777618
8553,image_9355,D:\DataAI\AIEx\newdataset\yolo_f\images\train\Image_9355.jpg,0,3,3,0.18274211883544922,0.14616596698760986,0.17568926513195038,0.3046794533729553,0.1907232254743576,3,0.09828401356935501,0.06390301883220673,0.12683269381523132,0.5854313373565674,0.12554891407489777,3,0.10105742514133453,0.06728705018758774,0.13501477241516113,0.5626558661460876,0.13398487865924835
8556,image_9358,D:\DataAI\AIEx\newdataset\yolo_f\images\train\Image_9358.jpg,0,3,3,0.18646828830242157,0.16987167298793793,0.17648373544216156,0.2926868200302124,0.17448949813842773,3,0.10402441769838333,0.07653703540563583,0.13436497747898102,0.5685639977455139,0.11650955677032471,3,0.10662111639976501,0.08149729669094086,0.14369338750839233,0.5431580543518066,0.12503013014793396
8562,image_9365,D:\DataAI\AIEx\newdataset\yolo_f\images\train\Image_9365.jpg,0,3,3,0.16380351781845093,0.1683349609375,0.1754692941904068,0.3209466338157654,0.17144560813903809,3,0.09112561494112015,0.07807599008083344,0.14163291454315186,0.5847948789596558,0.10437056422233582,3,0.09311570972204208,0.0785130187869072,0.15202383697032928,0.5675859451293945,0.10876148194074631
8569,image_9372,D:\DataAI\AIEx\newdataset\yolo_f\images\train\Image_9372.jpg,0,3,3,0.17138811945915222,0.1846615970134735,0.1550028920173645,0.3075542151927948,0.18139317631721497,3,0.09653481096029282,0.08646545559167862,0.12140995264053345,0.5930659174919128,0.10252382606267929,3,0.1002277284860611,0.08792298287153244,0.12732817232608795,0.5767441987991333,0.10777691006660461
8576,image_9379,D:\DataAI\AIEx\newdataset\yolo_f\images\train\Image_9379.jpg,0,3,3,0.16678021848201752,0.16987526416778564,0.18464532494544983,0.289018839597702,0.1896803379058838,3,0.09319914132356644,0.07728298753499985,0.138031005859375,0.569865345954895,0.1216215193271637,3,0.09529530256986618,0.08068475872278214,0.14601460099220276,0.5479886531829834,0.13001663982868195
8577,image_938,D:\DataAI\AIEx\newdataset\yolo_f\images\train\Image_938.jpg,0,0,0,0.34249091148376465,0.11774148792028427,0.19262850284576416,0.18727408349514008,0.15986493229866028,0,0.6009615659713745,0.0767732784152031,0.1111210435628891,0.1243283674120903,0.08681575208902359,0,0.6080612540245056,0.07526811212301254,0.10960079729557037,0.12210137397050858,0.08496842533349991
8590,image_9391,D:\DataAI\AIEx\newdataset\yolo_f\images\train\Image_9391.jpg,0,3,3,0.17229601740837097,0.17310966551303864,0.1660766452550888,0.30922195315361023,0.17929576337337494,3,0.09791295975446701,0.07999821752309799,0.12352589517831802,0.5858612060546875,0.11270169913768768,3,0.09993080049753189,0.0828884169459343,0.13080555200576782,0.5657885670661926,0.12058665603399277
8594,image_9395,D:\DataAI\AIEx\newdataset\yolo_f\images\train\Image_9395.jpg,0,3,3,0.18244749307632446,0.15578968822956085,0.17203548550605774,0.30964064598083496,0.1800866425037384,3,0.10365582257509232,0.06740819662809372,0.11925463378429413,0.5967866778373718,0.11289473623037338,3,0.10479965060949326,0.07031545788049698,0.13047684729099274,0.5750035643577576,0.11940443515777588
8596,image_9397,D:\DataAI\AIEx\newdataset\yolo_f\images\train\Image_9397.jpg,0,3,3,0.1853453814983368,0.15624165534973145,0.1733652949333191,0.3002573847770691,0.18479026854038239,3,0.10677062720060349,0.06796322017908096,0.1255439817905426,0.5847305655479431,0.11499160528182983,3,0.10867128521203995,0.07088471204042435,0.1345771849155426,0.5641953945159912,0.12167144566774368
8602,image_9401,D:\DataAI\AIEx\newdataset\yolo_f\images\train\Image_9401.jpg,0,3,3,0.17637678980827332,0.159025177359581,0.1719299703836441,0.31267231702804565,0.17999576032161713,3,0.09213802218437195,0.06973928213119507,0.12104255706071854,0.5999528169631958,0.11712730675935745,3,0.09418424963951111,0.0724538117647171,0.13102099299430847,0.5777317881584167,0.12460917234420776
8605,image_9404,D:\DataAI\AIEx\newdataset\yolo_f\images\train\Image_9404.jpg,0,3,3,0.1695789247751236,0.170755073428154,0.16239432990550995,0.3203245997428894,0.17694710195064545,3,0.08758682757616043,0.07123025506734848,0.11424735933542252,0.6182522177696228,0.10868331789970398,3,0.089373879134655,0.07464825361967087,0.12528912723064423,0.5952237248420715,0.11546497792005539
8607,image_9406,D:\DataAI\AIEx\newdataset\yolo_f\images\train\Image_9406.jpg,0,3,3,0.16767030954360962,0.17167571187019348,0.17958948016166687,0.30396395921707153,0.17710056900978088,3,0.08899015188217163,0.07190758734941483,0.13179251551628113,0.5920284390449524,0.11528129130601883,3,0.09088736772537231,0.0756358727812767,0.14318980276584625,0.5686264038085938,0.1216605007648468
8618,image_9417,D:\DataAI\AIEx\newdataset\yolo_f\images\train\Image_9417.jpg,0,3,3,0.1685483604669571,0.18358276784420013,0.15511325001716614,0.3170139789581299,0.17574164271354675,3,0.09305005520582199,0.0820121243596077,0.11189830303192139,0.601120114326477,0.11191939562559128,3,0.09572844952344894,0.0858091190457344,0.12028282880783081,0.5796890258789062,0.1184905394911766
8623,image_9422,D:\DataAI\AIEx\newdataset\yolo_f\images\train\Image_9422.jpg,0,2,2,0.17218933999538422,0.1462176889181137,0.33070865273475647,0.18725289404392242,0.16363146901130676,2,0.10167521238327026,0.06166532263159752,0.4499833285808563,0.28868356347084045,0.09799258410930634,2,0.10332357883453369,0.06266158819198608,0.45384737849235535,0.27785053849220276,0.10231688618659973
8624,image_9423,D:\DataAI\AIEx\newdataset\yolo_f\images\train\Image_9423.jpg,0,2,2,0.1751568764448166,0.15883664786815643,0.3077264726161957,0.2045828253030777,0.153697207570076,2,0.10809516906738281,0.06583356857299805,0.3692358434200287,0.3585241734981537,0.09831121563911438,2,0.10697799175977707,0.068789541721344,0.37838003039360046,0.34161144495010376,0.10424105823040009
8632,image_9431,D:\DataAI\AIEx\newdataset\yolo_f\images\train\Image_9431.jpg,0,2,2,0.18992243707180023,0.13877186179161072,0.3417215049266815,0.16487908363342285,0.16470512747764587,2,0.1073785051703453,0.061002228409051895,0.5353339314460754,0.1969614028930664,0.09932388365268707,2,0.11100416630506516,0.06108551844954491,0.5312532186508179,0.19431398808956146,0.10234308987855911
8635,image_9434,D:\DataAI\AIEx\newdataset\yolo_f\images\train\Image_9434.jpg,0,2,2,0.17537888884544373,0.15253156423568726,0.30455541610717773,0.20436468720436096,0.16316944360733032,2,0.10257746279239655,0.06386961787939072,0.41920068860054016,0.3192462921142578,0.09510589390993118,2,0.104886494576931,0.0668582171201706,0.4183811545372009,0.3093116879463196,0.1005624458193779
8636,image_9435,D:\DataAI\AIEx\newdataset\yolo_f\images\train\Image_9435.jpg,0,2,2,0.17408299446105957,0.12824200093746185,0.3598296046257019,0.18449489772319794,0.15335048735141754,2,0.10496116429567337,0.051955632865428925,0.5016706585884094,0.2535201907157898,0.08789236843585968,2,0.10575218498706818,0.053112003952264786,0.5067564845085144,0.2433452010154724,0.0910341814160347
8642,image_9440,D:\DataAI\AIEx\newdataset\yolo_f\images\train\Image_9440.jpg,0,2,2,0.16961179673671722,0.14866170287132263,0.3553217649459839,0.17012397944927216,0.15628080070018768,2,0.10263893008232117,0.0657508596777916,0.4883953928947449,0.24870213866233826,0.0945127084851265,2,0.10550625622272491,0.06602412462234497,0.487050324678421,0.2443300038576126,0.09708927571773529
8644,image_9442,D:\DataAI\AIEx\newdataset\yolo_f\images\train\Image_9442.jpg,0,2,2,0.17727148532867432,0.13586455583572388,0.35780903697013855,0.1717032939195633,0.15735167264938354,2,0.10599981248378754,0.05867168307304382,0.496870219707489,0.24703174829483032,0.09142650663852692,2,0.10693245381116867,0.05995161086320877,0.5006424784660339,0.23733548820018768,0.09513792395591736
8645,image_9443,D:\DataAI\AIEx\newdataset\yolo_f\images\train\Image_9443.jpg,0,2,2,0.17361672222614288,0.14023804664611816,0.35701674222946167,0.1738312542438507,0.15529727935791016,2,0.1091819778084755,0.061668023467063904,0.48206251859664917,0.2541987895965576,0.09288875013589859,2,0.11067358404397964,0.06278026103973389,0.4895094037055969,0.24103353917598724,0.0960032269358635
8653,image_9450,D:\DataAI\AIEx\newdataset\yolo_f\images\train\Image_9450.jpg,0,2,2,0.16104717552661896,0.14492739737033844,0.37375321984291077,0.16746318340301514,0.1528089940547943,2,0.09692533314228058,0.0649024024605751,0.5053820013999939,0.23786094784736633,0.09492933005094528,2,0.09778858721256256,0.06555341184139252,0.5057745575904846,0.2328779250383377,0.09800554811954498
8662,image_9459,D:\DataAI\AIEx\newdataset\yolo_f\images\train\Image_9459.jpg,0,2,2,0.17505322396755219,0.15775969624519348,0.340933233499527,0.18021482229232788,0.14603902399539948,2,0.11489206552505493,0.06309901922941208,0.46928250789642334,0.2659214735031128,0.08680487424135208,2,0.11521659791469574,0.06513860821723938,0.47326207160949707,0.25554680824279785,0.09083589166402817
8664,image_9460,D:\DataAI\AIEx\newdataset\yolo_f\images\train\Image_9460.jpg,0,2,2,0.17049959301948547,0.15028300881385803,0.3573150336742401,0.17595966160297394,0.14594267308712006,2,0.1085432767868042,0.06416849792003632,0.4907686710357666,0.2504563331604004,0.0860632136464119,2,0.11038361489772797,0.06571241468191147,0.4905143678188324,0.24390432238578796,0.08948519825935364
8673,image_9469,D:\DataAI\AIEx\newdataset\yolo_f\images\train\Image_9469.jpg,0,3,3,0.17102964222431183,0.142788365483284,0.19118602573871613,0.31010812520980835,0.18488791584968567,3,0.090917207300663,0.06136689335107803,0.14103001356124878,0.5817753672599792,0.12491052597761154,3,0.0926969051361084,0.06424672156572342,0.15127864480018616,0.5593365430831909,0.13244126737117767
8676,image_9471,D:\DataAI\AIEx\newdataset\yolo_f\images\train\Image_9471.jpg,0,3,3,0.17153199017047882,0.1572130024433136,0.19105717539787292,0.30383917689323425,0.1763586550951004,3,0.08878027647733688,0.06304590404033661,0.13497605919837952,0.591166615486145,0.12203118205070496,3,0.09004713594913483,0.06666316092014313,0.14674566686153412,0.566005527973175,0.13053850829601288
8677,image_9472,D:\DataAI\AIEx\newdataset\yolo_f\images\train\Image_9472.jpg,0,3,3,0.17284485697746277,0.15980315208435059,0.18642005324363708,0.30065202713012695,0.1802798956632614,3,0.08853592723608017,0.0645691528916359,0.1354140043258667,0.5888673663139343,0.12261345237493515,3,0.09007343649864197,0.06835785508155823,0.1466338038444519,0.5639538764953613,0.13098102807998657
8680,image_9475,D:\DataAI\AIEx\newdataset\yolo_f\images\train\Image_9475.jpg,0,3,3,0.1778508722782135,0.16241587698459625,0.17167265713214874,0.3071657121181488,0.18089483678340912,3,0.0884818434715271,0.06791705638170242,0.12859293818473816,0.6004566550254822,0.11455147713422775,3,0.09137410670518875,0.07147683203220367,0.1368526965379715,0.5798623561859131,0.12043402343988419
8686,image_9480,D:\DataAI\AIEx\newdataset\yolo_f\images\train\Image_9480.jpg,0,3,3,0.16753831505775452,0.15496662259101868,0.18379837274551392,0.3043268024921417,0.18936993181705475,3,0.08894580602645874,0.06833142787218094,0.15057212114334106,0.5714932084083557,0.12065743654966354,3,0.091610386967659,0.07162169367074966,0.15802526473999023,0.550541341304779,0.12820126116275787
8688,image_9482,D:\DataAI\AIEx\newdataset\yolo_f\images\train\Image_9482.jpg,0,3,3,0.175444096326828,0.16422618925571442,0.17682498693466187,0.30583515763282776,0.17766958475112915,3,0.09125688672065735,0.070645272731781,0.12439960986375809,0.5950873494148254,0.11861088871955872,3,0.09362220764160156,0.07415613532066345,0.13457615673542023,0.5719519257545471,0.12569352984428406
8700,image_9494,D:\DataAI\AIEx\newdataset\yolo_f\images\train\Image_9494.jpg,0,3,3,0.17963053286075592,0.16590619087219238,0.18132612109184265,0.30413156747817993,0.1690056174993515,3,0.09782180190086365,0.07239053398370743,0.1274576485157013,0.5847881436347961,0.1175418570637703,3,0.10110186785459518,0.07573898136615753,0.136361226439476,0.5623529553413391,0.12444497644901276
8701,image_9495,D:\DataAI\AIEx\newdataset\yolo_f\images\train\Image_9495.jpg,0,3,3,0.18210697174072266,0.159114807844162,0.17512178421020508,0.3095531165599823,0.17410336434841156,3,0.09765548259019852,0.07026739418506622,0.13165898621082306,0.5901334285736084,0.11028473824262619,3,0.10065511614084244,0.07309750467538834,0.13902708888053894,0.5709127187728882,0.11630754917860031
8706,image_95,D:\DataAI\AIEx\newdataset\yolo_f\images\train\Image_95.jpg,0,1,1,0.21844860911369324,0.33382168412208557,0.1370677500963211,0.1422603577375412,0.1684015393257141,0,0.33916714787483215,0.28788039088249207,0.11108049005270004,0.09230181574821472,0.169570192694664,0,0.3362747132778168,0.29041561484336853,0.1107158213853836,0.09527219831943512,0.16732166707515717
8713,image_9505,D:\DataAI\AIEx\newdataset\yolo_f\images\train\Image_9505.jpg,0,3,3,0.18472367525100708,0.15297812223434448,0.16077935695648193,0.3134186863899231,0.1881001889705658,3,0.09975369274616241,0.06287124007940292,0.10135633498430252,0.5977577567100525,0.13826102018356323,3,0.1009875163435936,0.06693600118160248,0.10948362946510315,0.575452446937561,0.14714038372039795
8717,image_9509,D:\DataAI\AIEx\newdataset\yolo_f\images\train\Image_9509.jpg,0,3,3,0.18102295696735382,0.15029104053974152,0.1756388545036316,0.30924251675605774,0.18380464613437653,3,0.09631890058517456,0.06217053532600403,0.11761891841888428,0.5945167541503906,0.12937487661838531,3,0.09775564819574356,0.0655432939529419,0.128017857670784,0.5706332921981812,0.13804997503757477
8723,image_9514,D:\DataAI\AIEx\newdataset\yolo_f\images\train\Image_9514.jpg,0,3,3,0.17573611438274384,0.15141108632087708,0.1856597512960434,0.3056224584579468,0.18157054483890533,3,0.09593454003334045,0.06635484844446182,0.14354465901851654,0.5758558511734009,0.1183101087808609,3,0.09813661128282547,0.07010453939437866,0.15334701538085938,0.5522874593734741,0.12612436711788177
8729,image_952,D:\DataAI\AIEx\newdataset\yolo_f\images\train\Image_952.jpg,0,0,0,0.35890626907348633,0.14533670246601105,0.16519317030906677,0.1628863662481308,0.16767749190330505,0,0.652894914150238,0.0932408794760704,0.07897584140300751,0.08393796533346176,0.09095042198896408,0,0.6587387919425964,0.0925786942243576,0.07797529548406601,0.08348394185304642,0.08722324669361115
8734,image_9524,D:\DataAI\AIEx\newdataset\yolo_f\images\train\Image_9524.jpg,0,3,3,0.1790582537651062,0.15671922266483307,0.18271811306476593,0.3000034987926483,0.1815008968114853,3,0.10075302422046661,0.06702035665512085,0.12831221520900726,0.5743573307991028,0.1295570731163025,3,0.10294159501791,0.07127539813518524,0.13610315322875977,0.5508856773376465,0.1387941837310791
8735,image_9525,D:\DataAI\AIEx\newdataset\yolo_f\images\train\Image_9525.jpg,0,3,3,0.1806742548942566,0.15838424861431122,0.1792377084493637,0.29958227276802063,0.18212151527404785,3,0.09871721267700195,0.06763652712106705,0.1201053336262703,0.581683337688446,0.13185758888721466,3,0.10118938982486725,0.07133329659700394,0.12972716987133026,0.5565893650054932,0.14116080105304718
8741,image_9530,D:\DataAI\AIEx\newdataset\yolo_f\images\train\Image_9530.jpg,0,3,3,0.1828998178243637,0.1569332331418991,0.17695724964141846,0.3075282573699951,0.17568136751651764,3,0.10013586282730103,0.06672840565443039,0.11894603818655014,0.5957652926445007,0.1184244304895401,3,0.1017395406961441,0.07023801654577255,0.1301361471414566,0.5710874199867249,0.12679891288280487
8755,image_9543,D:\DataAI\AIEx\newdataset\yolo_f\images\train\Image_9543.jpg,0,3,3,0.18387103080749512,0.15182816982269287,0.1752079874277115,0.30840906500816345,0.1806837022304535,3,0.1019187942147255,0.0646287128329277,0.11728372424840927,0.5886613726615906,0.12750747799873352,3,0.1038399338722229,0.06889378279447556,0.12736570835113525,0.5630005598068237,0.13690006732940674
8759,image_9547,D:\DataAI\AIEx\newdataset\yolo_f\images\train\Image_9547.jpg,0,3,3,0.16691023111343384,0.1631123423576355,0.1656624674797058,0.3032536208629608,0.20106130838394165,3,0.08776991069316864,0.07211624085903168,0.11932667344808578,0.5792672038078308,0.1415199339389801,3,0.08967088907957077,0.07522115856409073,0.12919577956199646,0.5542318820953369,0.15168030560016632
8760,image_9548,D:\DataAI\AIEx\newdataset\yolo_f\images\train\Image_9548.jpg,0,3,3,0.1737092137336731,0.15919268131256104,0.16691668331623077,0.3051159679889679,0.19506540894508362,3,0.08973578363656998,0.0739646628499031,0.11701643466949463,0.5848895907402039,0.13439352810382843,3,0.09397973865270615,0.07659760862588882,0.1258246898651123,0.56142657995224,0.14217136800289154
8761,image_9549,D:\DataAI\AIEx\newdataset\yolo_f\images\train\Image_9549.jpg,0,3,3,0.16941677033901215,0.1576000154018402,0.17682558298110962,0.3018680512905121,0.19428960978984833,3,0.08768007904291153,0.06615294516086578,0.11901850253343582,0.5903266668319702,0.13682180643081665,3,0.0894702821969986,0.06983493268489838,0.13012100756168365,0.5640790462493896,0.14649471640586853
8763,image_9550,D:\DataAI\AIEx\newdataset\yolo_f\images\train\Image_9550.jpg,0,3,3,0.16586369276046753,0.16471226513385773,0.18163982033729553,0.2951604723930359,0.19262373447418213,3,0.08599846810102463,0.07287856936454773,0.13808573782444,0.5596657395362854,0.14337149262428284,3,0.08818677067756653,0.0762263610959053,0.1478693038225174,0.5355908274650574,0.15212666988372803
8776,image_9562,D:\DataAI\AIEx\newdataset\yolo_f\images\train\Image_9562.jpg,0,3,3,0.17379024624824524,0.18530502915382385,0.1658725142478943,0.2947673797607422,0.18026487529277802,3,0.09580684453248978,0.08258633315563202,0.12603239715099335,0.5666959285736084,0.12887844443321228,3,0.09935211390256882,0.08496100455522537,0.13385671377182007,0.5460809469223022,0.13574926555156708
8779,image_9565,D:\DataAI\AIEx\newdataset\yolo_f\images\train\Image_9565.jpg,0,3,3,0.17827986180782318,0.178391695022583,0.1685582399368286,0.29646435379981995,0.17830587923526764,3,0.1032126322388649,0.08024126291275024,0.1282978355884552,0.5664764642715454,0.12177185714244843,3,0.10591418296098709,0.08168911188840866,0.13668525218963623,0.5478951334953308,0.127816304564476
8784,image_957,D:\DataAI\AIEx\newdataset\yolo_f\images\train\Image_957.jpg,0,0,0,0.341498464345932,0.17176558077335358,0.17388316988945007,0.14696979522705078,0.16588301956653595,0,0.6207764148712158,0.1103847399353981,0.0928734689950943,0.08874266594648361,0.0872226431965828,0,0.6270455121994019,0.10904746502637863,0.09138640761375427,0.08801779896020889,0.08450281620025635
8790,image_9575,D:\DataAI\AIEx\newdataset\yolo_f\images\train\Image_9575.jpg,0,3,3,0.16868709027767181,0.16866417229175568,0.1828511357307434,0.30213215947151184,0.17766544222831726,3,0.09809255599975586,0.07470627874135971,0.14400902390480042,0.5549470782279968,0.128245010972023,3,0.10087858140468597,0.07595042139291763,0.15147189795970917,0.5375967621803284,0.13410231471061707
8792,image_9577,D:\DataAI\AIEx\newdataset\yolo_f\images\train\Image_9577.jpg,0,3,3,0.1872946321964264,0.1616658717393875,0.16730676591396332,0.2987014651298523,0.18503129482269287,3,0.10649506002664566,0.06846337020397186,0.11016754060983658,0.5788655281066895,0.13600851595401764,3,0.1096019297838211,0.07221147418022156,0.1190786063671112,0.5571618676185608,0.14194612205028534
8802,image_9586,D:\DataAI\AIEx\newdataset\yolo_f\images\train\Image_9586.jpg,0,3,3,0.17154963314533234,0.18265211582183838,0.17337030172348022,0.2974388301372528,0.17498916387557983,3,0.09483566135168076,0.0745982974767685,0.12248443067073822,0.5893892645835876,0.1186923235654831,3,0.09728191047906876,0.07654838263988495,0.1307602822780609,0.5697932839393616,0.12561620771884918
8804,image_9588,D:\DataAI\AIEx\newdataset\yolo_f\images\train\Image_9588.jpg,0,3,3,0.17336732149124146,0.18226706981658936,0.16630467772483826,0.29734694957733154,0.18071404099464417,3,0.0910523310303688,0.0770493596792221,0.11964194476604462,0.5905455946922302,0.12171075493097305,3,0.0945013090968132,0.07876700907945633,0.12502478063106537,0.5764641165733337,0.12524279952049255
8809,image_9593,D:\DataAI\AIEx\newdataset\yolo_f\images\train\Image_9593.jpg,0,3,3,0.19323250651359558,0.14608757197856903,0.1590339094400406,0.3181716799736023,0.1834743320941925,3,0.10129044950008392,0.06422276049852371,0.1150982528924942,0.5985318422317505,0.12085667997598648,3,0.10545498132705688,0.06489671766757965,0.12558364868164062,0.5796215534210205,0.12444309890270233
8814,image_9598,D:\DataAI\AIEx\newdataset\yolo_f\images\train\Image_9598.jpg,0,3,3,0.17352424561977386,0.14169839024543762,0.19156420230865479,0.2985146939754486,0.19469845294952393,3,0.08690682798624039,0.06022855266928673,0.1394949108362198,0.5693090558052063,0.14406071603298187,3,0.09025445580482483,0.06414135545492172,0.1452447474002838,0.5482940673828125,0.15206538140773773
8824,image_9606,D:\DataAI\AIEx\newdataset\yolo_f\images\train\Image_9606.jpg,0,3,3,0.17309977114200592,0.160553976893425,0.18015961349010468,0.30165964365005493,0.18452702462673187,3,0.08861663937568665,0.07198704779148102,0.14468741416931152,0.572543203830719,0.1221657246351242,3,0.09304749965667725,0.07463943213224411,0.1494831144809723,0.5547142028808594,0.12811580300331116
8829,image_9610,D:\DataAI\AIEx\newdataset\yolo_f\images\train\Image_9610.jpg,0,3,3,0.1751885712146759,0.1537514477968216,0.18049386143684387,0.30627235770225525,0.184293732047081,3,0.09016066789627075,0.0672934278845787,0.14006423950195312,0.5855538249015808,0.116927869617939,3,0.0935588851571083,0.07020372897386551,0.1466675102710724,0.5665086507797241,0.12306120991706848
8837,image_9618,D:\DataAI\AIEx\newdataset\yolo_f\images\train\Image_9618.jpg,0,3,3,0.16516168415546417,0.15223318338394165,0.19096393883228302,0.3062770664691925,0.18536406755447388,3,0.08459655940532684,0.06573639065027237,0.13704855740070343,0.5828094482421875,0.12980905175209045,3,0.08723689615726471,0.06862688809633255,0.14786478877067566,0.5597731471061707,0.13649828732013702
8838,image_9619,D:\DataAI\AIEx\newdataset\yolo_f\images\train\Image_9619.jpg,0,3,3,0.16529585421085358,0.15710394084453583,0.18777236342430115,0.3061927855014801,0.18363510072231293,3,0.08572578430175781,0.06847196072340012,0.13625866174697876,0.5849511027336121,0.12459254264831543,3,0.08844377100467682,0.07124148309230804,0.14676208794116974,0.5620810389518738,0.13147155940532684
8848,image_9629,D:\DataAI\AIEx\newdataset\yolo_f\images\train\Image_9629.jpg,0,3,3,0.18881483376026154,0.15056422352790833,0.17521122097969055,0.29855862259864807,0.1868511140346527,3,0.1140868291258812,0.0676407665014267,0.12106488645076752,0.5598487257957458,0.13735878467559814,3,0.11622832715511322,0.06987521797418594,0.12948636710643768,0.5429503321647644,0.14145977795124054
8852,image_9633,D:\DataAI\AIEx\newdataset\yolo_f\images\train\Image_9633.jpg,0,3,3,0.2021353542804718,0.13703560829162598,0.176418274641037,0.3048468828201294,0.17956389486789703,3,0.12150125205516815,0.0641004741191864,0.12024490535259247,0.567125141620636,0.12702824175357819,3,0.12295623123645782,0.0661010891199112,0.1290358155965805,0.5508261322975159,0.13108070194721222
8854,image_9635,D:\DataAI\AIEx\newdataset\yolo_f\images\train\Image_9635.jpg,0,3,3,0.19008974730968475,0.1488664597272873,0.1751175820827484,0.3015678822994232,0.18435834348201752,3,0.11351892352104187,0.07076267898082733,0.12173347175121307,0.5631182193756104,0.13086670637130737,3,0.11452372372150421,0.07261543720960617,0.1305215060710907,0.5457596182823181,0.1365797519683838
8864,image_9645,D:\DataAI\AIEx\newdataset\yolo_f\images\train\Image_9645.jpg,0,3,3,0.17964106798171997,0.1753080040216446,0.16452986001968384,0.30840158462524414,0.17211952805519104,3,0.10094304382801056,0.0806855633854866,0.12922267615795135,0.565064549446106,0.1240842416882515,3,0.1040201410651207,0.08425339311361313,0.13597603142261505,0.546345591545105,0.12940487265586853
8866,image_9647,D:\DataAI\AIEx\newdataset\yolo_f\images\train\Image_9647.jpg,0,3,3,0.17454218864440918,0.17089875042438507,0.17386290431022644,0.30213749408721924,0.17855866253376007,3,0.10018855333328247,0.08237124979496002,0.15024475753307343,0.5372722148895264,0.12992322444915771,3,0.10368523001670837,0.08505989611148834,0.156900554895401,0.5191914439201355,0.13516287505626678
8869,image_965,D:\DataAI\AIEx\newdataset\yolo_f\images\train\Image_965.jpg,0,0,0,0.3616984188556671,0.12283119559288025,0.16694530844688416,0.17684245109558105,0.17168264091014862,0,0.5817297101020813,0.07739899307489395,0.10912938416004181,0.12064196914434433,0.11109995096921921,0,0.587835431098938,0.07562775909900665,0.10829746723175049,0.11879807710647583,0.10944132506847382
8873,image_9653,D:\DataAI\AIEx\newdataset\yolo_f\images\train\Image_9653.jpg,0,3,3,0.1882486492395401,0.15352608263492584,0.17066791653633118,0.30674296617507935,0.18081435561180115,3,0.10514651238918304,0.07044930011034012,0.12939795851707458,0.5726652145385742,0.12234099209308624,3,0.1090986579656601,0.07259728014469147,0.13749755918979645,0.5536881685256958,0.12711836397647858
8878,image_9658,D:\DataAI\AIEx\newdataset\yolo_f\images\train\Image_9658.jpg,0,3,3,0.19231271743774414,0.1466847062110901,0.17878690361976624,0.30279213190078735,0.179423525929451,3,0.10836856812238693,0.06337345391511917,0.12260723859071732,0.5801427364349365,0.12550802528858185,3,0.11027906835079193,0.06576352566480637,0.13252557814121246,0.5585386157035828,0.13289320468902588
8883,image_9663,D:\DataAI\AIEx\newdataset\yolo_f\images\train\Image_9663.jpg,0,3,3,0.19283729791641235,0.1558060497045517,0.18021754920482635,0.2968229651451111,0.1743161380290985,3,0.11009224504232407,0.06780765950679779,0.12274766713380814,0.5697612166404724,0.1295911818742752,3,0.11098424345254898,0.06997992843389511,0.13245972990989685,0.5496058464050293,0.13697026669979095
8889,image_9669,D:\DataAI\AIEx\newdataset\yolo_f\images\train\Image_9669.jpg,0,3,3,0.1819635033607483,0.16451619565486908,0.17106087505817413,0.304543673992157,0.17791572213172913,3,0.10280077904462814,0.0712563544511795,0.12010030448436737,0.5832157731056213,0.12262687087059021,3,0.10398884117603302,0.0744529515504837,0.12911050021648407,0.5629488825798035,0.12949876487255096
8896,image_9675,D:\DataAI\AIEx\newdataset\yolo_f\images\train\Image_9675.jpg,0,3,3,0.17310728132724762,0.16189011931419373,0.17229919135570526,0.3210143744945526,0.17168903350830078,3,0.09680961072444916,0.06760454177856445,0.12369828671216965,0.5838675498962402,0.12801997363567352,3,0.09728626161813736,0.07066751271486282,0.13443896174430847,0.5624387264251709,0.13516859710216522
8897,image_9676,D:\DataAI\AIEx\newdataset\yolo_f\images\train\Image_9676.jpg,0,3,3,0.183798685669899,0.1752466857433319,0.16454070806503296,0.3042144179344177,0.17219945788383484,3,0.10764509439468384,0.07966766506433487,0.1169264167547226,0.5745574831962585,0.12120333313941956,3,0.10782593488693237,0.08284197002649307,0.12686698138713837,0.5544670224189758,0.12799805402755737
8899,image_9678,D:\DataAI\AIEx\newdataset\yolo_f\images\train\Image_9678.jpg,0,3,3,0.1863020807504654,0.17429132759571075,0.16751769185066223,0.30447959899902344,0.1674092710018158,3,0.11222396790981293,0.07746002078056335,0.12155282497406006,0.5695714950561523,0.11919167637825012,3,0.11182890832424164,0.08045613765716553,0.13168098032474518,0.5498117208480835,0.12622225284576416
8908,image_9687,D:\DataAI\AIEx\newdataset\yolo_f\images\train\Image_9687.jpg,0,3,3,0.1715984344482422,0.1645047962665558,0.17271320521831512,0.3264363706111908,0.16474725306034088,3,0.10551054030656815,0.10209067910909653,0.15189309418201447,0.5133983492851257,0.12710727751255035,3,0.10746351629495621,0.104555144906044,0.15978601574897766,0.49475935101509094,0.1334359347820282
8910,image_9689,D:\DataAI\AIEx\newdataset\yolo_f\images\train\Image_9689.jpg,0,3,3,0.16997303068637848,0.16227476298809052,0.17477700114250183,0.3285897970199585,0.1643853783607483,3,0.1061217412352562,0.09870272874832153,0.15031597018241882,0.5169375538825989,0.12792204320430756,3,0.10802190005779266,0.10148685425519943,0.15803992748260498,0.49891018867492676,0.13354115188121796
8917,image_9695,D:\DataAI\AIEx\newdataset\yolo_f\images\train\Image_9695.jpg,0,3,3,0.18080288171768188,0.1468183994293213,0.17686085402965546,0.33577635884284973,0.15974143147468567,3,0.10834381729364395,0.0818106159567833,0.14603982865810394,0.5355802178382874,0.12822550535202026,3,0.10870487987995148,0.08453984558582306,0.15443481504917145,0.5179609656333923,0.13435949385166168
8920,image_9698,D:\DataAI\AIEx\newdataset\yolo_f\images\train\Image_9698.jpg,0,3,3,0.1821514070034027,0.1385282427072525,0.19270846247673035,0.33064258098602295,0.1559692621231079,3,0.11702704429626465,0.07231344282627106,0.15160992741584778,0.5468548536300659,0.11219476908445358,3,0.11714969575405121,0.07389337569475174,0.16113349795341492,0.5303385853767395,0.11748487502336502
8928,image_9705,D:\DataAI\AIEx\newdataset\yolo_f\images\train\Image_9705.jpg,0,3,3,0.18003858625888824,0.14295817911624908,0.1856740266084671,0.3112359046936035,0.18009328842163086,3,0.1046721413731575,0.0628802701830864,0.14333629608154297,0.5541044473648071,0.13500680029392242,3,0.10722854733467102,0.06465969979763031,0.15335682034492493,0.534103274345398,0.140651673078537
8937,image_9712,D:\DataAI\AIEx\newdataset\yolo_f\images\train\Image_9712.jpg,0,3,3,0.1836877018213272,0.14907293021678925,0.17918504774570465,0.3091704845428467,0.1788838505744934,3,0.10294599086046219,0.06725029647350311,0.12483436614274979,0.5799276232719421,0.12504179775714874,3,0.1053793728351593,0.06919949501752853,0.13383500277996063,0.5597881078720093,0.13179802894592285
8939,image_9714,D:\DataAI\AIEx\newdataset\yolo_f\images\train\Image_9714.jpg,0,3,3,0.17397618293762207,0.16032181680202484,0.18714851140975952,0.2958664000034332,0.18268705904483795,3,0.09896586835384369,0.07255489379167557,0.12825453281402588,0.556250810623169,0.1439739167690277,3,0.10353590548038483,0.07504770904779434,0.13545019924640656,0.5373950600624084,0.14857110381126404
8940,image_9715,D:\DataAI\AIEx\newdataset\yolo_f\images\train\Image_9715.jpg,0,3,3,0.17554035782814026,0.159174844622612,0.18552827835083008,0.2982063591480255,0.18155013024806976,3,0.10037809610366821,0.07428506761789322,0.1311086267232895,0.5548622012138367,0.13936598598957062,3,0.10470913350582123,0.07593227177858353,0.13846325874328613,0.5379022359848022,0.14299310743808746
8951,image_9724,D:\DataAI\AIEx\newdataset\yolo_f\images\train\Image_9724.jpg,0,3,3,0.17106442153453827,0.1761322319507599,0.16329196095466614,0.3094847500324249,0.180026575922966,3,0.09844359010457993,0.081987164914608,0.12670929729938507,0.5640764832496643,0.1287834495306015,3,0.1021469458937645,0.08537600189447403,0.13372161984443665,0.5450010299682617,0.13375434279441833
8955,image_9728,D:\DataAI\AIEx\newdataset\yolo_f\images\train\Image_9728.jpg,0,3,3,0.16542668640613556,0.18293900787830353,0.17684949934482574,0.3003859519958496,0.17439888417720795,3,0.09205078333616257,0.08539626747369766,0.14314280450344086,0.5518797039985657,0.12753042578697205,3,0.09657058119773865,0.08811716735363007,0.1490359902381897,0.5343044996261597,0.13197176158428192
8962,image_9735,D:\DataAI\AIEx\newdataset\yolo_f\images\train\Image_9735.jpg,0,3,3,0.16684845089912415,0.16596944630146027,0.17077624797821045,0.3245910108089447,0.17181481420993805,3,0.09460365772247314,0.07412678748369217,0.1348607838153839,0.5807238221168518,0.11568494886159897,3,0.09771217405796051,0.07678196579217911,0.14122089743614197,0.5648441314697266,0.11944082379341125
8963,image_9736,D:\DataAI\AIEx\newdataset\yolo_f\images\train\Image_9736.jpg,0,3,3,0.17122302949428558,0.18169252574443817,0.1558392494916916,0.3126944899559021,0.17855072021484375,3,0.09610902518033981,0.08608382940292358,0.1283009797334671,0.5713022351264954,0.11820389330387115,3,0.09926378726959229,0.08851267397403717,0.13325761258602142,0.5562004446983337,0.12276557087898254
8969,image_9740,D:\DataAI\AIEx\newdataset\yolo_f\images\train\Image_9740.jpg,0,3,3,0.1707734912633896,0.17838458716869354,0.17340606451034546,0.304708868265152,0.17272698879241943,3,0.09721919149160385,0.08206677436828613,0.136795774102211,0.5686931014060974,0.11522513628005981,3,0.10091058164834976,0.08367200195789337,0.14358919858932495,0.551419734954834,0.12040852010250092
8974,image_9745,D:\DataAI\AIEx\newdataset\yolo_f\images\train\Image_9745.jpg,0,3,3,0.16634133458137512,0.18440325558185577,0.1666868031024933,0.3074910640716553,0.17507755756378174,3,0.09544825553894043,0.08370297402143478,0.13409116864204407,0.5737320184707642,0.11302554607391357,3,0.09915902465581894,0.0865299329161644,0.1394592821598053,0.5569043755531311,0.11794736236333847
8976,image_9747,D:\DataAI\AIEx\newdataset\yolo_f\images\train\Image_9747.jpg,0,3,3,0.16359339654445648,0.18484967947006226,0.17778265476226807,0.3030000329017639,0.1707741916179657,3,0.08978527784347534,0.08285093307495117,0.1397436112165451,0.5694823265075684,0.11813781410455704,3,0.09395143389701843,0.08515221625566483,0.14514905214309692,0.5528404116630554,0.12290692329406738
8988,image_9757,D:\DataAI\AIEx\newdataset\yolo_f\images\train\Image_9757.jpg,0,3,3,0.16671721637248993,0.18869449198246002,0.16053953766822815,0.2982020378112793,0.185846745967865,3,0.09841175377368927,0.08914993703365326,0.12543275952339172,0.5669916868209839,0.12001383304595947,3,0.10086885839700699,0.09234214574098587,0.1327209770679474,0.5504282712936401,0.12363970279693604
8989,image_9758,D:\DataAI\AIEx\newdataset\yolo_f\images\train\Image_9758.jpg,0,3,3,0.16932694613933563,0.18747171759605408,0.16456590592861176,0.29858097434043884,0.18005450069904327,3,0.10308625549077988,0.08765891939401627,0.12309005856513977,0.5645166039466858,0.12164819240570068,3,0.10578794032335281,0.09025730192661285,0.13070479035377502,0.5473732352256775,0.12587666511535645
8996,image_9763,D:\DataAI\AIEx\newdataset\yolo_f\images\train\Image_9763.jpg,0,3,3,0.16951756179332733,0.18733739852905273,0.16607016324996948,0.3023398816585541,0.17473500967025757,3,0.09923214465379715,0.08536847680807114,0.11962658166885376,0.5736022591590881,0.12217050045728683,3,0.10308775305747986,0.08855429291725159,0.12696422636508942,0.5559070110321045,0.12548665702342987
9002,image_9769,D:\DataAI\AIEx\newdataset\yolo_f\images\train\Image_9769.jpg,0,3,3,0.18216034770011902,0.14223362505435944,0.18470299243927002,0.318106085062027,0.17279687523841858,3,0.10970816761255264,0.06373946368694305,0.13666224479675293,0.561723530292511,0.1281665861606598,3,0.11119820922613144,0.06580350548028946,0.14628954231739044,0.5409328937530518,0.1357758641242981
9008,image_9773,D:\DataAI\AIEx\newdataset\yolo_f\images\train\Image_9773.jpg,0,3,3,0.1879802644252777,0.12670353055000305,0.18432700634002686,0.319016695022583,0.18197253346443176,3,0.11272541433572769,0.057434797286987305,0.1336701512336731,0.5647860765457153,0.13138356804847717,3,0.11338664591312408,0.05996517464518547,0.1432841569185257,0.5439149737358093,0.13944900035858154
9014,image_9779,D:\DataAI\AIEx\newdataset\yolo_f\images\train\Image_9779.jpg,0,3,3,0.18928588926792145,0.16172762215137482,0.1818792223930359,0.28964072465896606,0.17746660113334656,3,0.11433691531419754,0.07196960598230362,0.12968748807907104,0.5606372952461243,0.12336871027946472,3,0.11582273989915848,0.07433392107486725,0.13846634328365326,0.540804386138916,0.1305726319551468
9017,image_9782,D:\DataAI\AIEx\newdataset\yolo_f\images\train\Image_9782.jpg,0,3,3,0.19338922202587128,0.14858612418174744,0.18918432295322418,0.2920127511024475,0.1768275946378708,3,0.11977610737085342,0.06655359268188477,0.1319429725408554,0.557410717010498,0.12431657314300537,3,0.12109095603227615,0.06905356794595718,0.1404806524515152,0.5376219749450684,0.13175281882286072
9027,image_9792,D:\DataAI\AIEx\newdataset\yolo_f\images\train\Image_9792.jpg,0,3,3,0.19005104899406433,0.13006694614887238,0.18595845997333527,0.3135763108730316,0.1803472489118576,3,0.11267493665218353,0.05830323323607445,0.13869886100292206,0.5506118535995483,0.13971106708049774,3,0.11402983963489532,0.06070166453719139,0.14817841351032257,0.529055118560791,0.1480349749326706
9029,image_9794,D:\DataAI\AIEx\newdataset\yolo_f\images\train\Image_9794.jpg,0,3,3,0.17925116419792175,0.16186688840389252,0.17800001800060272,0.3162939250469208,0.1645880490541458,3,0.10647491365671158,0.07071349769830704,0.14049877226352692,0.5647671222686768,0.11754564940929413,3,0.11003194749355316,0.07253118604421616,0.1489344835281372,0.546525239944458,0.12197720259428024
9035,image_98,D:\DataAI\AIEx\newdataset\yolo_f\images\train\Image_98.jpg,0,1,1,0.23621287941932678,0.3087972402572632,0.14490170776844025,0.13842806220054626,0.17166012525558472,0,0.4004840552806854,0.21879906952381134,0.11252373456954956,0.09744434803724289,0.17074885964393616,0,0.39790794253349304,0.22045296430587769,0.11265531182289124,0.09982103109359741,0.16916276514530182
9038,image_9801,D:\DataAI\AIEx\newdataset\yolo_f\images\train\Image_9801.jpg,0,3,3,0.17515935003757477,0.16267065703868866,0.17409858107566833,0.31238794326782227,0.1756834238767624,3,0.10494818538427353,0.07618790119886398,0.13145725429058075,0.5700237154960632,0.11738289147615433,3,0.10707289725542068,0.07896040380001068,0.14039675891399384,0.5508350729942322,0.12273486703634262
9040,image_9803,D:\DataAI\AIEx\newdataset\yolo_f\images\train\Image_9803.jpg,0,3,3,0.1770527958869934,0.1675051599740982,0.17445024847984314,0.30680763721466064,0.17418412864208221,3,0.10834894329309464,0.07736846804618835,0.1254127323627472,0.5710958242416382,0.11777401715517044,3,0.10992136597633362,0.0803641676902771,0.1337604969739914,0.5526546239852905,0.12329936027526855
9042,image_9805,D:\DataAI\AIEx\newdataset\yolo_f\images\train\Image_9805.jpg,0,3,3,0.17726224660873413,0.16176624596118927,0.15508168935775757,0.31726858019828796,0.18862126767635345,3,0.09507666528224945,0.06244238093495369,0.12009501457214355,0.6090471744537354,0.11333869397640228,3,0.09636000543832779,0.06563744693994522,0.12849219143390656,0.5901699066162109,0.11934050172567368
9050,image_9813,D:\DataAI\AIEx\newdataset\yolo_f\images\train\Image_9813.jpg,0,3,3,0.18535524606704712,0.1590324193239212,0.17044372856616974,0.29905813932418823,0.18611042201519012,3,0.09959046542644501,0.06907252967357635,0.1419648826122284,0.5646956562995911,0.12467652559280396,3,0.10275799036026001,0.07282620668411255,0.15011754631996155,0.5430727601051331,0.13122548162937164
9051,image_9814,D:\DataAI\AIEx\newdataset\yolo_f\images\train\Image_9814.jpg,0,3,3,0.17936104536056519,0.15726839005947113,0.15777282416820526,0.3195359706878662,0.18606172502040863,3,0.09110638499259949,0.06522282212972641,0.1434752643108368,0.5855517387390137,0.11464377492666245,3,0.09339078515768051,0.06916492432355881,0.15026195347309113,0.5664626955986023,0.12071966379880905
9057,image_9820,D:\DataAI\AIEx\newdataset\yolo_f\images\train\Image_9820.jpg,0,3,3,0.18490687012672424,0.14391882717609406,0.20426681637763977,0.28148454427719116,0.18542294204235077,3,0.10060404986143112,0.06244995817542076,0.26887860894203186,0.4552226960659027,0.11284469068050385,3,0.10307370126247406,0.06355266273021698,0.2817956209182739,0.4341425895690918,0.11743545532226562
9060,image_9823,D:\DataAI\AIEx\newdataset\yolo_f\images\train\Image_9823.jpg,0,3,3,0.17515340447425842,0.16783836483955383,0.1465819776058197,0.3298616111278534,0.18056470155715942,3,0.08860573917627335,0.06659133732318878,0.11748550087213516,0.6169503331184387,0.11036714166402817,3,0.09084804356098175,0.06997083127498627,0.12479136884212494,0.5989639163017273,0.11542587727308273
9068,image_9830,D:\DataAI\AIEx\newdataset\yolo_f\images\train\Image_9830.jpg,0,3,3,0.17030948400497437,0.16939710080623627,0.14603286981582642,0.32569068670272827,0.1885698437690735,3,0.09070076793432236,0.07150427997112274,0.11936965584754944,0.6119545698165894,0.1064707487821579,3,0.09315011650323868,0.07498592138290405,0.1319384127855301,0.5844058394432068,0.115519680082798
9069,image_9831,D:\DataAI\AIEx\newdataset\yolo_f\images\train\Image_9831.jpg,0,3,3,0.18631242215633392,0.16604602336883545,0.17113730311393738,0.30558711290359497,0.17091713845729828,3,0.09898971021175385,0.07151386886835098,0.17669233679771423,0.5431032180786133,0.10970088094472885,3,0.10046377778053284,0.0746028795838356,0.18568792939186096,0.5215094685554504,0.11773591488599777
9078,image_984,D:\DataAI\AIEx\newdataset\yolo_f\images\train\Image_984.jpg,0,1,1,0.18916867673397064,0.3185475766658783,0.1581456959247589,0.1548285335302353,0.17930953204631805,0,0.37540972232818604,0.2797391712665558,0.12479701638221741,0.1052110493183136,0.11484303325414658,0,0.37174126505851746,0.2854980528354645,0.12598876655101776,0.10450431704521179,0.11226757615804672
9085,image_9846,D:\DataAI\AIEx\newdataset\yolo_f\images\train\Image_9846.jpg,0,3,3,0.18191638588905334,0.15006139874458313,0.14530378580093384,0.3324185311794281,0.1902998387813568,3,0.09958762675523758,0.06255002319812775,0.12292084842920303,0.6036301851272583,0.11131133884191513,3,0.10201729089021683,0.06570853292942047,0.13083000481128693,0.583452582359314,0.11799166351556778
9091,image_9851,D:\DataAI\AIEx\newdataset\yolo_f\images\train\Image_9851.jpg,0,3,3,0.18369726836681366,0.15670530498027802,0.16382074356079102,0.32079052925109863,0.17498616874217987,3,0.10228364914655685,0.06889191269874573,0.13918137550354004,0.5861985087394714,0.10344454646110535,3,0.10501635819673538,0.07290472090244293,0.15060634911060333,0.5593386292457581,0.1121339350938797
9096,image_9857,D:\DataAI\AIEx\newdataset\yolo_f\images\train\Image_9857.jpg,0,3,3,0.17852920293807983,0.15231652557849884,0.17225240170955658,0.3203383684158325,0.17656353116035461,3,0.0956222265958786,0.06149403005838394,0.17834500968456268,0.5577077865600586,0.10683087259531021,3,0.09904153645038605,0.06492695212364197,0.18723087012767792,0.5350242853164673,0.11377635598182678
9103,image_9863,D:\DataAI\AIEx\newdataset\yolo_f\images\train\Image_9863.jpg,0,3,3,0.1727449595928192,0.1669689565896988,0.16591918468475342,0.32051247358322144,0.17385447025299072,3,0.09875544160604477,0.0734000951051712,0.1335241198539734,0.5783146023750305,0.11600572615861893,3,0.10131725668907166,0.07780919224023819,0.14222867786884308,0.5560312867164612,0.12261360883712769
9108,image_9873,D:\DataAI\AIEx\newdataset\yolo_f\images\train\Image_9873.jpg,0,2,2,0.16988880932331085,0.1593782603740692,0.3201516270637512,0.17397350072860718,0.17660777270793915,2,0.11581991612911224,0.06914880126714706,0.5210096836090088,0.17563076317310333,0.11839085072278976,2,0.11888541281223297,0.06800056993961334,0.5201395750045776,0.17329193651676178,0.11968249082565308
9109,image_9874,D:\DataAI\AIEx\newdataset\yolo_f\images\train\Image_9874.jpg,0,2,2,0.1779768317937851,0.14287206530570984,0.33966952562332153,0.17640328407287598,0.16307823359966278,2,0.11308041960000992,0.06194421276450157,0.5571299195289612,0.16466102004051208,0.10318443924188614,2,0.1146765649318695,0.06055372580885887,0.557796835899353,0.1617562174797058,0.10521665960550308
9120,image_9887,D:\DataAI\AIEx\newdataset\yolo_f\images\train\Image_9887.jpg,0,2,2,0.18118852376937866,0.18854033946990967,0.3058122992515564,0.1698680818080902,0.15459074079990387,2,0.12356295436620712,0.07899156957864761,0.5442978739738464,0.16371814906597137,0.08942942321300507,2,0.12450411915779114,0.08224596828222275,0.5384171009063721,0.16217197477817535,0.09266085922718048
9121,image_9888,D:\DataAI\AIEx\newdataset\yolo_f\images\train\Image_9888.jpg,0,2,2,0.19048750400543213,0.18457067012786865,0.280764639377594,0.18299268186092377,0.16118451952934265,2,0.13136835396289825,0.09749209880828857,0.4598100483417511,0.19729694724082947,0.11403260380029678,2,0.13277669250965118,0.09922059625387192,0.4587126076221466,0.19326642155647278,0.11602360010147095
9125,image_9895,D:\DataAI\AIEx\newdataset\yolo_f\images\train\Image_9895.jpg,0,2,2,0.1806875467300415,0.16164521872997284,0.3255597949028015,0.1573968380689621,0.17471060156822205,2,0.10147269815206528,0.05345747619867325,0.6070180535316467,0.13707596063613892,0.1009758785367012,2,0.10127302259206772,0.05428817495703697,0.60127854347229,0.13798506557941437,0.10517524182796478
9130,image_99,D:\DataAI\AIEx\newdataset\yolo_f\images\train\Image_99.jpg,0,0,0,0.353558212518692,0.21102939546108246,0.1468367874622345,0.15362654626369476,0.13494904339313507,0,0.5016030669212341,0.15060465037822723,0.10447729378938675,0.08814043551683426,0.15517458319664001,0,0.4967370927333832,0.15426956117153168,0.1051410660147667,0.09145738184452057,0.15239492058753967
9138,image_9916,D:\DataAI\AIEx\newdataset\yolo_f\images\train\Image_9916.jpg,0,2,2,0.1843441277742386,0.14386504888534546,0.3127819001674652,0.18706630170345306,0.1719425916671753,2,0.1000281497836113,0.05651450157165527,0.5362831354141235,0.1967840939760208,0.11039020866155624,2,0.10146141797304153,0.05745147541165352,0.5277188420295715,0.19855783879756927,0.11481044441461563
9140,image_9918,D:\DataAI\AIEx\newdataset\yolo_f\images\train\Image_9918.jpg,0,2,2,0.18830588459968567,0.16273267567157745,0.29142048954963684,0.1732589304447174,0.18428200483322144,2,0.1013982892036438,0.06530703604221344,0.5249890685081482,0.19920648634433746,0.10909918695688248,2,0.1022116020321846,0.067108653485775,0.517888069152832,0.19942955672740936,0.1133621409535408
9141,image_9920,D:\DataAI\AIEx\newdataset\yolo_f\images\train\Image_9920.jpg,0,2,2,0.18330781161785126,0.1548961102962494,0.3095102310180664,0.17971473932266235,0.1725711226463318,2,0.09761513024568558,0.059698641300201416,0.5365230441093445,0.1960112750530243,0.11015190929174423,2,0.098093681037426,0.06118273735046387,0.5310723781585693,0.19481737911701202,0.11483383923768997
9145,image_9924,D:\DataAI\AIEx\newdataset\yolo_f\images\train\Image_9924.jpg,0,2,2,0.17962642014026642,0.14996100962162018,0.32463476061820984,0.1675330549478531,0.17824479937553406,2,0.09386089444160461,0.055534545332193375,0.5752823948860168,0.16539624333381653,0.10992593318223953,2,0.09538059681653976,0.056467682123184204,0.5646745562553406,0.16830436885356903,0.11517279595136642
9150,image_9931,D:\DataAI\AIEx\newdataset\yolo_f\images\train\Image_9931.jpg,0,2,2,0.17624765634536743,0.13368360698223114,0.3380914628505707,0.17401890456676483,0.17795833945274353,2,0.09204217791557312,0.048585981130599976,0.5973678231239319,0.1601066291332245,0.1018974632024765,2,0.09408145397901535,0.04966998100280762,0.5891826152801514,0.16070912778377533,0.10635679215192795
9157,image_9938,D:\DataAI\AIEx\newdataset\yolo_f\images\train\Image_9938.jpg,0,2,2,0.17012833058834076,0.126525416970253,0.3530179560184479,0.17056094110012054,0.1797674000263214,2,0.08333265036344528,0.04440631717443466,0.6062997579574585,0.16099898517131805,0.10496233403682709,2,0.08350156247615814,0.044497378170490265,0.6047700643539429,0.15844818949699402,0.1087828278541565
9158,image_9939,D:\DataAI\AIEx\newdataset\yolo_f\images\train\Image_9939.jpg,0,2,2,0.1587173044681549,0.11603610217571259,0.3527061343193054,0.190278559923172,0.1822618693113327,2,0.0783703401684761,0.04618110507726669,0.5908519625663757,0.17390379309654236,0.11069276928901672,2,0.0811748206615448,0.04740254953503609,0.5806877017021179,0.17748168110847473,0.11325322091579437
9163,image_9945,D:\DataAI\AIEx\newdataset\yolo_f\images\train\Image_9945.jpg,0,2,2,0.16975107789039612,0.17722555994987488,0.3114980161190033,0.178142711520195,0.16338269412517548,2,0.10814593732357025,0.07613187283277512,0.5551789402961731,0.14910778403282166,0.11143546551465988,2,0.10938428342342377,0.07472541928291321,0.5529126524925232,0.1478208303451538,0.11515679955482483
9172,image_9954,D:\DataAI\AIEx\newdataset\yolo_f\images\train\Image_9954.jpg,0,2,2,0.18263618648052216,0.1258590966463089,0.33862319588661194,0.17681986093521118,0.1760616898536682,2,0.09047894924879074,0.04583212360739708,0.57941073179245,0.17989449203014374,0.10438372939825058,2,0.09252626448869705,0.04621177911758423,0.5761967897415161,0.177967831492424,0.10709734261035919
9173,image_9955,D:\DataAI\AIEx\newdataset\yolo_f\images\train\Image_9955.jpg,0,2,2,0.1838623583316803,0.12132689356803894,0.33648014068603516,0.18353036046028137,0.17480023205280304,2,0.09008105099201202,0.045904334634542465,0.5731289386749268,0.18150418996810913,0.10938151180744171,2,0.09356524795293808,0.04668872058391571,0.565546452999115,0.18305079638957977,0.11114880442619324
9183,image_9968,D:\DataAI\AIEx\newdataset\yolo_f\images\train\Image_9968.jpg,0,2,2,0.17148669064044952,0.12226051837205887,0.35395634174346924,0.17231111228466034,0.17998526990413666,2,0.08843007683753967,0.049515269696712494,0.5917078852653503,0.1662815809249878,0.10406520217657089,2,0.08981864154338837,0.0503549724817276,0.589830756187439,0.16393408179283142,0.10606157034635544
9187,image_9972,D:\DataAI\AIEx\newdataset\yolo_f\images\train\Image_9972.jpg,0,2,2,0.18425671756267548,0.13351914286613464,0.3331233263015747,0.18121951818466187,0.1678813248872757,2,0.09739594161510468,0.0477566197514534,0.573616623878479,0.18087661266326904,0.1003541648387909,2,0.09942837804555893,0.04833332449197769,0.5705326199531555,0.1780535876750946,0.10365208983421326
9191,image_9976,D:\DataAI\AIEx\newdataset\yolo_f\images\train\Image_9976.jpg,0,2,2,0.18177351355552673,0.14663565158843994,0.3263513147830963,0.17359240353107452,0.1716471016407013,2,0.1011967658996582,0.059044912457466125,0.5730260014533997,0.14857375621795654,0.11815860867500305,2,0.10222750902175903,0.05784081295132637,0.5733453631401062,0.14528340101242065,0.12130284309387207
9199,image_9983,D:\DataAI\AIEx\newdataset\yolo_f\images\train\Image_9983.jpg,0,2,2,0.19180311262607574,0.1280391663312912,0.3310318887233734,0.1644110381603241,0.18471485376358032,2,0.10120811313390732,0.055386822670698166,0.5934348106384277,0.1339234560728073,0.11604680120944977,2,0.1025005653500557,0.055059175938367844,0.5891185998916626,0.13270610570907593,0.12061552703380585
9204,image_9988,D:\DataAI\AIEx\newdataset\yolo_f\images\train\Image_9988.jpg,0,2,2,0.18618492782115936,0.18226009607315063,0.290194571018219,0.16421295702457428,0.17714744806289673,2,0.10493740439414978,0.07695908844470978,0.5317950248718262,0.17886559665203094,0.10744292289018631,2,0.10522966086864471,0.07924527674913406,0.5212149620056152,0.1823849231004715,0.11192519217729568
9211,image_9994,D:\DataAI\AIEx\newdataset\yolo_f\images\train\Image_9994.jpg,0,2,2,0.17381052672863007,0.14529454708099365,0.30808547139167786,0.195024311542511,0.17778514325618744,2,0.09675618261098862,0.06299886107444763,0.4671374261379242,0.26673078536987305,0.10637672245502472,2,0.0956774428486824,0.06393144279718399,0.4682841897010803,0.2623867392539978,0.10972020775079727
